Crash_Ref_Number,Crash_Year,Daytime,Accident_Severity,Light_Conditions,Number_of_Casualties,Road_Surface_Conditions,Road_Type,Speed_limit,Urban_or_Rural_Area,Weather_Conditions,Crash_Year,Age_of_Vehicle,Junction_Location,Vehicle_Manoeuvre,First_Point_of_Impact,count1,count
972,2005,office hours (10-15),Serious,Daylight,1,Dry,One way street,30.0,Urban,Fine no high winds,2005,16.0,Mid Junction - on roundabout or on main road,Going ahead other,Offside,1105,4763
973,2005,night (23-5),Slight,Darkness - lights lit,1,Dry,Single carriageway,30.0,Urban,Fine no high winds,2005,11.0,Mid Junction - on roundabout or on main road,Going ahead other,Offside,8821,4763
974,2005,night (23-5),Serious,Darkness - lights lit,4,Dry,Single carriageway,30.0,Urban,Fine no high winds,2005,4.0,Not at or within 20 metres of junction,Going ahead other,Front,1105,4763
976,2005,afternoon rush (15-19),Slight,Daylight,2,Dry,Dual carriageway,30.0,Urban,Fine no high winds,2005,10.0,Mid Junction - on roundabout or on main road,Waiting to go - held up,Back,8821,851
977,2005,office hours (10-15),Slight,Daylight,1,Dry,One way street,30.0,Urban,Fine no high winds,2005,2.0,Not at or within 20 metres of junction,Reversing,Back,8821,108
982,2005,morning rush (5-10),Slight,Daylight,1,Dry,Single carriageway,30.0,Urban,Fine no high winds,2005,1.0,Cleared junction or waiting/parked at junction exit,Going ahead other,Nearside,8821,4763
983,2005,afternoon rush (15-19),Slight,Daylight,1,Dry,Single carriageway,30.0,Urban,Fine no high winds,2005,3.0,Mid Junction - on roundabout or on main road,Overtaking moving vehicle - offside,Nearside,8821,171
987,2005,afternoon rush (15-19),Slight,Daylight,1,Dry,Single carriageway,30.0,Urban,Fine no high winds,2005,6.0,Approaching junction or waiting/parked at junction approach,Going ahead other,Front,8821,4763
988,2005,evening (19-23),Slight,Daylight,1,Dry,Single carriageway,30.0,Urban,Fine no high winds,2005,6.0,Not at or within 20 metres of junction,Going ahead other,Front,8821,4763
989,2005,morning rush (5-10),Serious,Daylight,1,Dry,Single carriageway,30.0,Urban,Fine no high winds,2005,3.0,Mid Junction - on roundabout or on main road,Parked,Nearside,1105,309
992,2005,evening (19-23),Slight,Darkness - lights lit,1,Wet or damp,One way street,30.0,Urban,Raining no high winds,2005,4.0,Approaching junction or waiting/parked at junction approach,Slowing or stopping,Did not impact,8821,752
994,2005,afternoon rush (15-19),Slight,Daylight,1,Dry,Single carriageway,30.0,Urban,Fine no high winds,2005,3.0,Not at or within 20 metres of junction,Going ahead other,Front,8821,4763
995,2005,office hours (10-15),Slight,Daylight,3,Dry,Single carriageway,30.0,Urban,Fine no high winds,2005,7.0,Mid Junction - on roundabout or on main road,Turning right,Front,8821,1223
998,2005,night (23-5),Slight,Darkness - lights lit,1,Dry,Single carriageway,30.0,Urban,Fine no high winds,2005,1.0,Mid Junction - on roundabout or on main road,Turning right,Front,8821,1223
999,2005,morning rush (5-10),Slight,Daylight,1,Wet or damp,Single carriageway,30.0,Urban,Raining no high winds,2005,5.0,Mid Junction - on roundabout or on main road,Turning right,Nearside,8821,1223
1004,2005,evening (19-23),Slight,Daylight,1,Wet or damp,Single carriageway,30.0,Urban,Raining no high winds,2005,6.0,Mid Junction - on roundabout or on main road,Going ahead other,Front,8821,4763
1007,2005,office hours (10-15),Slight,Daylight,1,Dry,Single carriageway,30.0,Urban,Fine no high winds,2005,2.0,Approaching junction or waiting/parked at junction approach,Changing lane to right,Offside,8821,87
1010,2005,afternoon rush (15-19),Slight,Daylight,1,Dry,Single carriageway,30.0,Urban,Fine no high winds,2005,1.0,Mid Junction - on roundabout or on main road,Going ahead other,Front,8821,4763
1011,2005,morning rush (5-10),Serious,Daylight,1,Dry,Dual carriageway,30.0,Urban,Fine no high winds,2005,6.0,Not at or within 20 metres of junction,Waiting to go - held up,Nearside,1105,851
1015,2005,office hours (10-15),Slight,Daylight,2,Dry,Dual carriageway,30.0,Urban,Fine no high winds,2005,3.0,Mid Junction - on roundabout or on main road,Going ahead other,Offside,8821,4763
1016,2005,office hours (10-15),Slight,Daylight,2,Dry,Dual carriageway,30.0,Urban,Fine no high winds,2005,3.0,Mid Junction - on roundabout or on main road,Turning right,Front,8821,1223
1017,2005,afternoon rush (15-19),Slight,Daylight,1,Dry,Single carriageway,30.0,Urban,Fine no high winds,2005,1.0,Approaching junction or waiting/parked at junction approach,Going ahead other,Nearside,8821,4763
1023,2005,afternoon rush (15-19),Serious,Daylight,1,Dry,Dual carriageway,30.0,Urban,Fine no high winds,2005,7.0,Not at or within 20 metres of junction,U-turn,Did not impact,1105,146
1024,2005,office hours (10-15),Slight,Daylight,1,Dry,One way street,30.0,Urban,Fine no high winds,2005,7.0,Mid Junction - on roundabout or on main road,Waiting to go - held up,Back,8821,851
1027,2005,afternoon rush (15-19),Slight,Daylight,1,Dry,Single carriageway,30.0,Urban,Fine no high winds,2005,1.0,Mid Junction - on roundabout or on main road,Turning right,Front,8821,1223
1028,2005,afternoon rush (15-19),Slight,Daylight,1,Dry,Single carriageway,30.0,Urban,Fine no high winds,2005,1.0,Mid Junction - on roundabout or on main road,Overtaking - nearside,Offside,8821,69
1029,2005,office hours (10-15),Slight,Daylight,1,Wet or damp,Single carriageway,30.0,Urban,Fine no high winds,2005,3.0,Mid Junction - on roundabout or on main road,Turning right,Offside,8821,1223
1038,2005,office hours (10-15),Slight,Daylight,1,Dry,Single carriageway,30.0,Urban,Fine no high winds,2005,8.0,Cleared junction or waiting/parked at junction exit,Turning right,Front,8821,1223
1039,2005,evening (19-23),Slight,Daylight,1,Dry,Single carriageway,30.0,Urban,Fine no high winds,2005,5.0,Mid Junction - on roundabout or on main road,Turning left,Offside,8821,324
1047,2005,office hours (10-15),Slight,Daylight,1,Dry,Single carriageway,30.0,Urban,Fine no high winds,2005,2.0,Approaching junction or waiting/parked at junction approach,Overtaking static vehicle - offside,Front,8821,147
1049,2005,night (23-5),Slight,Darkness - lights lit,1,Dry,Dual carriageway,30.0,Urban,Fine no high winds,2005,1.0,Mid Junction - on roundabout or on main road,Going ahead other,Offside,8821,4763
1053,2005,evening (19-23),Slight,Daylight,1,Dry,Single carriageway,30.0,Urban,Fine no high winds,2005,1.0,Mid Junction - on roundabout or on main road,Going ahead other,Front,8821,4763
1054,2005,evening (19-23),Slight,Daylight,1,Dry,Single carriageway,30.0,Urban,Fine no high winds,2005,1.0,Mid Junction - on roundabout or on main road,Turning right,Nearside,8821,1223
1055,2005,office hours (10-15),Slight,Daylight,1,Dry,Single carriageway,30.0,Urban,Fine no high winds,2005,3.0,Not at or within 20 metres of junction,Overtaking static vehicle - offside,Nearside,8821,147
1056,2005,office hours (10-15),Slight,Daylight,1,Dry,Single carriageway,30.0,Urban,Fine no high winds,2005,11.0,Not at or within 20 metres of junction,Changing lane to right,Offside,8821,87
1062,2005,night (23-5),Slight,Darkness - lights lit,1,Dry,Single carriageway,30.0,Urban,Fine no high winds,2005,2.0,Cleared junction or waiting/parked at junction exit,Slowing or stopping,Back,8821,752
1065,2005,office hours (10-15),Slight,Daylight,1,Dry,One way street,30.0,Urban,Fine no high winds,2005,6.0,Approaching junction or waiting/parked at junction approach,Overtaking static vehicle - offside,Nearside,8821,147
1067,2005,evening (19-23),Slight,Darkness - lights lit,1,Dry,Single carriageway,30.0,Urban,Fine no high winds,2005,1.0,Approaching junction or waiting/parked at junction approach,Slowing or stopping,Back,8821,752
1073,2005,afternoon rush (15-19),Slight,Daylight,1,Dry,Dual carriageway,30.0,Urban,Fine no high winds,2005,15.0,Mid Junction - on roundabout or on main road,Going ahead other,Front,8821,4763
1083,2005,office hours (10-15),Slight,Daylight,1,Wet or damp,Single carriageway,30.0,Urban,Raining no high winds,2005,1.0,Not at or within 20 metres of junction,Moving off,Nearside,8821,251
1085,2005,morning rush (5-10),Serious,Daylight,2,Dry,Single carriageway,30.0,Urban,Fine no high winds,2005,8.0,Mid Junction - on roundabout or on main road,Turning right,Front,1105,1223
1088,2005,office hours (10-15),Slight,Daylight,1,Dry,Single carriageway,30.0,Urban,Fine no high winds,2005,3.0,Mid Junction - on roundabout or on main road,Turning right,Front,8821,1223
1094,2005,morning rush (5-10),Slight,Daylight,1,Dry,Dual carriageway,30.0,Urban,Fine no high winds,2005,2.0,Approaching junction or waiting/parked at junction approach,Going ahead other,Offside,8821,4763
1095,2005,evening (19-23),Slight,Darkness - lights lit,1,Dry,Single carriageway,30.0,Urban,Fine no high winds,2005,7.0,Not at or within 20 metres of junction,Going ahead other,Front,8821,4763
1105,2005,morning rush (5-10),Slight,Daylight,1,Dry,Single carriageway,30.0,Urban,Fine no high winds,2005,4.0,Mid Junction - on roundabout or on main road,Turning right,Offside,8821,1223
1106,2005,office hours (10-15),Slight,Daylight,1,Dry,Dual carriageway,30.0,Urban,Fine no high winds,2005,1.0,Cleared junction or waiting/parked at junction exit,Going ahead other,Front,8821,4763
1108,2005,afternoon rush (15-19),Slight,Daylight,1,Dry,Single carriageway,30.0,Urban,Fine no high winds,2005,5.0,Approaching junction or waiting/parked at junction approach,Overtaking static vehicle - offside,Offside,8821,147
1109,2005,afternoon rush (15-19),Slight,Daylight,1,Dry,Single carriageway,30.0,Urban,Fine no high winds,2005,1.0,Not at or within 20 metres of junction,Going ahead other,Front,8821,4763
1116,2005,morning rush (5-10),Slight,Daylight,1,Dry,Single carriageway,30.0,Urban,Fine no high winds,2005,8.0,Mid Junction - on roundabout or on main road,Going ahead other,Front,8821,4763
1120,2005,afternoon rush (15-19),Slight,Daylight,1,Dry,Single carriageway,30.0,Urban,Fine no high winds,2005,6.0,Not at or within 20 metres of junction,Going ahead other,Front,8821,4763
1121,2005,morning rush (5-10),Slight,Daylight,1,Dry,Single carriageway,30.0,Urban,Fine no high winds,2005,3.0,Mid Junction - on roundabout or on main road,Turning right,Front,8821,1223
1123,2005,night (23-5),Slight,Darkness - lights lit,1,Dry,Roundabout,30.0,Urban,Fine no high winds,2005,4.0,Mid Junction - on roundabout or on main road,Going ahead right-hand bend,Front,8821,242
1127,2005,afternoon rush (15-19),Slight,Daylight,1,Dry,Single carriageway,30.0,Urban,Fine no high winds,2005,9.0,Mid Junction - on roundabout or on main road,Going ahead other,Offside,8821,4763
1129,2005,evening (19-23),Slight,Daylight,1,Dry,Single carriageway,30.0,Urban,Fine no high winds,2005,2.0,Approaching junction or waiting/parked at junction approach,Slowing or stopping,Did not impact,8821,752
1130,2005,evening (19-23),Slight,Darkness - lights lit,1,Wet or damp,Single carriageway,30.0,Urban,Raining no high winds,2005,9.0,Not at or within 20 metres of junction,Going ahead other,Front,8821,4763
1133,2005,evening (19-23),Slight,Darkness - lights lit,1,Dry,One way street,30.0,Urban,Fine no high winds,2005,1.0,Not at or within 20 metres of junction,Going ahead other,Nearside,8821,4763
1134,2005,afternoon rush (15-19),Slight,Daylight,1,Dry,Single carriageway,30.0,Urban,Fine no high winds,2005,1.0,Not at or within 20 metres of junction,Going ahead other,Front,8821,4763
1136,2005,office hours (10-15),Slight,Daylight,1,Dry,Single carriageway,30.0,Urban,Fine no high winds,2005,8.0,Mid Junction - on roundabout or on main road,Going ahead other,Front,8821,4763
1139,2005,morning rush (5-10),Slight,Darkness - lights lit,1,Dry,Single carriageway,30.0,Urban,Fine no high winds,2005,10.0,Mid Junction - on roundabout or on main road,Turning right,Offside,8821,1223
1142,2005,evening (19-23),Slight,Darkness - lights lit,1,Dry,Single carriageway,30.0,Urban,Fine no high winds,2005,2.0,Approaching junction or waiting/parked at junction approach,Moving off,Back,8821,251
1143,2005,office hours (10-15),Slight,Daylight,1,Dry,Single carriageway,30.0,Urban,Fine no high winds,2005,1.0,Mid Junction - on roundabout or on main road,Turning left,Front,8821,324
1146,2005,office hours (10-15),Slight,Daylight,1,Dry,Single carriageway,30.0,Urban,Fine no high winds,2005,4.0,Approaching junction or waiting/parked at junction approach,Going ahead other,Front,8821,4763
1147,2005,night (23-5),Slight,Darkness - lights lit,2,Dry,Single carriageway,30.0,Urban,Fine no high winds,2005,4.0,Mid Junction - on roundabout or on main road,Going ahead other,Offside,8821,4763
1148,2005,night (23-5),Slight,Darkness - lights lit,2,Dry,Single carriageway,30.0,Urban,Fine no high winds,2005,7.0,Mid Junction - on roundabout or on main road,Turning right,Offside,8821,1223
1149,2005,office hours (10-15),Serious,Daylight,1,Dry,Single carriageway,30.0,Urban,Fine no high winds,2005,7.0,Not at or within 20 metres of junction,Going ahead other,Offside,1105,4763
1150,2005,office hours (10-15),Serious,Daylight,1,Dry,Single carriageway,30.0,Urban,Fine no high winds,2005,2.0,Not at or within 20 metres of junction,Overtaking moving vehicle - offside,Nearside,1105,171
1158,2005,night (23-5),Slight,Darkness - lights lit,1,Dry,Single carriageway,30.0,Urban,Fine no high winds,2005,9.0,Approaching junction or waiting/parked at junction approach,Moving off,Nearside,8821,251
1159,2005,night (23-5),Slight,Darkness - lights lit,2,Dry,Single carriageway,30.0,Urban,Fine no high winds,2005,3.0,Approaching junction or waiting/parked at junction approach,Going ahead other,Front,8821,4763
1164,2005,afternoon rush (15-19),Serious,Daylight,1,Dry,Single carriageway,30.0,Urban,Fine no high winds,2005,1.0,Not at or within 20 metres of junction,Slowing or stopping,Offside,1105,752
1165,2005,afternoon rush (15-19),Serious,Daylight,1,Dry,Single carriageway,30.0,Urban,Fine no high winds,2005,3.0,Not at or within 20 metres of junction,Changing lane to left,Nearside,1105,76
1168,2005,afternoon rush (15-19),Serious,Daylight,1,Dry,Single carriageway,30.0,Urban,Fine no high winds,2005,2.0,Cleared junction or waiting/parked at junction exit,Moving off,Back,1105,251
1175,2005,morning rush (5-10),Slight,Daylight,2,Dry,One way street,30.0,Urban,Fine no high winds,2005,2.0,Mid Junction - on roundabout or on main road,Going ahead other,Offside,8821,4763
1176,2005,afternoon rush (15-19),Slight,Daylight,1,Dry,Single carriageway,30.0,Urban,Fine no high winds,2005,14.0,Cleared junction or waiting/parked at junction exit,Slowing or stopping,Front,8821,752
1179,2005,afternoon rush (15-19),Slight,Daylight,1,Dry,Single carriageway,30.0,Urban,Fine no high winds,2005,12.0,Mid Junction - on roundabout or on main road,Going ahead other,Front,8821,4763
1181,2005,afternoon rush (15-19),Slight,Daylight,1,Dry,Dual carriageway,30.0,Urban,Fine no high winds,2005,6.0,Approaching junction or waiting/parked at junction approach,Slowing or stopping,Did not impact,8821,752
1184,2005,morning rush (5-10),Slight,Daylight,1,Dry,One way street,30.0,Urban,Fine no high winds,2005,2.0,Cleared junction or waiting/parked at junction exit,Going ahead other,Nearside,8821,4763
1186,2005,evening (19-23),Slight,Darkness - lights lit,1,Dry,Single carriageway,30.0,Urban,Fine no high winds,2005,5.0,Cleared junction or waiting/parked at junction exit,Going ahead other,Front,8821,4763
1187,2005,office hours (10-15),Slight,Daylight,1,Dry,Single carriageway,30.0,Urban,Fine no high winds,2005,7.0,Mid Junction - on roundabout or on main road,Going ahead other,Front,8821,4763
1188,2005,evening (19-23),Slight,Darkness - lights lit,1,Dry,Single carriageway,30.0,Urban,Fine no high winds,2005,8.0,Mid Junction - on roundabout or on main road,Turning right,Offside,8821,1223
1191,2005,night (23-5),Slight,Darkness - lights lit,1,Dry,One way street,30.0,Urban,Fine no high winds,2005,9.0,Mid Junction - on roundabout or on main road,Turning right,Offside,8821,1223
1194,2005,morning rush (5-10),Slight,Daylight,1,Dry,Single carriageway,30.0,Urban,Fine no high winds,2005,2.0,Cleared junction or waiting/parked at junction exit,Going ahead other,Nearside,8821,4763
1195,2005,evening (19-23),Slight,Daylight,3,Dry,Single carriageway,30.0,Urban,Fine no high winds,2005,1.0,Not at or within 20 metres of junction,Slowing or stopping,Back,8821,752
1196,2005,evening (19-23),Slight,Daylight,3,Dry,Single carriageway,30.0,Urban,Fine no high winds,2005,1.0,Not at or within 20 metres of junction,Slowing or stopping,Front,8821,752
1197,2005,morning rush (5-10),Slight,Daylight,1,Dry,Dual carriageway,50.0,Urban,Fine no high winds,2005,4.0,Not at or within 20 metres of junction,Going ahead other,Nearside,8821,4763
1198,2005,office hours (10-15),Slight,Daylight,1,Dry,Single carriageway,30.0,Urban,Fine no high winds,2005,1.0,Not at or within 20 metres of junction,Reversing,Back,8821,108
1199,2005,office hours (10-15),Slight,Daylight,1,Dry,Dual carriageway,30.0,Urban,Fine no high winds,2005,2.0,Approaching junction or waiting/parked at junction approach,Slowing or stopping,Back,8821,752
1200,2005,afternoon rush (15-19),Slight,Daylight,1,Dry,Roundabout,30.0,Urban,Fine no high winds,2005,3.0,Approaching junction or waiting/parked at junction approach,Going ahead left-hand bend,Nearside,8821,228
1204,2005,office hours (10-15),Slight,Daylight,1,Dry,Single carriageway,30.0,Urban,Fine no high winds,2005,3.0,Not at or within 20 metres of junction,Going ahead other,Front,8821,4763
1205,2005,afternoon rush (15-19),Slight,Daylight,2,Wet or damp,Dual carriageway,30.0,Urban,Raining no high winds,2005,2.0,Not at or within 20 metres of junction,Going ahead other,Front,8821,4763
1206,2005,night (23-5),Slight,Darkness - lights lit,1,Dry,Single carriageway,30.0,Urban,Fine no high winds,2005,3.0,Cleared junction or waiting/parked at junction exit,Going ahead other,Front,8821,4763
1207,2005,morning rush (5-10),Slight,Daylight,1,Wet or damp,Single carriageway,30.0,Urban,Raining no high winds,2005,4.0,Cleared junction or waiting/parked at junction exit,Turning left,Nearside,8821,324
1210,2005,night (23-5),Slight,Darkness - lights lit,3,Dry,Single carriageway,30.0,Urban,Fine no high winds,2005,4.0,Mid Junction - on roundabout or on main road,Going ahead other,Front,8821,4763
1212,2005,night (23-5),Serious,Darkness - lights lit,2,Wet or damp,Single carriageway,30.0,Urban,Raining no high winds,2005,4.0,Not at or within 20 metres of junction,Going ahead other,Front,1105,4763
1214,2005,afternoon rush (15-19),Slight,Daylight,1,Dry,Roundabout,30.0,Urban,Fine no high winds,2005,1.0,Approaching junction or waiting/parked at junction approach,Going ahead other,Did not impact,8821,4763
1216,2005,night (23-5),Serious,Darkness - lights lit,1,Dry,Single carriageway,30.0,Urban,Fine no high winds,2005,4.0,Not at or within 20 metres of junction,Moving off,Offside,1105,251
1218,2005,afternoon rush (15-19),Slight,Daylight,1,Dry,Single carriageway,30.0,Urban,Fine no high winds,2005,11.0,Approaching junction or waiting/parked at junction approach,Going ahead other,Front,8821,4763
1220,2005,evening (19-23),Slight,Darkness - lights lit,1,Wet or damp,Dual carriageway,40.0,Urban,Raining no high winds,2005,8.0,Not at or within 20 metres of junction,Going ahead other,Back,8821,4763
1221,2005,evening (19-23),Slight,Darkness - lights lit,1,Wet or damp,Dual carriageway,40.0,Urban,Raining no high winds,2005,5.0,Not at or within 20 metres of junction,Going ahead other,Back,8821,4763
1222,2005,office hours (10-15),Slight,Daylight,1,Dry,Single carriageway,30.0,Urban,Fine no high winds,2005,7.0,Mid Junction - on roundabout or on main road,Turning right,Nearside,8821,1223
1223,2005,afternoon rush (15-19),Slight,Daylight,1,Dry,Single carriageway,30.0,Urban,Fine no high winds,2005,13.0,Mid Junction - on roundabout or on main road,Turning left,Nearside,8821,324
1225,2005,evening (19-23),Slight,Daylight,1,Dry,Single carriageway,30.0,Urban,Fine no high winds,2005,2.0,Mid Junction - on roundabout or on main road,Turning left,Nearside,8821,324
1228,2005,evening (19-23),Slight,Darkness - lights lit,1,Wet or damp,One way street,30.0,Urban,Raining no high winds,2005,2.0,Mid Junction - on roundabout or on main road,Turning left,Front,8821,324
1231,2005,afternoon rush (15-19),Slight,Daylight,1,Wet or damp,Single carriageway,30.0,Urban,Raining no high winds,2005,1.0,Approaching junction or waiting/parked at junction approach,Going ahead other,Front,8821,4763
1234,2005,office hours (10-15),Slight,Daylight,1,Dry,Single carriageway,30.0,Urban,Fine no high winds,2005,1.0,Approaching junction or waiting/parked at junction approach,Going ahead other,Front,8821,4763
1236,2005,evening (19-23),Slight,Daylight,1,Dry,One way street,30.0,Urban,Fine no high winds,2005,14.0,Not at or within 20 metres of junction,Going ahead other,Nearside,8821,4763
1238,2005,office hours (10-15),Slight,Daylight,1,Dry,Single carriageway,30.0,Urban,Fine no high winds,2005,7.0,Mid Junction - on roundabout or on main road,U-turn,Offside,8821,146
1243,2005,afternoon rush (15-19),Slight,Daylight,1,Dry,Single carriageway,30.0,Urban,Fine no high winds,2005,2.0,Approaching junction or waiting/parked at junction approach,Going ahead other,Front,8821,4763
1244,2005,afternoon rush (15-19),Slight,Daylight,1,Wet or damp,Dual carriageway,30.0,Urban,Raining no high winds,2005,5.0,Not at or within 20 metres of junction,Slowing or stopping,Back,8821,752
1245,2005,office hours (10-15),Slight,Daylight,1,Dry,Dual carriageway,30.0,Urban,Fine no high winds,2005,3.0,Mid Junction - on roundabout or on main road,Going ahead other,Did not impact,8821,4763
1246,2005,afternoon rush (15-19),Slight,Daylight,2,Dry,Single carriageway,30.0,Urban,Fine no high winds,2005,3.0,Approaching junction or waiting/parked at junction approach,Going ahead other,Offside,8821,4763
1252,2005,office hours (10-15),Slight,Daylight,1,Dry,Single carriageway,30.0,Urban,Fine no high winds,2005,2.0,Mid Junction - on roundabout or on main road,Going ahead other,Front,8821,4763
1255,2005,morning rush (5-10),Slight,Daylight,1,Dry,Single carriageway,30.0,Urban,Fine no high winds,2005,3.0,Mid Junction - on roundabout or on main road,Going ahead other,Front,8821,4763
1257,2005,night (23-5),Serious,Darkness - lights lit,1,Wet or damp,Single carriageway,30.0,Urban,Raining no high winds,2005,2.0,Cleared junction or waiting/parked at junction exit,Going ahead other,Front,1105,4763
1259,2005,evening (19-23),Slight,Darkness - lights lit,1,Wet or damp,Single carriageway,30.0,Urban,Raining no high winds,2005,3.0,Not at or within 20 metres of junction,Going ahead other,Offside,8821,4763
1262,2005,office hours (10-15),Slight,Daylight,1,Dry,One way street,30.0,Urban,Fine no high winds,2005,2.0,Mid Junction - on roundabout or on main road,Turning right,Offside,8821,1223
1264,2005,office hours (10-15),Slight,Daylight,1,Dry,Dual carriageway,30.0,Urban,Fine no high winds,2005,7.0,Approaching junction or waiting/parked at junction approach,Slowing or stopping,Back,8821,752
1265,2005,evening (19-23),Slight,Darkness - lights lit,2,Dry,Single carriageway,30.0,Urban,Fine no high winds,2005,5.0,Mid Junction - on roundabout or on main road,Going ahead other,Front,8821,4763
1269,2005,morning rush (5-10),Slight,Daylight,1,Wet or damp,Single carriageway,30.0,Urban,Fine no high winds,2005,3.0,Mid Junction - on roundabout or on main road,Turning left,Nearside,8821,324
1270,2005,office hours (10-15),Slight,Daylight,1,Dry,Single carriageway,30.0,Urban,Fine no high winds,2005,1.0,Mid Junction - on roundabout or on main road,Going ahead other,Offside,8821,4763
1272,2005,afternoon rush (15-19),Slight,Daylight,1,Dry,Single carriageway,30.0,Urban,Fine no high winds,2005,1.0,Mid Junction - on roundabout or on main road,Turning left,Nearside,8821,324
1274,2005,afternoon rush (15-19),Slight,Daylight,1,Dry,Single carriageway,30.0,Urban,Fine no high winds,2005,7.0,Cleared junction or waiting/parked at junction exit,Turning left,Front,8821,324
1275,2005,morning rush (5-10),Serious,Daylight,1,Dry,Single carriageway,30.0,Urban,Fine no high winds,2005,7.0,Not at or within 20 metres of junction,Waiting to go - held up,Nearside,1105,851
1277,2005,afternoon rush (15-19),Slight,Daylight,1,Dry,One way street,30.0,Urban,Fine no high winds,2005,1.0,Mid Junction - on roundabout or on main road,Waiting to go - held up,Back,8821,851
1279,2005,afternoon rush (15-19),Slight,Daylight,1,Dry,Single carriageway,30.0,Urban,Fine no high winds,2005,2.0,Mid Junction - on roundabout or on main road,Turning left,Did not impact,8821,324
1280,2005,office hours (10-15),Slight,Daylight,1,Dry,Single carriageway,30.0,Urban,Fine no high winds,2005,3.0,Mid Junction - on roundabout or on main road,Going ahead other,Did not impact,8821,4763
1281,2005,afternoon rush (15-19),Serious,Daylight,1,Dry,Dual carriageway,30.0,Urban,Fine no high winds,2005,1.0,Approaching junction or waiting/parked at junction approach,Going ahead other,Nearside,1105,4763
1285,2005,morning rush (5-10),Slight,Daylight,1,Dry,Single carriageway,30.0,Urban,Fine no high winds,2005,2.0,Mid Junction - on roundabout or on main road,Overtaking - nearside,Offside,8821,69
1287,2005,morning rush (5-10),Slight,Daylight,1,Wet or damp,Single carriageway,30.0,Urban,Fine no high winds,2005,4.0,Approaching junction or waiting/parked at junction approach,Going ahead other,Front,8821,4763
1288,2005,afternoon rush (15-19),Slight,Daylight,1,Dry,Single carriageway,30.0,Urban,Fine no high winds,2005,2.0,Mid Junction - on roundabout or on main road,Going ahead other,Offside,8821,4763
1292,2005,morning rush (5-10),Slight,Daylight,1,Dry,Dual carriageway,30.0,Urban,Fine no high winds,2005,3.0,Not at or within 20 metres of junction,Going ahead other,Front,8821,4763
1295,2005,morning rush (5-10),Slight,Daylight,1,Wet or damp,Single carriageway,30.0,Urban,Raining no high winds,2005,11.0,Approaching junction or waiting/parked at junction approach,Turning right,Front,8821,1223
1296,2005,night (23-5),Slight,Darkness - lights lit,4,Dry,Single carriageway,30.0,Urban,Fine no high winds,2005,5.0,Approaching junction or waiting/parked at junction approach,Going ahead other,Nearside,8821,4763
1302,2005,office hours (10-15),Slight,Daylight,2,Dry,Single carriageway,30.0,Urban,Fine no high winds,2005,7.0,Mid Junction - on roundabout or on main road,Turning left,Nearside,8821,324
1303,2005,office hours (10-15),Slight,Daylight,2,Dry,Single carriageway,30.0,Urban,Fine no high winds,2005,3.0,Mid Junction - on roundabout or on main road,Going ahead other,Offside,8821,4763
1310,2005,office hours (10-15),Slight,Daylight,1,Dry,Single carriageway,30.0,Urban,Fine no high winds,2005,6.0,Not at or within 20 metres of junction,Parked,Back,8821,309
1311,2005,evening (19-23),Slight,Darkness - lights lit,1,Dry,Single carriageway,30.0,Urban,Fine no high winds,2005,4.0,Not at or within 20 metres of junction,Reversing,Back,8821,108
1312,2005,morning rush (5-10),Slight,Darkness - lights lit,1,Wet or damp,Single carriageway,30.0,Urban,Raining no high winds,2005,3.0,Approaching junction or waiting/parked at junction approach,Overtaking moving vehicle - offside,Did not impact,8821,171
1319,2005,evening (19-23),Slight,Darkness - lights lit,1,Dry,Single carriageway,30.0,Urban,Fine no high winds,2005,1.0,Cleared junction or waiting/parked at junction exit,Waiting to go - held up,Back,8821,851
1322,2005,night (23-5),Slight,Darkness - lights lit,1,Dry,Single carriageway,30.0,Urban,Fine no high winds,2005,1.0,Not at or within 20 metres of junction,Waiting to go - held up,Back,8821,851
1324,2005,evening (19-23),Slight,Darkness - lights lit,1,Wet or damp,One way street,30.0,Urban,Raining no high winds,2005,6.0,Not at or within 20 metres of junction,Going ahead other,Front,8821,4763
1328,2005,afternoon rush (15-19),Slight,Daylight,1,Dry,Single carriageway,30.0,Urban,Fine no high winds,2005,4.0,Cleared junction or waiting/parked at junction exit,Turning right,Nearside,8821,1223
1329,2005,evening (19-23),Slight,Daylight,1,Wet or damp,Single carriageway,30.0,Urban,Raining no high winds,2005,8.0,Mid Junction - on roundabout or on main road,Turning right,Offside,8821,1223
1331,2005,office hours (10-15),Slight,Daylight,1,Dry,Single carriageway,30.0,Urban,Fine no high winds,2005,4.0,Not at or within 20 metres of junction,Going ahead other,Front,8821,4763
1333,2005,morning rush (5-10),Serious,Daylight,1,Wet or damp,Single carriageway,30.0,Urban,Raining no high winds,2005,6.0,Approaching junction or waiting/parked at junction approach,Going ahead other,Front,1105,4763
1335,2005,afternoon rush (15-19),Slight,Daylight,1,Dry,Single carriageway,40.0,Urban,Fine no high winds,2005,7.0,Approaching junction or waiting/parked at junction approach,Overtaking moving vehicle - offside,Front,8821,171
1336,2005,morning rush (5-10),Slight,Daylight,1,Dry,One way street,30.0,Urban,Fine no high winds,2005,1.0,Mid Junction - on roundabout or on main road,Moving off,Front,8821,251