Crash_Ref_Number,Crash_Year,Daytime,Accident_Severity,Light_Conditions,Number_of_Casualties,Road_Surface_Conditions,Road_Type,Speed_limit,Urban_or_Rural_Area,Weather_Conditions,Crash_Year,Age_of_Vehicle,Junction_Location,Vehicle_Manoeuvre,First_Point_of_Impact,count1,count
3116,2005,office hours (10-15),Slight,Daylight,1,Dry,Single carriageway,30.0,Urban,Fine no high winds,2005,9.0,Mid Junction - on roundabout or on main road,Waiting to go - held up,Front,8821,851
3117,2005,office hours (10-15),Slight,Daylight,2,Dry,Single carriageway,30.0,Urban,Fine no high winds,2005,9.0,Not at or within 20 metres of junction,Waiting to go - held up,Nearside,8821,851
3119,2005,evening (19-23),Slight,Darkness - lights lit,1,Dry,Dual carriageway,30.0,Urban,Fine no high winds,2005,3.0,Not at or within 20 metres of junction,Overtaking moving vehicle - offside,Offside,8821,171
3122,2005,office hours (10-15),Slight,Daylight,1,Dry,Dual carriageway,30.0,Urban,Fine no high winds,2005,2.0,Not at or within 20 metres of junction,Going ahead other,Offside,8821,4763
3124,2005,morning rush (5-10),Slight,Daylight,1,Dry,Dual carriageway,30.0,Urban,Fine no high winds,2005,1.0,Leaving roundabout,Turning left,Nearside,8821,324
3125,2005,office hours (10-15),Slight,Daylight,1,Dry,Dual carriageway,30.0,Urban,Fine no high winds,2005,2.0,Entering main road,Turning right,Did not impact,8821,1223
3127,2005,morning rush (5-10),Slight,Darkness - lights lit,1,Dry,Single carriageway,30.0,Urban,Fine no high winds,2005,9.0,Not at or within 20 metres of junction,Waiting to go - held up,Back,8821,851
3129,2005,afternoon rush (15-19),Slight,Darkness - lights lit,1,Dry,Dual carriageway,40.0,Urban,Fine no high winds,2005,12.0,Not at or within 20 metres of junction,Changing lane to right,Offside,8821,87
3130,2005,afternoon rush (15-19),Slight,Darkness - lights lit,1,Dry,Dual carriageway,30.0,Urban,Fine no high winds,2005,8.0,Approaching junction or waiting/parked at junction approach,Overtaking - nearside,Front,8821,69
3132,2005,office hours (10-15),Slight,Daylight,1,Dry,Single carriageway,30.0,Urban,Fine no high winds,2005,9.0,Mid Junction - on roundabout or on main road,Waiting to turn right,Did not impact,8821,195
3134,2005,office hours (10-15),Slight,Daylight,1,Dry,Single carriageway,30.0,Urban,Fine no high winds,2005,2.0,Mid Junction - on roundabout or on main road,Going ahead other,Offside,8821,4763
3136,2005,office hours (10-15),Slight,Daylight,1,Dry,Dual carriageway,40.0,Urban,Fine no high winds,2005,15.0,Not at or within 20 metres of junction,Going ahead other,Offside,8821,4763
3137,2005,office hours (10-15),Slight,Daylight,1,Dry,Dual carriageway,40.0,Urban,Fine no high winds,2005,10.0,Not at or within 20 metres of junction,Changing lane to left,Nearside,8821,76
3138,2005,afternoon rush (15-19),Slight,Darkness - lights lit,1,Wet or damp,Single carriageway,30.0,Urban,Fine no high winds,2005,5.0,Mid Junction - on roundabout or on main road,Going ahead other,Nearside,8821,4763
3142,2005,afternoon rush (15-19),Slight,Daylight,1,Dry,Single carriageway,30.0,Urban,Fine no high winds,2005,6.0,Mid Junction - on roundabout or on main road,Overtaking - nearside,Offside,8821,69
3145,2005,office hours (10-15),Slight,Daylight,1,Dry,Single carriageway,30.0,Urban,Fine no high winds,2005,5.0,Approaching junction or waiting/parked at junction approach,Going ahead other,Front,8821,4763
3148,2005,office hours (10-15),Slight,Daylight,1,Dry,Single carriageway,30.0,Urban,Fine no high winds,2005,1.0,Not at or within 20 metres of junction,Waiting to go - held up,Back,8821,851
3150,2005,afternoon rush (15-19),Slight,Darkness - lights lit,1,Wet or damp,Single carriageway,30.0,Urban,Snowing no high winds,2005,1.0,Not at or within 20 metres of junction,Overtaking moving vehicle - offside,Front,8821,171
3151,2005,evening (19-23),Slight,Darkness - lights lit,1,Dry,Dual carriageway,40.0,Urban,Fine no high winds,2005,7.0,Approaching junction or waiting/parked at junction approach,Going ahead other,Front,8821,4763
3153,2005,evening (19-23),Slight,Daylight,2,Wet or damp,Single carriageway,30.0,Urban,Raining no high winds,2005,9.0,Mid Junction - on roundabout or on main road,Waiting to turn right,Back,8821,195
3155,2005,night (23-5),Slight,Darkness - lights lit,1,Wet or damp,Single carriageway,30.0,Urban,Snowing no high winds,2005,4.0,Cleared junction or waiting/parked at junction exit,Waiting to turn right,Nearside,8821,195
3159,2005,afternoon rush (15-19),Serious,Darkness - lights lit,1,Dry,Single carriageway,30.0,Urban,Fine no high winds,2005,7.0,Approaching junction or waiting/parked at junction approach,Going ahead other,Nearside,1105,4763
3160,2005,night (23-5),Slight,Darkness - lights lit,1,Dry,Single carriageway,30.0,Urban,Fine no high winds,2005,8.0,Approaching junction or waiting/parked at junction approach,Moving off,Offside,8821,251
3164,2005,afternoon rush (15-19),Serious,Darkness - lights lit,1,Wet or damp,One way street,40.0,Urban,Raining no high winds,2005,1.0,Cleared junction or waiting/parked at junction exit,Going ahead other,Back,1105,4763
3167,2005,office hours (10-15),Slight,Daylight,2,Dry,Single carriageway,30.0,Urban,Fine no high winds,2005,1.0,Not at or within 20 metres of junction,Parked,Back,8821,309
3172,2005,night (23-5),Slight,Darkness - lights lit,1,Dry,Single carriageway,30.0,Urban,Fine no high winds,2005,3.0,Not at or within 20 metres of junction,Going ahead other,Front,8821,4763
3177,2005,afternoon rush (15-19),Slight,Daylight,1,Dry,Dual carriageway,30.0,Urban,Fine no high winds,2005,10.0,Approaching junction or waiting/parked at junction approach,U-turn,Offside,8821,146
3181,2005,office hours (10-15),Slight,Daylight,1,Dry,Single carriageway,30.0,Urban,Fine no high winds,2005,3.0,Approaching junction or waiting/parked at junction approach,Moving off,Nearside,8821,251
3182,2005,office hours (10-15),Slight,Daylight,1,Dry,Single carriageway,30.0,Urban,Fine no high winds,2005,8.0,Cleared junction or waiting/parked at junction exit,Going ahead other,Nearside,8821,4763
3184,2005,office hours (10-15),Slight,Daylight,1,Dry,One way street,30.0,Urban,Fine no high winds,2005,6.0,Approaching junction or waiting/parked at junction approach,Going ahead other,Front,8821,4763
3187,2005,office hours (10-15),Slight,Daylight,1,Dry,Single carriageway,30.0,Urban,Fine no high winds,2005,3.0,Mid Junction - on roundabout or on main road,Waiting to turn right,Back,8821,195
3188,2005,office hours (10-15),Slight,Daylight,1,Dry,Single carriageway,30.0,Urban,Fine no high winds,2005,7.0,Approaching junction or waiting/parked at junction approach,Going ahead other,Front,8821,4763
3191,2005,afternoon rush (15-19),Slight,Daylight,1,Dry,Single carriageway,30.0,Urban,Fine no high winds,2005,7.0,Not at or within 20 metres of junction,Going ahead other,Front,8821,4763
3192,2005,afternoon rush (15-19),Slight,Daylight,1,Dry,Single carriageway,30.0,Urban,Fine + high winds,2005,1.0,Approaching junction or waiting/parked at junction approach,Waiting to go - held up,Offside,8821,851
3196,2005,afternoon rush (15-19),Slight,Daylight,1,Dry,Single carriageway,30.0,Urban,Fine no high winds,2005,6.0,Approaching junction or waiting/parked at junction approach,Going ahead other,Front,8821,4763
3197,2005,evening (19-23),Slight,Darkness - lights lit,1,Dry,Single carriageway,30.0,Urban,Fine no high winds,2005,12.0,Approaching junction or waiting/parked at junction approach,Waiting to turn left,Nearside,8821,57
3200,2005,afternoon rush (15-19),Slight,Daylight,2,Wet or damp,Single carriageway,30.0,Urban,Fine no high winds,2005,1.0,Approaching junction or waiting/parked at junction approach,Going ahead other,Front,8821,4763
3201,2005,morning rush (5-10),Slight,Daylight,1,Wet or damp,Single carriageway,30.0,Urban,Raining no high winds,2005,4.0,Mid Junction - on roundabout or on main road,Turning right,Nearside,8821,1223
3202,2005,afternoon rush (15-19),Slight,Daylight,1,Wet or damp,Dual carriageway,30.0,Urban,Raining no high winds,2005,2.0,Cleared junction or waiting/parked at junction exit,Going ahead other,Front,8821,4763
3204,2005,morning rush (5-10),Slight,Daylight,1,Dry,Single carriageway,30.0,Urban,Fine no high winds,2005,7.0,Mid Junction - on roundabout or on main road,Going ahead other,Front,8821,4763
3205,2005,office hours (10-15),Slight,Daylight,2,Dry,Dual carriageway,30.0,Urban,Fine no high winds,2005,1.0,Approaching junction or waiting/parked at junction approach,Moving off,Back,8821,251
3208,2005,afternoon rush (15-19),Slight,Daylight,3,Dry,Single carriageway,30.0,Urban,Fine no high winds,2005,9.0,Approaching junction or waiting/parked at junction approach,Going ahead other,Offside,8821,4763
3210,2005,night (23-5),Slight,Darkness - lights lit,1,Dry,Single carriageway,30.0,Urban,Fine no high winds,2005,5.0,Not at or within 20 metres of junction,Going ahead other,Front,8821,4763
3212,2005,evening (19-23),Slight,Daylight,3,Dry,Single carriageway,30.0,Urban,Fine no high winds,2005,3.0,Mid Junction - on roundabout or on main road,Going ahead other,Nearside,8821,4763
3213,2005,evening (19-23),Slight,Daylight,1,Dry,Dual carriageway,30.0,Urban,Fine no high winds,2005,7.0,Mid Junction - on roundabout or on main road,Waiting to turn right,Front,8821,195
3214,2005,afternoon rush (15-19),Slight,Daylight,1,Dry,Single carriageway,30.0,Urban,Fine no high winds,2005,15.0,Approaching junction or waiting/parked at junction approach,Going ahead other,Nearside,8821,4763
3215,2005,evening (19-23),Slight,Darkness - lights lit,1,Dry,Dual carriageway,30.0,Urban,Fine no high winds,2005,9.0,Mid Junction - on roundabout or on main road,Turning right,Front,8821,1223
3216,2005,afternoon rush (15-19),Slight,Daylight,1,Dry,One way street,30.0,Urban,Fine no high winds,2005,2.0,Mid Junction - on roundabout or on main road,Going ahead left-hand bend,Offside,8821,228
3220,2005,evening (19-23),Slight,Daylight,1,Dry,Single carriageway,30.0,Urban,Fine no high winds,2005,9.0,Not at or within 20 metres of junction,Going ahead other,Offside,8821,4763
3222,2005,office hours (10-15),Slight,Daylight,1,Dry,Dual carriageway,30.0,Urban,Fine no high winds,2005,1.0,Not at or within 20 metres of junction,Overtaking - nearside,Front,8821,69
3223,2005,office hours (10-15),Slight,Daylight,1,Dry,Single carriageway,30.0,Urban,Fine no high winds,2005,10.0,Not at or within 20 metres of junction,Slowing or stopping,Back,8821,752
3224,2005,office hours (10-15),Slight,Daylight,1,Dry,Single carriageway,30.0,Urban,Fine no high winds,2005,3.0,Not at or within 20 metres of junction,Going ahead other,Front,8821,4763
3231,2005,morning rush (5-10),Slight,Daylight,1,Dry,Single carriageway,30.0,Urban,Fine no high winds,2005,2.0,Approaching junction or waiting/parked at junction approach,Going ahead other,Did not impact,8821,4763
3234,2005,afternoon rush (15-19),Slight,Daylight,2,Dry,Dual carriageway,30.0,Urban,Fine no high winds,2005,6.0,Approaching junction or waiting/parked at junction approach,Going ahead other,Offside,8821,4763
3235,2005,morning rush (5-10),Slight,Daylight,1,Dry,Single carriageway,30.0,Urban,Fine no high winds,2005,1.0,Approaching junction or waiting/parked at junction approach,Going ahead other,Nearside,8821,4763
3236,2005,office hours (10-15),Slight,Daylight,1,Flood over 3cm. deep,Dual carriageway,40.0,Urban,Raining no high winds,2005,6.0,Mid Junction - on roundabout or on main road,Going ahead other,Back,8821,4763
3240,2005,office hours (10-15),Slight,Daylight,1,Wet or damp,Single carriageway,30.0,Urban,Raining no high winds,2005,1.0,Cleared junction or waiting/parked at junction exit,Slowing or stopping,Back,8821,752
3241,2005,afternoon rush (15-19),Slight,Daylight,1,Dry,Dual carriageway,30.0,Urban,Fine no high winds,2005,11.0,Mid Junction - on roundabout or on main road,Going ahead other,Nearside,8821,4763
3242,2005,afternoon rush (15-19),Slight,Daylight,1,Dry,Dual carriageway,30.0,Urban,Fine no high winds,2005,6.0,Mid Junction - on roundabout or on main road,Going ahead other,Front,8821,4763
3244,2005,afternoon rush (15-19),Slight,Daylight,1,Dry,Single carriageway,30.0,Urban,Fine no high winds,2005,7.0,Mid Junction - on roundabout or on main road,Turning right,Nearside,8821,1223
3245,2005,afternoon rush (15-19),Slight,Daylight,1,Dry,Single carriageway,30.0,Urban,Fine no high winds,2005,10.0,Mid Junction - on roundabout or on main road,Going ahead other,Front,8821,4763
3247,2005,office hours (10-15),Slight,Daylight,1,Dry,Dual carriageway,30.0,Urban,Fine no high winds,2005,14.0,Not at or within 20 metres of junction,Slowing or stopping,Back,8821,752
3249,2005,office hours (10-15),Slight,Daylight,1,Dry,Dual carriageway,30.0,Urban,Fine no high winds,2005,2.0,Not at or within 20 metres of junction,Slowing or stopping,Back,8821,752
3252,2005,morning rush (5-10),Slight,Daylight,4,Dry,Single carriageway,30.0,Urban,Fine no high winds,2005,1.0,Not at or within 20 metres of junction,Going ahead other,Offside,8821,4763
3254,2005,office hours (10-15),Slight,Daylight,1,Wet or damp,Single carriageway,30.0,Urban,Raining no high winds,2005,3.0,Mid Junction - on roundabout or on main road,Going ahead other,Front,8821,4763
3256,2005,afternoon rush (15-19),Slight,Daylight,2,Dry,Single carriageway,30.0,Urban,Fine no high winds,2005,8.0,Not at or within 20 metres of junction,U-turn,Offside,8821,146
3261,2005,afternoon rush (15-19),Slight,Daylight,1,Dry,Single carriageway,30.0,Urban,Fine no high winds,2005,14.0,Approaching junction or waiting/parked at junction approach,Waiting to go - held up,Back,8821,851
3262,2005,afternoon rush (15-19),Slight,Daylight,1,Dry,Single carriageway,30.0,Urban,Fine no high winds,2005,4.0,Mid Junction - on roundabout or on main road,Moving off,Offside,8821,251
3268,2005,morning rush (5-10),Slight,Daylight,1,Dry,Single carriageway,30.0,Urban,Fine no high winds,2005,1.0,Mid Junction - on roundabout or on main road,Turning right,Offside,8821,1223
3273,2005,afternoon rush (15-19),Slight,Daylight,1,Dry,Single carriageway,30.0,Urban,Fine no high winds,2005,1.0,Mid Junction - on roundabout or on main road,Overtaking - nearside,Offside,8821,69
3274,2005,night (23-5),Slight,Darkness - lights lit,1,Dry,Single carriageway,30.0,Urban,Fine no high winds,2005,5.0,Not at or within 20 metres of junction,Overtaking static vehicle - offside,Offside,8821,147
3276,2005,office hours (10-15),Slight,Daylight,1,Dry,Dual carriageway,30.0,Urban,Fine no high winds,2005,2.0,Mid Junction - on roundabout or on main road,Waiting to go - held up,Back,8821,851
3277,2005,evening (19-23),Slight,Daylight,1,Dry,Single carriageway,30.0,Urban,Fine no high winds,2005,2.0,Cleared junction or waiting/parked at junction exit,Going ahead other,Front,8821,4763
3278,2005,afternoon rush (15-19),Slight,Daylight,1,Dry,Single carriageway,30.0,Urban,Fine no high winds,2005,7.0,Mid Junction - on roundabout or on main road,Going ahead other,Nearside,8821,4763
3279,2005,afternoon rush (15-19),Slight,Daylight,1,Dry,Dual carriageway,50.0,Urban,Fine no high winds,2005,6.0,Not at or within 20 metres of junction,Going ahead other,Nearside,8821,4763
3280,2005,morning rush (5-10),Serious,Daylight,1,Dry,One way street,30.0,Urban,Fine no high winds,2005,3.0,Not at or within 20 metres of junction,Going ahead other,Offside,1105,4763
3283,2005,night (23-5),Slight,Darkness - lights lit,1,Dry,Single carriageway,30.0,Urban,Fine no high winds,2005,2.0,Approaching junction or waiting/parked at junction approach,Going ahead other,Nearside,8821,4763
3284,2005,afternoon rush (15-19),Slight,Daylight,1,Dry,Single carriageway,30.0,Urban,Fine no high winds,2005,2.0,Mid Junction - on roundabout or on main road,Going ahead other,Nearside,8821,4763
3285,2005,morning rush (5-10),Slight,Daylight,1,Dry,Dual carriageway,30.0,Urban,Fine no high winds,2005,2.0,Cleared junction or waiting/parked at junction exit,Going ahead other,Offside,8821,4763
3286,2005,office hours (10-15),Slight,Daylight,1,Dry,Single carriageway,30.0,Urban,Fine no high winds,2005,1.0,Approaching junction or waiting/parked at junction approach,Turning left,Back,8821,324
3289,2005,evening (19-23),Slight,Daylight,1,Dry,Single carriageway,30.0,Urban,Fine no high winds,2005,8.0,Cleared junction or waiting/parked at junction exit,Parked,Offside,8821,309
3290,2005,afternoon rush (15-19),Serious,Daylight,1,Wet or damp,Single carriageway,30.0,Urban,Raining no high winds,2005,3.0,Approaching junction or waiting/parked at junction approach,Going ahead other,Offside,1105,4763
3291,2005,office hours (10-15),Slight,Daylight,1,Dry,Single carriageway,30.0,Urban,Fine no high winds,2005,2.0,Approaching junction or waiting/parked at junction approach,Overtaking moving vehicle - offside,Nearside,8821,171
3292,2005,afternoon rush (15-19),Slight,Daylight,1,Dry,Single carriageway,30.0,Urban,Fine no high winds,2005,6.0,Mid Junction - on roundabout or on main road,Overtaking - nearside,Front,8821,69
3295,2005,office hours (10-15),Slight,Daylight,1,Dry,Single carriageway,30.0,Urban,Fine no high winds,2005,2.0,Approaching junction or waiting/parked at junction approach,U-turn,Nearside,8821,146
3296,2005,afternoon rush (15-19),Slight,Daylight,1,Dry,Single carriageway,30.0,Urban,Fine no high winds,2005,5.0,Approaching junction or waiting/parked at junction approach,Waiting to go - held up,Back,8821,851
3298,2005,afternoon rush (15-19),Slight,Daylight,1,Dry,Single carriageway,30.0,Urban,Fine no high winds,2005,8.0,Cleared junction or waiting/parked at junction exit,Overtaking static vehicle - offside,Nearside,8821,147
3304,2005,office hours (10-15),Serious,Daylight,1,Dry,Roundabout,30.0,Urban,Fine no high winds,2005,1.0,Leaving roundabout,Turning left,Nearside,1105,324
3308,2005,morning rush (5-10),Slight,Daylight,1,Wet or damp,Single carriageway,30.0,Urban,Raining no high winds,2005,6.0,Approaching junction or waiting/parked at junction approach,Waiting to turn left,Offside,8821,57
3309,2005,afternoon rush (15-19),Slight,Daylight,1,Dry,Single carriageway,30.0,Urban,Fine no high winds,2005,8.0,Approaching junction or waiting/parked at junction approach,Going ahead other,Front,8821,4763
3310,2005,evening (19-23),Slight,Darkness - lights lit,2,Dry,Single carriageway,30.0,Urban,Fine no high winds,2005,17.0,Mid Junction - on roundabout or on main road,Going ahead other,Offside,8821,4763
3311,2005,evening (19-23),Serious,Daylight,1,Dry,Single carriageway,30.0,Urban,Fine no high winds,2005,2.0,Mid Junction - on roundabout or on main road,Going ahead other,Front,1105,4763
3314,2005,evening (19-23),Slight,Darkness - lights lit,1,Dry,Single carriageway,30.0,Urban,Fine no high winds,2005,2.0,Approaching junction or waiting/parked at junction approach,U-turn,Back,8821,146
3316,2005,afternoon rush (15-19),Slight,Daylight,1,Dry,Single carriageway,30.0,Urban,Fine no high winds,2005,10.0,Not at or within 20 metres of junction,Going ahead other,Front,8821,4763
3317,2005,evening (19-23),Slight,Darkness - lights lit,1,Dry,Single carriageway,30.0,Urban,Fine no high winds,2005,1.0,Mid Junction - on roundabout or on main road,Turning right,Nearside,8821,1223
3318,2005,afternoon rush (15-19),Slight,Daylight,1,Dry,Dual carriageway,40.0,Urban,Fine no high winds,2005,3.0,Not at or within 20 metres of junction,Going ahead other,Front,8821,4763
3319,2005,night (23-5),Slight,Darkness - lights lit,1,Dry,Single carriageway,30.0,Urban,Fine no high winds,2005,2.0,Mid Junction - on roundabout or on main road,Turning right,Nearside,8821,1223
3320,2005,office hours (10-15),Slight,Daylight,1,Dry,Roundabout,30.0,Urban,Fine no high winds,2005,4.0,Leaving roundabout,Going ahead other,Back,8821,4763
3325,2005,morning rush (5-10),Slight,Daylight,1,Dry,Single carriageway,30.0,Urban,Fine no high winds,2005,10.0,Mid Junction - on roundabout or on main road,Going ahead other,Nearside,8821,4763
3326,2005,office hours (10-15),Slight,Daylight,1,Dry,Single carriageway,30.0,Urban,Fine no high winds,2005,3.0,Mid Junction - on roundabout or on main road,Waiting to go - held up,Back,8821,851
3327,2005,evening (19-23),Slight,Darkness - lights lit,1,Dry,Dual carriageway,30.0,Urban,Fine no high winds,2005,9.0,Not at or within 20 metres of junction,Going ahead left-hand bend,Nearside,8821,228
3328,2005,morning rush (5-10),Slight,Daylight,1,Dry,Single carriageway,30.0,Urban,Fine no high winds,2005,7.0,Mid Junction - on roundabout or on main road,Parked,Offside,8821,309
3330,2005,office hours (10-15),Slight,Daylight,1,Dry,Dual carriageway,50.0,Urban,Fine no high winds,2005,2.0,Not at or within 20 metres of junction,Waiting to go - held up,Back,8821,851
3332,2005,office hours (10-15),Slight,Daylight,1,Dry,Single carriageway,30.0,Urban,Fine no high winds,2005,7.0,Not at or within 20 metres of junction,Slowing or stopping,Back,8821,752
3333,2005,office hours (10-15),Slight,Daylight,1,Dry,Single carriageway,30.0,Urban,Fine no high winds,2005,2.0,Not at or within 20 metres of junction,Slowing or stopping,Front,8821,752
3337,2005,morning rush (5-10),Slight,Daylight,1,Dry,Single carriageway,30.0,Urban,Fine no high winds,2005,6.0,Cleared junction or waiting/parked at junction exit,Overtaking static vehicle - offside,Back,8821,147
3338,2005,night (23-5),Slight,Darkness - lights lit,3,Wet or damp,Dual carriageway,30.0,Urban,Fine no high winds,2005,1.0,Not at or within 20 metres of junction,Slowing or stopping,Front,8821,752
3341,2005,office hours (10-15),Slight,Daylight,1,Dry,Roundabout,30.0,Urban,Fine no high winds,2005,2.0,Mid Junction - on roundabout or on main road,Going ahead left-hand bend,Did not impact,8821,228
3342,2005,office hours (10-15),Slight,Daylight,1,Dry,Dual carriageway,40.0,Urban,Fine no high winds,2005,7.0,Not at or within 20 metres of junction,Slowing or stopping,Back,8821,752
3344,2005,afternoon rush (15-19),Slight,Daylight,1,Wet or damp,Single carriageway,30.0,Urban,Raining no high winds,2005,5.0,Cleared junction or waiting/parked at junction exit,Going ahead other,Nearside,8821,4763
3345,2005,night (23-5),Slight,Darkness - lights lit,1,Dry,Dual carriageway,30.0,Urban,Fine no high winds,2005,7.0,Mid Junction - on roundabout or on main road,Turning right,Did not impact,8821,1223
3349,2005,office hours (10-15),Slight,Daylight,2,Dry,Roundabout,30.0,Urban,Fine no high winds,2005,1.0,Mid Junction - on roundabout or on main road,Slowing or stopping,Back,8821,752
3351,2005,office hours (10-15),Slight,Daylight,1,Dry,Single carriageway,30.0,Urban,Fine no high winds,2005,4.0,Approaching junction or waiting/parked at junction approach,Moving off,Front,8821,251
3353,2005,evening (19-23),Slight,Daylight,1,Dry,Single carriageway,30.0,Urban,Fine no high winds,2005,15.0,Mid Junction - on roundabout or on main road,Slowing or stopping,Back,8821,752
3354,2005,afternoon rush (15-19),Slight,Daylight,1,Dry,Single carriageway,30.0,Urban,Fine no high winds,2005,10.0,Mid Junction - on roundabout or on main road,Going ahead other,Front,8821,4763
3359,2005,afternoon rush (15-19),Slight,Daylight,1,Dry,Single carriageway,30.0,Urban,Fine no high winds,2005,2.0,Approaching junction or waiting/parked at junction approach,Going ahead other,Offside,8821,4763
3364,2005,evening (19-23),Slight,Darkness - lights lit,2,Dry,Dual carriageway,40.0,Urban,Fine no high winds,2005,7.0,Not at or within 20 metres of junction,Parked,Front,8821,309
3365,2005,morning rush (5-10),Slight,Daylight,1,Dry,Slip road,50.0,Urban,Fine no high winds,2005,1.0,Not at or within 20 metres of junction,Going ahead other,Did not impact,8821,4763
3366,2005,evening (19-23),Slight,Darkness - lights lit,2,Dry,Dual carriageway,30.0,Urban,Fine no high winds,2005,9.0,Not at or within 20 metres of junction,Changing lane to left,Front,8821,76
3369,2005,afternoon rush (15-19),Slight,Daylight,1,Dry,Dual carriageway,30.0,Urban,Fine no high winds,2005,2.0,Approaching junction or waiting/parked at junction approach,Turning left,Nearside,8821,324
3372,2005,afternoon rush (15-19),Slight,Daylight,1,Dry,Dual carriageway,30.0,Urban,Fine no high winds,2005,22.0,Approaching junction or waiting/parked at junction approach,Going ahead other,Nearside,8821,4763
3373,2005,afternoon rush (15-19),Slight,Daylight,1,Dry,Single carriageway,30.0,Urban,Fine no high winds,2005,9.0,Cleared junction or waiting/parked at junction exit,Going ahead other,Front,8821,4763
3377,2005,afternoon rush (15-19),Slight,Daylight,1,Dry,Single carriageway,30.0,Urban,Fine no high winds,2005,11.0,Leaving roundabout,Going ahead other,Front,8821,4763
3388,2005,afternoon rush (15-19),Slight,Daylight,1,Wet or damp,Single carriageway,30.0,Urban,Fine no high winds,2005,10.0,Leaving roundabout,Turning right,Offside,8821,1223
3390,2005,office hours (10-15),Slight,Daylight,1,Dry,Single carriageway,30.0,Urban,Fine no high winds,2005,4.0,Approaching junction or waiting/parked at junction approach,Overtaking static vehicle - offside,Front,8821,147
3391,2005,afternoon rush (15-19),Slight,Daylight,1,Dry,Dual carriageway,30.0,Urban,Fine no high winds,2005,2.0,Approaching junction or waiting/parked at junction approach,Going ahead other,Nearside,8821,4763
3392,2005,morning rush (5-10),Slight,Daylight,1,Wet or damp,Single carriageway,30.0,Urban,Raining no high winds,2005,9.0,Approaching junction or waiting/parked at junction approach,U-turn,Offside,8821,146
3393,2005,afternoon rush (15-19),Slight,Daylight,1,Dry,Single carriageway,30.0,Urban,Fine no high winds,2005,7.0,Not at or within 20 metres of junction,Going ahead other,Offside,8821,4763
3394,2005,morning rush (5-10),Slight,Daylight,1,Dry,Single carriageway,30.0,Urban,Fine no high winds,2005,2.0,Not at or within 20 metres of junction,Overtaking moving vehicle - offside,Back,8821,171
3395,2005,afternoon rush (15-19),Slight,Daylight,2,Dry,Dual carriageway,50.0,Urban,Fine no high winds,2005,1.0,Not at or within 20 metres of junction,Changing lane to right,Back,8821,87
3396,2005,morning rush (5-10),Slight,Darkness - lights lit,1,Dry,Single carriageway,30.0,Urban,Fine no high winds,2005,1.0,Approaching junction or waiting/parked at junction approach,Going ahead other,Front,8821,4763
3398,2005,afternoon rush (15-19),Slight,Daylight,1,Dry,One way street,30.0,Urban,Fine no high winds,2005,10.0,Not at or within 20 metres of junction,Going ahead other,Front,8821,4763
3399,2005,evening (19-23),Slight,Darkness - lights lit,4,Dry,Single carriageway,30.0,Urban,Fine no high winds,2005,4.0,Approaching junction or waiting/parked at junction approach,Turning right,Nearside,8821,1223
3400,2005,afternoon rush (15-19),Slight,Darkness - lights lit,1,Dry,Dual carriageway,50.0,Urban,Fine no high winds,2005,2.0,Approaching junction or waiting/parked at junction approach,Slowing or stopping,Front,8821,752
3401,2005,evening (19-23),Slight,Darkness - lights lit,1,Wet or damp,Dual carriageway,50.0,Urban,Raining no high winds,2005,4.0,Not at or within 20 metres of junction,Waiting to go - held up,Back,8821,851
3407,2005,afternoon rush (15-19),Slight,Daylight,1,Dry,Single carriageway,30.0,Urban,Fine no high winds,2005,1.0,Approaching junction or waiting/parked at junction approach,Reversing,Back,8821,108
3408,2005,morning rush (5-10),Slight,Daylight,1,Dry,Single carriageway,30.0,Urban,Fine no high winds,2005,6.0,Approaching junction or waiting/parked at junction approach,Going ahead other,Front,8821,4763
3409,2005,afternoon rush (15-19),Serious,Daylight,1,Dry,Dual carriageway,30.0,Urban,Fine no high winds,2005,7.0,Approaching junction or waiting/parked at junction approach,Going ahead other,Front,1105,4763
3411,2005,afternoon rush (15-19),Slight,Daylight,2,Dry,Single carriageway,30.0,Urban,Fine no high winds,2005,2.0,Cleared junction or waiting/parked at junction exit,Going ahead other,Back,8821,4763
3412,2005,afternoon rush (15-19),Slight,Daylight,2,Dry,Single carriageway,30.0,Urban,Fine no high winds,2005,7.0,Cleared junction or waiting/parked at junction exit,Going ahead other,Front,8821,4763
3418,2005,morning rush (5-10),Slight,Daylight,1,Dry,Dual carriageway,30.0,Urban,Fine no high winds,2005,3.0,Not at or within 20 metres of junction,Going ahead other,Front,8821,4763
3421,2005,office hours (10-15),Slight,Daylight,1,Dry,Single carriageway,30.0,Urban,Fine no high winds,2005,2.0,Mid Junction - on roundabout or on main road,Going ahead other,Front,8821,4763
3426,2005,morning rush (5-10),Slight,Daylight,1,Dry,Single carriageway,30.0,Urban,Fine no high winds,2005,14.0,Approaching junction or waiting/parked at junction approach,U-turn,Offside,8821,146
3428,2005,office hours (10-15),Slight,Daylight,1,Wet or damp,Single carriageway,30.0,Urban,Raining no high winds,2005,2.0,Mid Junction - on roundabout or on main road,Turning left,Offside,8821,324
3431,2005,afternoon rush (15-19),Slight,Darkness - lights lit,1,Dry,Single carriageway,30.0,Urban,Fine no high winds,2005,1.0,Approaching junction or waiting/parked at junction approach,Going ahead other,Did not impact,8821,4763