Crash_Ref_Number,Crash_Year,Daytime,Accident_Severity,Light_Conditions,Number_of_Casualties,Road_Surface_Conditions,Road_Type,Speed_limit,Urban_or_Rural_Area,Weather_Conditions,Crash_Year,Age_of_Vehicle,Junction_Location,Vehicle_Manoeuvre,First_Point_of_Impact,count1,count
3435,2005,office hours (10-15),Slight,Daylight,1,Wet or damp,Single carriageway,30.0,Urban,Raining no high winds,2005,12.0,Leaving roundabout,Slowing or stopping,Back,8821,752
3439,2005,afternoon rush (15-19),Slight,Daylight,1,Dry,Single carriageway,30.0,Urban,Fine no high winds,2005,3.0,Not at or within 20 metres of junction,Changing lane to right,Offside,8821,87
3441,2005,evening (19-23),Slight,Darkness - lights lit,1,Wet or damp,Single carriageway,30.0,Urban,Raining no high winds,2005,1.0,Mid Junction - on roundabout or on main road,Going ahead other,Offside,8821,4763
3442,2005,afternoon rush (15-19),Slight,Daylight,1,Dry,Single carriageway,30.0,Urban,Fine no high winds,2005,3.0,Mid Junction - on roundabout or on main road,Turning left,Back,8821,324
3444,2005,evening (19-23),Slight,Darkness - lights lit,1,Dry,Single carriageway,30.0,Urban,Fine no high winds,2005,9.0,Mid Junction - on roundabout or on main road,Going ahead right-hand bend,Offside,8821,242
3445,2005,office hours (10-15),Slight,Daylight,1,Dry,Single carriageway,30.0,Urban,Fine no high winds,2005,17.0,Leaving roundabout,Going ahead other,Front,8821,4763
3446,2005,afternoon rush (15-19),Slight,Daylight,1,Dry,Single carriageway,30.0,Urban,Fine no high winds,2005,7.0,Approaching junction or waiting/parked at junction approach,Overtaking static vehicle - offside,Front,8821,147
3448,2005,evening (19-23),Slight,Darkness - lights lit,2,Wet or damp,Single carriageway,30.0,Urban,Fine no high winds,2005,8.0,Not at or within 20 metres of junction,Reversing,Back,8821,108
3450,2005,morning rush (5-10),Slight,Daylight,1,Dry,Dual carriageway,30.0,Urban,Fine no high winds,2005,6.0,Approaching junction or waiting/parked at junction approach,Slowing or stopping,Front,8821,752
3451,2005,afternoon rush (15-19),Slight,Daylight,3,Dry,Single carriageway,30.0,Urban,Fine no high winds,2005,7.0,Not at or within 20 metres of junction,Going ahead right-hand bend,Front,8821,242
3452,2005,evening (19-23),Serious,Darkness - lights lit,1,Dry,Single carriageway,30.0,Urban,Fine no high winds,2005,4.0,Mid Junction - on roundabout or on main road,Going ahead other,Front,1105,4763
3456,2005,evening (19-23),Slight,Darkness - lights lit,1,Dry,One way street,30.0,Urban,Fine no high winds,2005,2.0,Not at or within 20 metres of junction,Going ahead other,Front,8821,4763
3458,2005,office hours (10-15),Slight,Daylight,1,Dry,Single carriageway,30.0,Urban,Fine no high winds,2005,12.0,Approaching junction or waiting/parked at junction approach,Going ahead other,Front,8821,4763
3459,2005,afternoon rush (15-19),Slight,Darkness - lights lit,1,Dry,Single carriageway,30.0,Urban,Fine no high winds,2005,8.0,Not at or within 20 metres of junction,Going ahead other,Front,8821,4763
3462,2005,afternoon rush (15-19),Slight,Darkness - lights lit,1,Dry,Single carriageway,40.0,Urban,Fine no high winds,2005,2.0,Not at or within 20 metres of junction,Overtaking moving vehicle - offside,Nearside,8821,171
3463,2005,afternoon rush (15-19),Slight,Darkness - lights lit,1,Dry,Single carriageway,40.0,Urban,Fine no high winds,2005,1.0,Not at or within 20 metres of junction,U-turn,Offside,8821,146
3466,2005,office hours (10-15),Slight,Daylight,1,Dry,Single carriageway,30.0,Urban,Fine no high winds,2005,1.0,Mid Junction - on roundabout or on main road,Going ahead other,Front,8821,4763
3468,2005,morning rush (5-10),Slight,Daylight,1,Dry,Dual carriageway,30.0,Urban,Fine no high winds,2005,3.0,Not at or within 20 metres of junction,Going ahead other,Back,8821,4763
3469,2005,night (23-5),Slight,Darkness - lights lit,1,Dry,Single carriageway,30.0,Urban,Fine no high winds,2005,3.0,Approaching junction or waiting/parked at junction approach,Going ahead other,Front,8821,4763
3473,2005,afternoon rush (15-19),Slight,Darkness - lights lit,1,Dry,Dual carriageway,50.0,Urban,Fine no high winds,2005,1.0,Approaching junction or waiting/parked at junction approach,Waiting to go - held up,Nearside,8821,851
3481,2005,office hours (10-15),Slight,Daylight,1,Dry,Single carriageway,30.0,Urban,Fine no high winds,2005,4.0,Approaching junction or waiting/parked at junction approach,Waiting to go - held up,Back,8821,851
3490,2005,morning rush (5-10),Serious,Daylight,1,Dry,Single carriageway,30.0,Urban,Fine no high winds,2005,6.0,Not at or within 20 metres of junction,Going ahead other,Front,1105,4763
3491,2005,afternoon rush (15-19),Slight,Darkness - lights lit,1,Dry,Single carriageway,30.0,Urban,Fine no high winds,2005,1.0,Cleared junction or waiting/parked at junction exit,Going ahead other,Front,8821,4763
3492,2005,morning rush (5-10),Serious,Daylight,1,Dry,Single carriageway,30.0,Urban,Fine no high winds,2005,1.0,Not at or within 20 metres of junction,Changing lane to right,Front,1105,87
3500,2005,office hours (10-15),Slight,Daylight,1,Dry,Single carriageway,30.0,Urban,Fine no high winds,2005,1.0,Approaching junction or waiting/parked at junction approach,Changing lane to left,Did not impact,8821,76
3501,2005,evening (19-23),Serious,Darkness - lights lit,1,Wet or damp,Single carriageway,30.0,Urban,Fine no high winds,2005,3.0,Mid Junction - on roundabout or on main road,Going ahead other,Nearside,1105,4763
3503,2005,afternoon rush (15-19),Slight,Darkness - lights lit,1,Dry,Single carriageway,30.0,Urban,Fine no high winds,2005,1.0,Mid Junction - on roundabout or on main road,Going ahead other,Front,8821,4763
3508,2005,night (23-5),Slight,Darkness - lights lit,2,Wet or damp,Single carriageway,30.0,Urban,Fine no high winds,2005,8.0,Mid Junction - on roundabout or on main road,Turning right,Front,8821,1223
3510,2005,office hours (10-15),Slight,Daylight,1,Dry,Single carriageway,30.0,Urban,Fine no high winds,2005,4.0,Not at or within 20 metres of junction,Going ahead other,Did not impact,8821,4763
3511,2005,evening (19-23),Slight,Darkness - lights lit,1,Dry,Single carriageway,30.0,Urban,Fine no high winds,2005,8.0,Mid Junction - on roundabout or on main road,Turning right,Nearside,8821,1223
3512,2005,office hours (10-15),Slight,Daylight,1,Dry,Single carriageway,30.0,Urban,Fine no high winds,2005,1.0,Not at or within 20 metres of junction,Turning right,Offside,8821,1223
3515,2005,night (23-5),Slight,Darkness - lights lit,1,Dry,Single carriageway,30.0,Urban,Fine no high winds,2005,3.0,Not at or within 20 metres of junction,Going ahead other,Front,8821,4763
3518,2005,evening (19-23),Slight,Darkness - lights lit,2,Dry,Single carriageway,30.0,Urban,Fine no high winds,2005,9.0,Approaching junction or waiting/parked at junction approach,Slowing or stopping,Back,8821,752
3519,2005,evening (19-23),Slight,Darkness - lights lit,2,Dry,Single carriageway,30.0,Urban,Fine no high winds,2005,7.0,Approaching junction or waiting/parked at junction approach,Going ahead other,Front,8821,4763
3520,2005,afternoon rush (15-19),Slight,Darkness - lights lit,3,Wet or damp,Single carriageway,30.0,Urban,Fine no high winds,2005,4.0,Approaching junction or waiting/parked at junction approach,Slowing or stopping,Back,8821,752
3521,2005,morning rush (5-10),Slight,Darkness - lights lit,1,Wet or damp,Single carriageway,30.0,Urban,Raining no high winds,2005,3.0,Mid Junction - on roundabout or on main road,Turning right,Nearside,8821,1223
3522,2005,afternoon rush (15-19),Slight,Darkness - lights lit,1,Dry,Single carriageway,30.0,Urban,Fine no high winds,2005,8.0,Mid Junction - on roundabout or on main road,Going ahead other,Nearside,8821,4763
3523,2005,afternoon rush (15-19),Slight,Darkness - lights lit,1,Dry,Single carriageway,30.0,Urban,Fine no high winds,2005,1.0,Mid Junction - on roundabout or on main road,Going ahead other,Front,8821,4763
3524,2005,night (23-5),Slight,Darkness - lights lit,3,Dry,Single carriageway,30.0,Urban,Fine no high winds,2005,4.0,Mid Junction - on roundabout or on main road,Turning left,Offside,8821,324
3525,2005,afternoon rush (15-19),Slight,Darkness - lights lit,2,Dry,Single carriageway,30.0,Urban,Fine no high winds,2005,4.0,Cleared junction or waiting/parked at junction exit,Turning right,Front,8821,1223
3526,2005,morning rush (5-10),Slight,Darkness - lights lit,1,Wet or damp,Single carriageway,30.0,Urban,Raining no high winds,2005,4.0,Cleared junction or waiting/parked at junction exit,Going ahead other,Front,8821,4763
3527,2005,evening (19-23),Serious,Darkness - lights lit,1,Dry,Single carriageway,30.0,Urban,Fine no high winds,2005,2.0,Mid Junction - on roundabout or on main road,Going ahead other,Front,1105,4763
3528,2005,evening (19-23),Slight,Darkness - lights lit,2,Dry,Single carriageway,30.0,Urban,Fine no high winds,2005,2.0,Cleared junction or waiting/parked at junction exit,Waiting to go - held up,Front,8821,851
3537,2005,afternoon rush (15-19),Slight,Darkness - lights lit,1,Dry,Dual carriageway,50.0,Urban,Fine no high winds,2005,7.0,Approaching junction or waiting/parked at junction approach,Waiting to go - held up,Back,8821,851
3541,2005,morning rush (5-10),Slight,Darkness - lights lit,1,Wet or damp,Single carriageway,30.0,Urban,Fine no high winds,2005,2.0,Mid Junction - on roundabout or on main road,Turning right,Back,8821,1223
3543,2005,office hours (10-15),Slight,Daylight,2,Dry,Dual carriageway,40.0,Urban,Fine no high winds,2005,4.0,Approaching junction or waiting/parked at junction approach,Overtaking static vehicle - offside,Back,8821,147
3550,2005,morning rush (5-10),Slight,Daylight,1,Dry,Single carriageway,30.0,Urban,Fine no high winds,2005,2.0,Mid Junction - on roundabout or on main road,Changing lane to left,Nearside,8821,76
3551,2005,office hours (10-15),Slight,Daylight,1,Wet or damp,Dual carriageway,30.0,Urban,Raining no high winds,2005,13.0,Leaving roundabout,Slowing or stopping,Back,8821,752
3552,2005,afternoon rush (15-19),Slight,Daylight,1,Dry,Roundabout,30.0,Urban,Fine no high winds,2005,10.0,Cleared junction or waiting/parked at junction exit,Turning right,Front,8821,1223
3553,2005,afternoon rush (15-19),Slight,Daylight,1,Dry,Single carriageway,30.0,Urban,Fine no high winds,2005,5.0,Approaching junction or waiting/parked at junction approach,Slowing or stopping,Back,8821,752
3555,2005,morning rush (5-10),Slight,Daylight,2,Dry,Roundabout,30.0,Urban,Fine no high winds,2005,15.0,Approaching junction or waiting/parked at junction approach,Waiting to go - held up,Back,8821,851
3556,2005,office hours (10-15),Serious,Daylight,1,Dry,Dual carriageway,40.0,Rural,Fine no high winds,2005,1.0,Not at or within 20 metres of junction,Going ahead other,Front,1105,4763
3559,2005,office hours (10-15),Slight,Daylight,1,Dry,Dual carriageway,40.0,Urban,Fine no high winds,2005,3.0,Mid Junction - on roundabout or on main road,Turning left,Nearside,8821,324
3560,2005,afternoon rush (15-19),Slight,Daylight,1,Dry,Single carriageway,30.0,Rural,Fine no high winds,2005,1.0,Not at or within 20 metres of junction,Going ahead other,Back,8821,4763
3561,2005,morning rush (5-10),Slight,Daylight,1,Dry,Single carriageway,30.0,Urban,Fine no high winds,2005,4.0,Not at or within 20 metres of junction,U-turn,Offside,8821,146
3562,2005,morning rush (5-10),Slight,Daylight,1,Dry,Single carriageway,30.0,Urban,Fine no high winds,2005,4.0,Not at or within 20 metres of junction,Going ahead other,Front,8821,4763
3563,2005,office hours (10-15),Slight,Daylight,1,Dry,Single carriageway,30.0,Urban,Fine no high winds,2005,2.0,Mid Junction - on roundabout or on main road,Going ahead other,Offside,8821,4763
3566,2005,afternoon rush (15-19),Slight,Daylight,1,Dry,Dual carriageway,40.0,Urban,Fine no high winds,2005,1.0,Mid Junction - on roundabout or on main road,Going ahead other,Front,8821,4763
3569,2005,morning rush (5-10),Slight,Daylight,1,Dry,Roundabout,30.0,Rural,Fine no high winds,2005,9.0,Mid Junction - on roundabout or on main road,U-turn,Offside,8821,146
3570,2005,morning rush (5-10),Serious,Daylight,1,Dry,Single carriageway,30.0,Urban,Fine no high winds,2005,3.0,Not at or within 20 metres of junction,Going ahead other,Offside,1105,4763
3573,2005,office hours (10-15),Slight,Daylight,1,Dry,Roundabout,30.0,Urban,Fine no high winds,2005,15.0,Cleared junction or waiting/parked at junction exit,Going ahead other,Front,8821,4763
3576,2005,office hours (10-15),Slight,Daylight,1,Dry,Roundabout,30.0,Urban,Fine no high winds,2005,3.0,Mid Junction - on roundabout or on main road,Turning right,Back,8821,1223
3580,2005,afternoon rush (15-19),Slight,Daylight,1,Dry,Single carriageway,30.0,Urban,Fine no high winds,2005,12.0,Not at or within 20 metres of junction,Waiting to go - held up,Back,8821,851
3584,2005,evening (19-23),Slight,Darkness - lights unlit,1,Dry,Single carriageway,30.0,Urban,Fine no high winds,2005,5.0,Not at or within 20 metres of junction,Going ahead right-hand bend,Front,8821,242
3586,2005,office hours (10-15),Serious,Daylight,1,Dry,Dual carriageway,40.0,Urban,Fine no high winds,2005,13.0,Not at or within 20 metres of junction,Going ahead other,Front,1105,4763
3591,2005,afternoon rush (15-19),Slight,Darkness - lights lit,1,Dry,Single carriageway,30.0,Urban,Fine no high winds,2005,4.0,Approaching junction or waiting/parked at junction approach,Going ahead other,Front,8821,4763
3592,2005,afternoon rush (15-19),Slight,Darkness - lights lit,5,Wet or damp,Single carriageway,30.0,Urban,Raining no high winds,2005,7.0,Cleared junction or waiting/parked at junction exit,Going ahead other,Nearside,8821,4763
3593,2005,evening (19-23),Slight,Darkness - lights lit,1,Wet or damp,Single carriageway,30.0,Urban,Raining no high winds,2005,17.0,Approaching junction or waiting/parked at junction approach,Going ahead left-hand bend,Did not impact,8821,228
3594,2005,afternoon rush (15-19),Slight,Darkness - lights lit,1,Dry,Dual carriageway,30.0,Urban,Fine no high winds,2005,1.0,Entering roundabout,Going ahead other,Did not impact,8821,4763
3595,2005,afternoon rush (15-19),Slight,Darkness - lights lit,1,Wet or damp,Single carriageway,30.0,Urban,Raining no high winds,2005,1.0,Cleared junction or waiting/parked at junction exit,Going ahead other,Did not impact,8821,4763
3597,2005,office hours (10-15),Slight,Daylight,1,Dry,Single carriageway,30.0,Urban,Fine no high winds,2005,7.0,Mid Junction - on roundabout or on main road,Going ahead other,Back,8821,4763
3602,2005,evening (19-23),Slight,Darkness - lights lit,1,Wet or damp,Single carriageway,30.0,Urban,Fine no high winds,2005,2.0,Approaching junction or waiting/parked at junction approach,Going ahead other,Front,8821,4763
3604,2005,afternoon rush (15-19),Serious,Darkness - lights lit,1,Dry,Single carriageway,30.0,Urban,Fine no high winds,2005,5.0,Mid Junction - on roundabout or on main road,Turning left,Offside,1105,324
3613,2005,evening (19-23),Slight,Darkness - lights lit,1,Wet or damp,Single carriageway,30.0,Urban,Fine no high winds,2005,9.0,Cleared junction or waiting/parked at junction exit,Waiting to go - held up,Back,8821,851
3615,2005,afternoon rush (15-19),Slight,Daylight,1,Wet or damp,Single carriageway,30.0,Urban,Fine no high winds,2005,2.0,Approaching junction or waiting/parked at junction approach,Slowing or stopping,Nearside,8821,752
3616,2005,office hours (10-15),Slight,Daylight,1,Flood over 3cm. deep,Single carriageway,30.0,Urban,Fine no high winds,2005,1.0,Not at or within 20 metres of junction,Going ahead other,Offside,8821,4763
3618,2005,afternoon rush (15-19),Slight,Darkness - lights lit,1,Wet or damp,Single carriageway,30.0,Urban,Fine no high winds,2005,12.0,Mid Junction - on roundabout or on main road,Turning left,Offside,8821,324
3619,2005,afternoon rush (15-19),Slight,Darkness - lights lit,1,Wet or damp,Single carriageway,30.0,Urban,Fine no high winds,2005,10.0,Mid Junction - on roundabout or on main road,Turning right,Front,8821,1223
3620,2005,afternoon rush (15-19),Slight,Darkness - lights lit,1,Wet or damp,Roundabout,30.0,Urban,Raining no high winds,2005,9.0,Approaching junction or waiting/parked at junction approach,Waiting to go - held up,Back,8821,851
3621,2005,office hours (10-15),Slight,Daylight,1,Dry,Roundabout,30.0,Urban,Fine no high winds,2005,10.0,Approaching junction or waiting/parked at junction approach,Slowing or stopping,Back,8821,752
3623,2005,office hours (10-15),Slight,Daylight,1,Dry,Single carriageway,30.0,Urban,Fine no high winds,2005,8.0,Not at or within 20 metres of junction,Going ahead other,Offside,8821,4763
3625,2005,afternoon rush (15-19),Slight,Daylight,1,Dry,Single carriageway,30.0,Urban,Fine no high winds,2005,17.0,Approaching junction or waiting/parked at junction approach,Overtaking moving vehicle - offside,Offside,8821,171
3626,2005,afternoon rush (15-19),Slight,Daylight,1,Dry,Single carriageway,30.0,Urban,Fine no high winds,2005,4.0,Approaching junction or waiting/parked at junction approach,Turning right,Nearside,8821,1223
3627,2005,office hours (10-15),Slight,Daylight,1,Dry,Dual carriageway,30.0,Urban,Fine no high winds,2005,12.0,Not at or within 20 metres of junction,Going ahead other,Front,8821,4763
3629,2005,evening (19-23),Slight,Darkness - lights lit,1,Wet or damp,Single carriageway,30.0,Rural,Raining no high winds,2005,3.0,Approaching junction or waiting/parked at junction approach,Going ahead other,Front,8821,4763
3630,2005,office hours (10-15),Slight,Daylight,1,Dry,Dual carriageway,50.0,Urban,Fine no high winds,2005,2.0,Not at or within 20 metres of junction,Going ahead other,Offside,8821,4763
3631,2005,office hours (10-15),Slight,Daylight,1,Dry,Single carriageway,30.0,Urban,Fine no high winds,2005,9.0,Not at or within 20 metres of junction,Going ahead other,Back,8821,4763
3633,2005,evening (19-23),Slight,Darkness - lights lit,1,Wet or damp,Single carriageway,30.0,Urban,Raining no high winds,2005,9.0,Mid Junction - on roundabout or on main road,Going ahead other,Nearside,8821,4763
3634,2005,evening (19-23),Slight,Darkness - lights lit,1,Wet or damp,Single carriageway,30.0,Urban,Raining no high winds,2005,6.0,Not at or within 20 metres of junction,Waiting to go - held up,Back,8821,851
3639,2005,evening (19-23),Serious,Darkness - lights lit,3,Dry,Dual carriageway,40.0,Urban,Fine no high winds,2005,13.0,Not at or within 20 metres of junction,Going ahead other,Front,1105,4763
3644,2005,evening (19-23),Slight,Darkness - lights lit,1,Dry,Single carriageway,30.0,Urban,Fine no high winds,2005,3.0,Approaching junction or waiting/parked at junction approach,Going ahead other,Nearside,8821,4763
3646,2005,office hours (10-15),Slight,Daylight,1,Dry,Dual carriageway,30.0,Urban,Fine no high winds,2005,7.0,Mid Junction - on roundabout or on main road,Turning right,Nearside,8821,1223
3647,2005,office hours (10-15),Slight,Daylight,1,Dry,Dual carriageway,30.0,Urban,Fine no high winds,2005,2.0,Mid Junction - on roundabout or on main road,Going ahead other,Front,8821,4763
3650,2005,office hours (10-15),Slight,Daylight,2,Dry,Single carriageway,30.0,Urban,Fine no high winds,2005,6.0,Mid Junction - on roundabout or on main road,Turning right,Back,8821,1223
3651,2005,evening (19-23),Slight,Darkness - lights lit,1,Dry,Single carriageway,30.0,Urban,Fine no high winds,2005,5.0,Approaching junction or waiting/parked at junction approach,Turning right,Offside,8821,1223
3652,2005,office hours (10-15),Slight,Daylight,1,Dry,Single carriageway,30.0,Urban,Fine no high winds,2005,7.0,Approaching junction or waiting/parked at junction approach,Going ahead right-hand bend,Nearside,8821,242
3655,2005,evening (19-23),Slight,Darkness - lights lit,1,Dry,Dual carriageway,30.0,Urban,Fine no high winds,2005,6.0,Approaching junction or waiting/parked at junction approach,Waiting to go - held up,Back,8821,851
3656,2005,night (23-5),Slight,Darkness - lights lit,1,Dry,Single carriageway,30.0,Urban,Fine no high winds,2005,1.0,Not at or within 20 metres of junction,Parked,Back,8821,309
3657,2005,office hours (10-15),Slight,Daylight,1,Wet or damp,Single carriageway,30.0,Urban,Raining no high winds,2005,5.0,Not at or within 20 metres of junction,Going ahead other,Nearside,8821,4763
3659,2005,afternoon rush (15-19),Slight,Darkness - lights lit,1,Dry,Single carriageway,30.0,Urban,Fine no high winds,2005,4.0,Approaching junction or waiting/parked at junction approach,Turning right,Front,8821,1223
3661,2005,office hours (10-15),Slight,Daylight,2,Frost or ice,Single carriageway,30.0,Urban,Snowing no high winds,2005,15.0,Approaching junction or waiting/parked at junction approach,Going ahead left-hand bend,Offside,8821,228
3662,2005,office hours (10-15),Slight,Daylight,1,Dry,Single carriageway,30.0,Urban,Fine no high winds,2005,8.0,Not at or within 20 metres of junction,Reversing,Offside,8821,108
3667,2005,evening (19-23),Slight,Daylight,1,Dry,Single carriageway,30.0,Urban,Fine no high winds,2005,7.0,Approaching junction or waiting/parked at junction approach,Going ahead other,Nearside,8821,4763
3671,2005,afternoon rush (15-19),Slight,Daylight,1,Dry,Single carriageway,30.0,Urban,Fine no high winds,2005,4.0,Approaching junction or waiting/parked at junction approach,Going ahead other,Offside,8821,4763
3675,2005,office hours (10-15),Slight,Daylight,1,Dry,Single carriageway,30.0,Urban,Fine no high winds,2005,1.0,Approaching junction or waiting/parked at junction approach,Going ahead other,Front,8821,4763
3676,2005,morning rush (5-10),Slight,Daylight,1,Dry,Single carriageway,30.0,Urban,Fine no high winds,2005,1.0,Approaching junction or waiting/parked at junction approach,Going ahead other,Did not impact,8821,4763
3678,2005,afternoon rush (15-19),Slight,Daylight,1,Dry,One way street,30.0,Urban,Fine no high winds,2005,1.0,Mid Junction - on roundabout or on main road,Turning right,Front,8821,1223
3679,2005,office hours (10-15),Slight,Daylight,1,Wet or damp,Single carriageway,30.0,Urban,Raining no high winds,2005,8.0,Approaching junction or waiting/parked at junction approach,Going ahead other,Back,8821,4763
3680,2005,office hours (10-15),Serious,Daylight,1,Dry,Single carriageway,30.0,Urban,Fine no high winds,2005,12.0,Not at or within 20 metres of junction,Going ahead other,Front,1105,4763
3682,2005,morning rush (5-10),Serious,Daylight,1,Dry,Single carriageway,30.0,Urban,Fine no high winds,2005,15.0,Mid Junction - on roundabout or on main road,Turning right,Front,1105,1223
3685,2005,office hours (10-15),Slight,Daylight,1,Wet or damp,Roundabout,30.0,Urban,Raining no high winds,2005,4.0,Approaching junction or waiting/parked at junction approach,Waiting to go - held up,Back,8821,851
3687,2005,afternoon rush (15-19),Serious,Daylight,1,Dry,Dual carriageway,50.0,Urban,Fine no high winds,2005,3.0,Not at or within 20 metres of junction,Going ahead other,Back,1105,4763
3688,2005,afternoon rush (15-19),Slight,Daylight,1,Dry,Single carriageway,30.0,Urban,Fine no high winds,2005,3.0,Approaching junction or waiting/parked at junction approach,Turning right,Front,8821,1223
3691,2005,office hours (10-15),Slight,Daylight,1,Wet or damp,Single carriageway,30.0,Urban,Raining no high winds,2005,1.0,Approaching junction or waiting/parked at junction approach,Turning right,Offside,8821,1223
3692,2005,office hours (10-15),Slight,Daylight,1,Dry,Single carriageway,30.0,Urban,Fine no high winds,2005,11.0,Not at or within 20 metres of junction,Going ahead other,Offside,8821,4763
3695,2005,evening (19-23),Slight,Daylight,1,Wet or damp,Single carriageway,30.0,Urban,Raining no high winds,2005,17.0,Approaching junction or waiting/parked at junction approach,Going ahead right-hand bend,Front,8821,242
3696,2005,afternoon rush (15-19),Serious,Daylight,2,Dry,Single carriageway,30.0,Urban,Fine no high winds,2005,1.0,Approaching junction or waiting/parked at junction approach,Going ahead other,Front,1105,4763
3697,2005,afternoon rush (15-19),Slight,Daylight,1,Dry,Single carriageway,30.0,Urban,Fine no high winds,2005,3.0,Approaching junction or waiting/parked at junction approach,Slowing or stopping,Front,8821,752
3698,2005,morning rush (5-10),Slight,Daylight,1,Wet or damp,Single carriageway,30.0,Urban,Raining no high winds,2005,8.0,Not at or within 20 metres of junction,Waiting to go - held up,Back,8821,851
3701,2005,office hours (10-15),Slight,Daylight,1,Dry,Dual carriageway,30.0,Urban,Fine no high winds,2005,1.0,Mid Junction - on roundabout or on main road,Turning right,Nearside,8821,1223
3702,2005,afternoon rush (15-19),Serious,Daylight,1,Wet or damp,Single carriageway,30.0,Urban,Raining no high winds,2005,2.0,Not at or within 20 metres of junction,Going ahead other,Nearside,1105,4763
3703,2005,afternoon rush (15-19),Slight,Daylight,1,Dry,Single carriageway,30.0,Urban,Fine no high winds,2005,9.0,Approaching junction or waiting/parked at junction approach,Turning left,Back,8821,324
3704,2005,afternoon rush (15-19),Slight,Daylight,1,Dry,Single carriageway,30.0,Urban,Fine no high winds,2005,5.0,Approaching junction or waiting/parked at junction approach,Going ahead other,Front,8821,4763
3706,2005,office hours (10-15),Slight,Daylight,1,Dry,Single carriageway,30.0,Urban,Fine no high winds,2005,12.0,Mid Junction - on roundabout or on main road,Changing lane to right,Offside,8821,87
3708,2005,afternoon rush (15-19),Slight,Daylight,1,Dry,Dual carriageway,50.0,Urban,Fine no high winds,2005,5.0,Not at or within 20 metres of junction,Slowing or stopping,Back,8821,752
3711,2005,morning rush (5-10),Slight,Darkness - no lighting,1,Dry,Single carriageway,30.0,Urban,Fine no high winds,2005,6.0,Approaching junction or waiting/parked at junction approach,Turning right,Offside,8821,1223
3712,2005,morning rush (5-10),Slight,Daylight,2,Wet or damp,Single carriageway,30.0,Rural,Raining no high winds,2005,3.0,Not at or within 20 metres of junction,Going ahead right-hand bend,Front,8821,242
3714,2005,morning rush (5-10),Slight,Daylight,1,Dry,Single carriageway,30.0,Urban,Fine no high winds,2005,1.0,Not at or within 20 metres of junction,Going ahead other,Front,8821,4763
3715,2005,afternoon rush (15-19),Slight,Daylight,1,Dry,Single carriageway,30.0,Urban,Fine no high winds,2005,10.0,Not at or within 20 metres of junction,Going ahead other,Offside,8821,4763
3718,2005,morning rush (5-10),Slight,Daylight,1,Dry,Single carriageway,30.0,Urban,Fine no high winds,2005,2.0,Mid Junction - on roundabout or on main road,Turning right,Nearside,8821,1223
3719,2005,morning rush (5-10),Slight,Daylight,1,Dry,Dual carriageway,40.0,Urban,Fine no high winds,2005,17.0,Approaching junction or waiting/parked at junction approach,Waiting to go - held up,Back,8821,851
3720,2005,office hours (10-15),Slight,Daylight,1,Dry,Single carriageway,30.0,Urban,Fine no high winds,2005,5.0,Mid Junction - on roundabout or on main road,Going ahead other,Front,8821,4763
3723,2005,afternoon rush (15-19),Slight,Daylight,1,Dry,Single carriageway,30.0,Urban,Fine no high winds,2005,7.0,Mid Junction - on roundabout or on main road,Turning right,Front,8821,1223
3724,2005,afternoon rush (15-19),Slight,Daylight,1,Dry,Single carriageway,30.0,Urban,Fine no high winds,2005,7.0,Mid Junction - on roundabout or on main road,Going ahead other,Nearside,8821,4763
3726,2005,morning rush (5-10),Slight,Daylight,1,Dry,Dual carriageway,30.0,Urban,Fine no high winds,2005,2.0,Mid Junction - on roundabout or on main road,Turning right,Nearside,8821,1223
3727,2005,afternoon rush (15-19),Slight,Daylight,1,Dry,Single carriageway,30.0,Urban,Fine no high winds,2005,16.0,Approaching junction or waiting/parked at junction approach,Going ahead other,Front,8821,4763
3728,2005,afternoon rush (15-19),Slight,Daylight,1,Dry,Single carriageway,30.0,Urban,Fine no high winds,2005,7.0,Mid Junction - on roundabout or on main road,Turning right,Back,8821,1223
3729,2005,office hours (10-15),Slight,Daylight,1,Dry,Single carriageway,30.0,Urban,Fine no high winds,2005,4.0,Approaching junction or waiting/parked at junction approach,Going ahead other,Nearside,8821,4763
3731,2005,evening (19-23),Slight,Darkness - lights lit,1,Dry,Single carriageway,30.0,Urban,Fine no high winds,2005,6.0,Approaching junction or waiting/parked at junction approach,Going ahead other,Front,8821,4763
3733,2005,morning rush (5-10),Slight,Daylight,2,Dry,Dual carriageway,50.0,Urban,Fine no high winds,2005,14.0,Not at or within 20 metres of junction,Going ahead other,Front,8821,4763
3734,2005,afternoon rush (15-19),Slight,Daylight,1,Dry,Single carriageway,30.0,Urban,Fine no high winds,2005,5.0,Not at or within 20 metres of junction,Going ahead other,Nearside,8821,4763
3735,2005,morning rush (5-10),Slight,Daylight,1,Dry,Dual carriageway,70.0,Urban,Fine no high winds,2005,6.0,Not at or within 20 metres of junction,Going ahead other,Nearside,8821,4763
3736,2005,morning rush (5-10),Slight,Daylight,1,Dry,Dual carriageway,70.0,Urban,Fine no high winds,2005,9.0,Not at or within 20 metres of junction,Changing lane to right,Offside,8821,87