Crash_Ref_Number,Crash_Year,Daytime,Accident_Severity,Light_Conditions,Number_of_Casualties,Road_Surface_Conditions,Road_Type,Speed_limit,Urban_or_Rural_Area,Weather_Conditions,Crash_Year,Age_of_Vehicle,Junction_Location,Vehicle_Manoeuvre,First_Point_of_Impact,count1,count
4039,2005,evening (19-23),Slight,Darkness - lights lit,2,Dry,Single carriageway,30.0,Urban,Fine no high winds,2005,8.0,Approaching junction or waiting/parked at junction approach,Going ahead other,Front,8821,4763
4043,2005,night (23-5),Slight,Darkness - lights lit,1,Wet or damp,Single carriageway,30.0,Urban,Snowing no high winds,2005,5.0,Not at or within 20 metres of junction,Going ahead other,Front,8821,4763
4044,2005,morning rush (5-10),Slight,Daylight,1,Dry,Roundabout,40.0,Urban,Fine no high winds,2005,1.0,Approaching junction or waiting/parked at junction approach,Going ahead other,Front,8821,4763
4045,2005,afternoon rush (15-19),Slight,Daylight,2,Wet or damp,Single carriageway,30.0,Urban,Raining no high winds,2005,6.0,Not at or within 20 metres of junction,Going ahead left-hand bend,Nearside,8821,228
4047,2005,office hours (10-15),Slight,Daylight,1,Dry,Dual carriageway,30.0,Urban,Fine no high winds,2005,2.0,Approaching junction or waiting/parked at junction approach,Waiting to go - held up,Nearside,8821,851
4049,2005,office hours (10-15),Slight,Daylight,1,Dry,Single carriageway,30.0,Urban,Fine no high winds,2005,6.0,Mid Junction - on roundabout or on main road,Going ahead other,Nearside,8821,4763
4050,2005,morning rush (5-10),Slight,Daylight,1,Dry,Single carriageway,30.0,Urban,Fine no high winds,2005,2.0,Approaching junction or waiting/parked at junction approach,Going ahead other,Nearside,8821,4763
4051,2005,morning rush (5-10),Slight,Darkness - lights lit,1,Dry,Single carriageway,30.0,Urban,Fine no high winds,2005,4.0,Not at or within 20 metres of junction,Going ahead other,Front,8821,4763
4056,2005,afternoon rush (15-19),Slight,Daylight,2,Wet or damp,Dual carriageway,50.0,Urban,Raining no high winds,2005,1.0,Not at or within 20 metres of junction,Slowing or stopping,Front,8821,752
4057,2005,afternoon rush (15-19),Slight,Darkness - lights lit,1,Dry,Single carriageway,30.0,Urban,Fine no high winds,2005,2.0,Not at or within 20 metres of junction,Slowing or stopping,Back,8821,752
4060,2005,evening (19-23),Slight,Darkness - lights lit,1,Dry,Single carriageway,30.0,Urban,Fine no high winds,2005,2.0,Not at or within 20 metres of junction,Waiting to go - held up,Back,8821,851
4065,2005,office hours (10-15),Slight,Daylight,1,Dry,Roundabout,30.0,Urban,Fine no high winds,2005,2.0,Mid Junction - on roundabout or on main road,Slowing or stopping,Nearside,8821,752
4066,2005,night (23-5),Slight,Darkness - lights lit,2,Dry,One way street,50.0,Urban,Fine no high winds,2005,5.0,Not at or within 20 metres of junction,Going ahead other,Offside,8821,4763
4067,2005,afternoon rush (15-19),Slight,Daylight,1,Dry,Single carriageway,30.0,Urban,Fine no high winds,2005,1.0,Not at or within 20 metres of junction,Moving off,Offside,8821,251
4069,2005,morning rush (5-10),Slight,Daylight,1,Dry,Single carriageway,30.0,Urban,Fine no high winds,2005,5.0,Mid Junction - on roundabout or on main road,Going ahead other,Nearside,8821,4763
4072,2005,afternoon rush (15-19),Slight,Daylight,1,Dry,Dual carriageway,50.0,Urban,Fine no high winds,2005,2.0,Not at or within 20 metres of junction,Going ahead other,Back,8821,4763
4073,2005,afternoon rush (15-19),Slight,Daylight,1,Dry,Dual carriageway,50.0,Urban,Fine no high winds,2005,2.0,Not at or within 20 metres of junction,Going ahead other,Front,8821,4763
4074,2005,morning rush (5-10),Slight,Daylight,1,Dry,One way street,30.0,Urban,Fine no high winds,2005,8.0,Mid Junction - on roundabout or on main road,Going ahead other,Front,8821,4763
4075,2005,afternoon rush (15-19),Slight,Darkness - lights lit,1,Dry,Single carriageway,30.0,Urban,Fine no high winds,2005,2.0,Approaching junction or waiting/parked at junction approach,Going ahead other,Offside,8821,4763
4077,2005,office hours (10-15),Slight,Daylight,1,Dry,Dual carriageway,50.0,Urban,Fine no high winds,2005,8.0,Not at or within 20 metres of junction,Slowing or stopping,Back,8821,752
4078,2005,afternoon rush (15-19),Slight,Daylight,1,Dry,Dual carriageway,50.0,Urban,Fine no high winds,2005,16.0,Not at or within 20 metres of junction,Slowing or stopping,Back,8821,752
4080,2005,evening (19-23),Slight,Darkness - lights lit,2,Dry,Single carriageway,30.0,Urban,Fine no high winds,2005,6.0,Not at or within 20 metres of junction,Going ahead other,Back,8821,4763
4081,2005,office hours (10-15),Slight,Daylight,1,Dry,Roundabout,40.0,Urban,Fine no high winds,2005,8.0,Mid Junction - on roundabout or on main road,Turning left,Back,8821,324
4083,2005,office hours (10-15),Slight,Daylight,1,Dry,Single carriageway,30.0,Urban,Fine no high winds,2005,9.0,Approaching junction or waiting/parked at junction approach,Going ahead other,Front,8821,4763
4084,2005,afternoon rush (15-19),Slight,Darkness - lights lit,1,Dry,Single carriageway,30.0,Urban,Fine no high winds,2005,6.0,Approaching junction or waiting/parked at junction approach,Turning left,Front,8821,324
4095,2005,office hours (10-15),Slight,Daylight,1,Dry,Dual carriageway,30.0,Urban,Fine no high winds,2005,11.0,Approaching junction or waiting/parked at junction approach,Going ahead other,Back,8821,4763
4096,2005,office hours (10-15),Slight,Daylight,1,Dry,Dual carriageway,30.0,Urban,Fine no high winds,2005,3.0,Approaching junction or waiting/parked at junction approach,Waiting to go - held up,Offside,8821,851
4097,2005,office hours (10-15),Slight,Daylight,1,Dry,Dual carriageway,40.0,Urban,Fine no high winds,2005,1.0,Approaching junction or waiting/parked at junction approach,Going ahead other,Front,8821,4763
4098,2005,morning rush (5-10),Slight,Daylight,1,Wet or damp,Single carriageway,30.0,Urban,Raining no high winds,2005,4.0,Not at or within 20 metres of junction,U-turn,Offside,8821,146
4099,2005,afternoon rush (15-19),Slight,Daylight,1,Wet or damp,Single carriageway,30.0,Urban,Fine no high winds,2005,3.0,Mid Junction - on roundabout or on main road,Going ahead other,Front,8821,4763
4100,2005,night (23-5),Slight,Daylight,1,Dry,Single carriageway,30.0,Urban,Fine no high winds,2005,5.0,Approaching junction or waiting/parked at junction approach,Going ahead other,Offside,8821,4763
4101,2005,night (23-5),Slight,Daylight,1,Dry,Single carriageway,30.0,Urban,Fine no high winds,2005,13.0,Approaching junction or waiting/parked at junction approach,Parked,Front,8821,309
4102,2005,office hours (10-15),Serious,Daylight,1,Dry,Single carriageway,30.0,Urban,Fine no high winds,2005,11.0,Not at or within 20 metres of junction,Going ahead other,Nearside,1105,4763
4103,2005,afternoon rush (15-19),Slight,Daylight,1,Dry,Single carriageway,30.0,Urban,Fine no high winds,2005,16.0,Approaching junction or waiting/parked at junction approach,Slowing or stopping,Back,8821,752
4105,2005,morning rush (5-10),Slight,Daylight,2,Wet or damp,Single carriageway,30.0,Urban,Raining no high winds,2005,2.0,Approaching junction or waiting/parked at junction approach,Going ahead other,Back,8821,4763
4106,2005,afternoon rush (15-19),Serious,Daylight,2,Dry,Dual carriageway,50.0,Urban,Fine no high winds,2005,7.0,Not at or within 20 metres of junction,Slowing or stopping,Back,1105,752
4107,2005,afternoon rush (15-19),Serious,Daylight,2,Dry,Dual carriageway,50.0,Urban,Fine no high winds,2005,1.0,Not at or within 20 metres of junction,Changing lane to right,Front,1105,87
4109,2005,evening (19-23),Slight,Daylight,1,Dry,Roundabout,30.0,Urban,Fine no high winds,2005,5.0,Mid Junction - on roundabout or on main road,Going ahead right-hand bend,Offside,8821,242
4110,2005,office hours (10-15),Slight,Daylight,1,Dry,Dual carriageway,30.0,Urban,Fine no high winds,2005,1.0,Mid Junction - on roundabout or on main road,Overtaking moving vehicle - offside,Nearside,8821,171
4112,2005,afternoon rush (15-19),Slight,Daylight,2,Dry,Single carriageway,30.0,Urban,Fine no high winds,2005,5.0,Mid Junction - on roundabout or on main road,Going ahead other,Nearside,8821,4763
4114,2005,office hours (10-15),Slight,Daylight,1,Dry,Single carriageway,30.0,Urban,Fine no high winds,2005,4.0,Approaching junction or waiting/parked at junction approach,Slowing or stopping,Back,8821,752
4116,2005,morning rush (5-10),Slight,Daylight,1,Dry,Roundabout,40.0,Urban,Fine no high winds,2005,13.0,Mid Junction - on roundabout or on main road,Moving off,Offside,8821,251
4119,2005,afternoon rush (15-19),Slight,Daylight,1,Dry,Single carriageway,30.0,Urban,Fine no high winds,2005,4.0,Not at or within 20 metres of junction,Going ahead other,Nearside,8821,4763
4120,2005,afternoon rush (15-19),Slight,Daylight,1,Dry,Dual carriageway,40.0,Urban,Fine no high winds,2005,2.0,Approaching junction or waiting/parked at junction approach,Going ahead other,Front,8821,4763
4122,2005,office hours (10-15),Slight,Daylight,3,Dry,Single carriageway,30.0,Urban,Fine no high winds,2005,2.0,Mid Junction - on roundabout or on main road,Going ahead other,Front,8821,4763
4123,2005,afternoon rush (15-19),Slight,Daylight,2,Dry,Single carriageway,30.0,Urban,Fine no high winds,2005,3.0,Approaching junction or waiting/parked at junction approach,Going ahead right-hand bend,Front,8821,242
4125,2005,evening (19-23),Slight,Darkness - lights lit,2,Dry,Single carriageway,30.0,Urban,Fine no high winds,2005,12.0,Approaching junction or waiting/parked at junction approach,Waiting to go - held up,Back,8821,851
4128,2005,evening (19-23),Serious,Daylight,1,Dry,Dual carriageway,30.0,Urban,Fine no high winds,2005,10.0,Approaching junction or waiting/parked at junction approach,Going ahead other,Front,1105,4763
4129,2005,evening (19-23),Slight,Darkness - lights lit,1,Wet or damp,Single carriageway,30.0,Urban,Raining no high winds,2005,5.0,Mid Junction - on roundabout or on main road,Going ahead other,Offside,8821,4763
4131,2005,afternoon rush (15-19),Slight,Daylight,1,Dry,Single carriageway,30.0,Urban,Fine no high winds,2005,13.0,Not at or within 20 metres of junction,U-turn,Offside,8821,146
4135,2005,morning rush (5-10),Slight,Daylight,1,Dry,Single carriageway,30.0,Urban,Fine no high winds,2005,8.0,Mid Junction - on roundabout or on main road,Waiting to turn right,Offside,8821,195
4136,2005,night (23-5),Slight,Darkness - lights lit,1,Wet or damp,Single carriageway,30.0,Urban,Fine no high winds,2005,10.0,Not at or within 20 metres of junction,Going ahead other,Offside,8821,4763
4137,2005,morning rush (5-10),Slight,Daylight,1,Dry,Single carriageway,30.0,Urban,Fine no high winds,2005,1.0,Approaching junction or waiting/parked at junction approach,Going ahead other,Nearside,8821,4763
4141,2005,office hours (10-15),Slight,Daylight,1,Dry,Single carriageway,30.0,Urban,Fine no high winds,2005,3.0,Mid Junction - on roundabout or on main road,Going ahead other,Front,8821,4763
4142,2005,afternoon rush (15-19),Slight,Daylight,1,Dry,Single carriageway,30.0,Urban,Fine no high winds,2005,3.0,Approaching junction or waiting/parked at junction approach,Slowing or stopping,Back,8821,752
4143,2005,evening (19-23),Slight,Darkness - lights lit,1,Wet or damp,Single carriageway,30.0,Urban,Fine no high winds,2005,11.0,Cleared junction or waiting/parked at junction exit,Parked,Offside,8821,309
4144,2005,afternoon rush (15-19),Slight,Daylight,1,Dry,Single carriageway,30.0,Urban,Fine no high winds,2005,9.0,Mid Junction - on roundabout or on main road,Going ahead other,Front,8821,4763
4145,2005,office hours (10-15),Slight,Daylight,1,Dry,Single carriageway,30.0,Urban,Fine no high winds,2005,3.0,Mid Junction - on roundabout or on main road,Going ahead other,Front,8821,4763
4150,2005,office hours (10-15),Slight,Daylight,3,Dry,Dual carriageway,50.0,Urban,Fine no high winds,2005,11.0,Not at or within 20 metres of junction,Waiting to go - held up,Back,8821,851
4152,2005,afternoon rush (15-19),Slight,Daylight,1,Dry,Single carriageway,30.0,Urban,Fine no high winds,2005,6.0,Approaching junction or waiting/parked at junction approach,Waiting to go - held up,Nearside,8821,851
4155,2005,afternoon rush (15-19),Slight,Daylight,1,Wet or damp,Single carriageway,30.0,Urban,Raining no high winds,2005,1.0,Approaching junction or waiting/parked at junction approach,Going ahead other,Offside,8821,4763
4156,2005,afternoon rush (15-19),Slight,Daylight,2,Dry,Single carriageway,30.0,Urban,Fine no high winds,2005,5.0,Mid Junction - on roundabout or on main road,Turning right,Nearside,8821,1223
4159,2005,morning rush (5-10),Slight,Daylight,1,Dry,Dual carriageway,50.0,Urban,Fine no high winds,2005,3.0,Not at or within 20 metres of junction,Slowing or stopping,Back,8821,752
4161,2005,evening (19-23),Slight,Daylight,1,Dry,Roundabout,30.0,Urban,Fine no high winds,2005,9.0,Approaching junction or waiting/parked at junction approach,Going ahead right-hand bend,Nearside,8821,242
4162,2005,afternoon rush (15-19),Slight,Daylight,1,Dry,Roundabout,30.0,Rural,Fine no high winds,2005,2.0,Approaching junction or waiting/parked at junction approach,Going ahead other,Offside,8821,4763
4163,2005,afternoon rush (15-19),Slight,Daylight,1,Dry,Single carriageway,30.0,Urban,Fine no high winds,2005,7.0,Approaching junction or waiting/parked at junction approach,Going ahead other,Front,8821,4763
4167,2005,afternoon rush (15-19),Slight,Daylight,2,Dry,Dual carriageway,30.0,Urban,Fine no high winds,2005,7.0,Mid Junction - on roundabout or on main road,Going ahead other,Front,8821,4763
4169,2005,office hours (10-15),Slight,Daylight,3,Dry,Single carriageway,30.0,Urban,Fine no high winds,2005,10.0,Not at or within 20 metres of junction,Going ahead other,Front,8821,4763
4171,2005,evening (19-23),Slight,Darkness - lights lit,1,Wet or damp,Roundabout,40.0,Urban,Fine no high winds,2005,3.0,Mid Junction - on roundabout or on main road,Going ahead other,Nearside,8821,4763
4173,2005,evening (19-23),Slight,Daylight,1,Dry,Single carriageway,30.0,Urban,Fine no high winds,2005,1.0,Approaching junction or waiting/parked at junction approach,Going ahead other,Nearside,8821,4763
4175,2005,office hours (10-15),Slight,Daylight,1,Dry,Single carriageway,30.0,Urban,Fine no high winds,2005,11.0,Not at or within 20 metres of junction,Going ahead right-hand bend,Nearside,8821,242
4176,2005,office hours (10-15),Slight,Daylight,1,Dry,Single carriageway,30.0,Urban,Fine no high winds,2005,4.0,Not at or within 20 metres of junction,Going ahead other,Offside,8821,4763
4181,2005,morning rush (5-10),Slight,Daylight,1,Dry,Single carriageway,30.0,Urban,Fine no high winds,2005,2.0,Approaching junction or waiting/parked at junction approach,Turning left,Back,8821,324
4183,2005,afternoon rush (15-19),Slight,Daylight,1,Dry,Single carriageway,30.0,Urban,Fine no high winds,2005,3.0,Cleared junction or waiting/parked at junction exit,Going ahead other,Front,8821,4763
4184,2005,morning rush (5-10),Slight,Daylight,1,Wet or damp,Roundabout,30.0,Urban,Raining no high winds,2005,2.0,Approaching junction or waiting/parked at junction approach,Going ahead other,Nearside,8821,4763
4185,2005,morning rush (5-10),Slight,Daylight,1,Dry,Dual carriageway,50.0,Urban,Fine no high winds,2005,7.0,Not at or within 20 metres of junction,Going ahead other,Front,8821,4763
4188,2005,afternoon rush (15-19),Slight,Daylight,1,Wet or damp,Single carriageway,30.0,Urban,Raining no high winds,2005,8.0,Not at or within 20 metres of junction,Going ahead other,Front,8821,4763
4196,2005,night (23-5),Slight,Darkness - lights lit,1,Dry,Single carriageway,30.0,Urban,Fine no high winds,2005,6.0,Approaching junction or waiting/parked at junction approach,Going ahead other,Front,8821,4763
4197,2005,evening (19-23),Slight,Daylight,2,Dry,Single carriageway,30.0,Urban,Fine no high winds,2005,14.0,Approaching junction or waiting/parked at junction approach,Going ahead other,Front,8821,4763
4201,2005,afternoon rush (15-19),Slight,Daylight,1,Dry,Single carriageway,30.0,Urban,Fine no high winds,2005,3.0,Mid Junction - on roundabout or on main road,Going ahead other,Nearside,8821,4763
4206,2005,afternoon rush (15-19),Slight,Daylight,1,Dry,Single carriageway,30.0,Urban,Fine no high winds,2005,7.0,Leaving roundabout,Going ahead other,Back,8821,4763
4207,2005,afternoon rush (15-19),Slight,Daylight,1,Wet or damp,Single carriageway,30.0,Urban,Raining no high winds,2005,1.0,Not at or within 20 metres of junction,Going ahead other,Back,8821,4763
4208,2005,afternoon rush (15-19),Slight,Daylight,1,Wet or damp,Single carriageway,30.0,Urban,Raining no high winds,2005,3.0,Not at or within 20 metres of junction,Going ahead other,Front,8821,4763
4210,2005,office hours (10-15),Slight,Daylight,2,Dry,Single carriageway,30.0,Urban,Fine no high winds,2005,14.0,Approaching junction or waiting/parked at junction approach,Going ahead other,Front,8821,4763
4211,2005,office hours (10-15),Slight,Daylight,2,Dry,Single carriageway,30.0,Urban,Fine no high winds,2005,5.0,Approaching junction or waiting/parked at junction approach,Waiting to go - held up,Back,8821,851
4212,2005,morning rush (5-10),Serious,Daylight,3,Wet or damp,Single carriageway,30.0,Urban,Raining no high winds,2005,11.0,Approaching junction or waiting/parked at junction approach,Going ahead right-hand bend,Front,1105,242
4213,2005,afternoon rush (15-19),Serious,Daylight,3,Dry,Dual carriageway,50.0,Urban,Fine no high winds,2005,7.0,Not at or within 20 metres of junction,Changing lane to right,Back,1105,87
4214,2005,office hours (10-15),Slight,Daylight,1,Dry,Single carriageway,30.0,Urban,Fine no high winds,2005,10.0,Approaching junction or waiting/parked at junction approach,Waiting to go - held up,Back,8821,851
4216,2005,evening (19-23),Slight,Darkness - lights lit,1,Dry,Dual carriageway,50.0,Urban,Fine no high winds,2005,8.0,Cleared junction or waiting/parked at junction exit,Changing lane to left,Nearside,8821,76
4218,2005,afternoon rush (15-19),Slight,Daylight,1,Dry,Single carriageway,30.0,Rural,Fine no high winds,2005,2.0,Approaching junction or waiting/parked at junction approach,Going ahead other,Front,8821,4763
4219,2005,afternoon rush (15-19),Slight,Daylight,1,Dry,Single carriageway,30.0,Rural,Fine no high winds,2005,1.0,Approaching junction or waiting/parked at junction approach,Waiting to go - held up,Back,8821,851
4225,2005,office hours (10-15),Slight,Daylight,1,Dry,Single carriageway,30.0,Urban,Fine no high winds,2005,5.0,Mid Junction - on roundabout or on main road,Going ahead other,Offside,8821,4763
4226,2005,night (23-5),Slight,Darkness - lights lit,1,Dry,Single carriageway,30.0,Urban,Fine no high winds,2005,5.0,Leaving roundabout,Going ahead other,Back,8821,4763
4227,2005,night (23-5),Slight,Darkness - lights lit,1,Dry,Single carriageway,30.0,Urban,Fine no high winds,2005,5.0,Approaching junction or waiting/parked at junction approach,Turning left,Back,8821,324
4228,2005,office hours (10-15),Slight,Daylight,1,Dry,Single carriageway,30.0,Urban,Fine no high winds,2005,3.0,Mid Junction - on roundabout or on main road,Going ahead other,Front,8821,4763
4229,2005,office hours (10-15),Slight,Daylight,1,Dry,Single carriageway,30.0,Urban,Fine no high winds,2005,8.0,Mid Junction - on roundabout or on main road,Turning right,Offside,8821,1223
4230,2005,office hours (10-15),Slight,Daylight,1,Wet or damp,Roundabout,30.0,Urban,Raining no high winds,2005,9.0,Approaching junction or waiting/parked at junction approach,Going ahead other,Nearside,8821,4763
4233,2005,afternoon rush (15-19),Slight,Daylight,2,Dry,Single carriageway,30.0,Rural,Fine no high winds,2005,1.0,Not at or within 20 metres of junction,Waiting to go - held up,Back,8821,851
4234,2005,morning rush (5-10),Slight,Daylight,2,Dry,Single carriageway,30.0,Urban,Fine no high winds,2005,8.0,Approaching junction or waiting/parked at junction approach,Slowing or stopping,Back,8821,752
4235,2005,afternoon rush (15-19),Slight,Daylight,2,Dry,Single carriageway,30.0,Urban,Fine no high winds,2005,10.0,Approaching junction or waiting/parked at junction approach,Slowing or stopping,Back,8821,752
4237,2005,morning rush (5-10),Slight,Daylight,1,Dry,Roundabout,30.0,Urban,Fine no high winds,2005,1.0,Approaching junction or waiting/parked at junction approach,Slowing or stopping,Back,8821,752
4238,2005,afternoon rush (15-19),Slight,Daylight,1,Dry,Single carriageway,30.0,Urban,Fine no high winds,2005,3.0,Mid Junction - on roundabout or on main road,Turning right,Offside,8821,1223
4239,2005,afternoon rush (15-19),Slight,Daylight,1,Dry,Single carriageway,30.0,Urban,Fine no high winds,2005,1.0,Not at or within 20 metres of junction,Going ahead other,Nearside,8821,4763
4240,2005,afternoon rush (15-19),Slight,Daylight,1,Dry,Dual carriageway,30.0,Urban,Fine no high winds,2005,10.0,Not at or within 20 metres of junction,Slowing or stopping,Back,8821,752
4241,2005,office hours (10-15),Slight,Daylight,1,Dry,Dual carriageway,40.0,Urban,Fine no high winds,2005,4.0,Mid Junction - on roundabout or on main road,Turning left,Back,8821,324
4243,2005,afternoon rush (15-19),Slight,Darkness - lights lit,3,Dry,Single carriageway,30.0,Urban,Fine no high winds,2005,6.0,Not at or within 20 metres of junction,Slowing or stopping,Back,8821,752
4245,2005,office hours (10-15),Slight,Daylight,1,Dry,Single carriageway,30.0,Urban,Fine no high winds,2005,6.0,Not at or within 20 metres of junction,Parked,Offside,8821,309
4246,2005,afternoon rush (15-19),Slight,Darkness - lights lit,1,Dry,Roundabout,30.0,Urban,Fine no high winds,2005,3.0,Mid Junction - on roundabout or on main road,Turning left,Nearside,8821,324
4247,2005,morning rush (5-10),Slight,Daylight,1,Dry,Single carriageway,30.0,Urban,Fine no high winds,2005,12.0,Approaching junction or waiting/parked at junction approach,Moving off,Back,8821,251
4249,2005,afternoon rush (15-19),Slight,Darkness - lights lit,1,Dry,Single carriageway,30.0,Urban,Fine no high winds,2005,12.0,Not at or within 20 metres of junction,Going ahead other,Nearside,8821,4763
4252,2005,afternoon rush (15-19),Slight,Daylight,1,Dry,Single carriageway,30.0,Urban,Fine no high winds,2005,5.0,Approaching junction or waiting/parked at junction approach,Slowing or stopping,Back,8821,752
4253,2005,office hours (10-15),Serious,Daylight,7,Dry,Single carriageway,30.0,Urban,Fine no high winds,2005,1.0,Leaving roundabout,Waiting to go - held up,Back,1105,851
4255,2005,office hours (10-15),Slight,Daylight,1,Dry,Dual carriageway,50.0,Rural,Fine no high winds,2005,8.0,Not at or within 20 metres of junction,Changing lane to right,Did not impact,8821,87
4257,2005,afternoon rush (15-19),Slight,Daylight,1,Dry,Single carriageway,30.0,Urban,Fine no high winds,2005,3.0,Mid Junction - on roundabout or on main road,Going ahead other,Front,8821,4763
4258,2005,afternoon rush (15-19),Slight,Daylight,1,Dry,Single carriageway,30.0,Urban,Fine no high winds,2005,1.0,Approaching junction or waiting/parked at junction approach,Waiting to go - held up,Back,8821,851
4259,2005,afternoon rush (15-19),Slight,Daylight,1,Dry,Single carriageway,30.0,Urban,Fine no high winds,2005,2.0,Mid Junction - on roundabout or on main road,Going ahead other,Nearside,8821,4763
4261,2005,evening (19-23),Slight,Daylight,1,Wet or damp,Roundabout,30.0,Urban,Raining no high winds,2005,3.0,Mid Junction - on roundabout or on main road,Overtaking moving vehicle - offside,Front,8821,171
4262,2005,evening (19-23),Slight,Daylight,1,Wet or damp,Roundabout,30.0,Urban,Raining no high winds,2005,1.0,Mid Junction - on roundabout or on main road,Turning right,Offside,8821,1223
4264,2005,afternoon rush (15-19),Slight,Daylight,1,Dry,Roundabout,30.0,Urban,Fine no high winds,2005,9.0,Mid Junction - on roundabout or on main road,Going ahead other,Nearside,8821,4763
4267,2005,afternoon rush (15-19),Slight,Darkness - lights lit,1,Dry,Single carriageway,30.0,Urban,Fine no high winds,2005,2.0,Cleared junction or waiting/parked at junction exit,Waiting to go - held up,Back,8821,851
4268,2005,morning rush (5-10),Slight,Daylight,2,Dry,Single carriageway,30.0,Urban,Fine no high winds,2005,7.0,Cleared junction or waiting/parked at junction exit,Going ahead other,Front,8821,4763
4270,2005,afternoon rush (15-19),Slight,Daylight,1,Dry,Single carriageway,30.0,Urban,Fine no high winds,2005,8.0,Not at or within 20 metres of junction,Going ahead other,Front,8821,4763
4273,2005,morning rush (5-10),Slight,Daylight,1,Dry,Single carriageway,30.0,Urban,Fine no high winds,2005,4.0,Cleared junction or waiting/parked at junction exit,Turning right,Front,8821,1223
4275,2005,afternoon rush (15-19),Slight,Daylight,1,Dry,Roundabout,30.0,Rural,Fine no high winds,2005,1.0,Mid Junction - on roundabout or on main road,Waiting to go - held up,Back,8821,851
4276,2005,evening (19-23),Slight,Daylight,1,Dry,Single carriageway,30.0,Urban,Fine no high winds,2005,1.0,Approaching junction or waiting/parked at junction approach,Slowing or stopping,Back,8821,752
4278,2005,morning rush (5-10),Serious,Daylight,1,Dry,Dual carriageway,50.0,Urban,Fine no high winds,2005,10.0,Not at or within 20 metres of junction,Going ahead other,Front,1105,4763
4279,2005,afternoon rush (15-19),Slight,Daylight,1,Dry,Single carriageway,30.0,Urban,Fine no high winds,2005,1.0,Approaching junction or waiting/parked at junction approach,Going ahead other,Front,8821,4763
4281,2005,morning rush (5-10),Slight,Daylight,2,Dry,Dual carriageway,40.0,Urban,Fine no high winds,2005,2.0,Not at or within 20 metres of junction,Going ahead other,Back,8821,4763
4283,2005,office hours (10-15),Slight,Daylight,1,Dry,Single carriageway,30.0,Urban,Fine no high winds,2005,7.0,Cleared junction or waiting/parked at junction exit,Turning left,Front,8821,324
4284,2005,afternoon rush (15-19),Slight,Daylight,1,Dry,Single carriageway,30.0,Urban,Fine no high winds,2005,2.0,Mid Junction - on roundabout or on main road,Going ahead other,Front,8821,4763
4286,2005,office hours (10-15),Slight,Daylight,1,Dry,Single carriageway,30.0,Urban,Fine no high winds,2005,3.0,Mid Junction - on roundabout or on main road,Going ahead other,Nearside,8821,4763
4289,2005,morning rush (5-10),Slight,Daylight,1,Dry,Single carriageway,30.0,Urban,Fine no high winds,2005,4.0,Approaching junction or waiting/parked at junction approach,Waiting to go - held up,Back,8821,851
4290,2005,morning rush (5-10),Slight,Daylight,1,Dry,Single carriageway,30.0,Urban,Fine no high winds,2005,4.0,Approaching junction or waiting/parked at junction approach,Waiting to go - held up,Back,8821,851
4292,2005,office hours (10-15),Slight,Daylight,1,Dry,Single carriageway,30.0,Urban,Fine no high winds,2005,11.0,Not at or within 20 metres of junction,Going ahead right-hand bend,Offside,8821,242
4298,2005,office hours (10-15),Slight,Daylight,1,Dry,Single carriageway,30.0,Urban,Fine no high winds,2005,1.0,Not at or within 20 metres of junction,Moving off,Front,8821,251
4301,2005,afternoon rush (15-19),Slight,Daylight,3,Dry,Single carriageway,30.0,Urban,Fine no high winds,2005,1.0,Mid Junction - on roundabout or on main road,Turning right,Offside,8821,1223
4307,2005,afternoon rush (15-19),Slight,Daylight,1,Dry,Roundabout,30.0,Urban,Fine no high winds,2005,1.0,Mid Junction - on roundabout or on main road,Slowing or stopping,Front,8821,752
4308,2005,office hours (10-15),Slight,Daylight,1,Dry,Single carriageway,30.0,Urban,Fine no high winds,2005,3.0,Mid Junction - on roundabout or on main road,Going ahead other,Front,8821,4763
4310,2005,office hours (10-15),Slight,Daylight,3,Dry,Dual carriageway,40.0,Urban,Fine no high winds,2005,1.0,Not at or within 20 metres of junction,Slowing or stopping,Back,8821,752
4311,2005,office hours (10-15),Slight,Daylight,1,Dry,Dual carriageway,40.0,Urban,Fine no high winds,2005,4.0,Not at or within 20 metres of junction,Waiting to go - held up,Back,8821,851
4313,2005,office hours (10-15),Slight,Daylight,1,Dry,Single carriageway,30.0,Urban,Fine no high winds,2005,12.0,Not at or within 20 metres of junction,Moving off,Nearside,8821,251
4315,2005,evening (19-23),Serious,Darkness - lights lit,4,Dry,Single carriageway,30.0,Urban,Fine no high winds,2005,8.0,Approaching junction or waiting/parked at junction approach,Going ahead other,Front,1105,4763
4316,2005,evening (19-23),Slight,Darkness - lights lit,1,Dry,Single carriageway,30.0,Urban,Fine no high winds,2005,5.0,Mid Junction - on roundabout or on main road,Going ahead other,Offside,8821,4763
4319,2005,evening (19-23),Slight,Daylight,1,Dry,Single carriageway,30.0,Urban,Fine no high winds,2005,16.0,Not at or within 20 metres of junction,Going ahead right-hand bend,Front,8821,242
4320,2005,office hours (10-15),Slight,Daylight,1,Dry,Single carriageway,30.0,Urban,Fine no high winds,2005,8.0,Approaching junction or waiting/parked at junction approach,Waiting to go - held up,Nearside,8821,851