Crash_Ref_Number,Crash_Year,Daytime,Accident_Severity,Light_Conditions,Number_of_Casualties,Road_Surface_Conditions,Road_Type,Speed_limit,Urban_or_Rural_Area,Weather_Conditions,Crash_Year,Age_of_Vehicle,Junction_Location,Vehicle_Manoeuvre,First_Point_of_Impact,count1,count
4323,2005,afternoon rush (15-19),Slight,Darkness - lights unlit,1,Dry,Single carriageway,30.0,Urban,Fine no high winds,2005,11.0,Mid Junction - on roundabout or on main road,Turning right,Front,8821,1223
4326,2005,morning rush (5-10),Slight,Daylight,1,Dry,Dual carriageway,30.0,Urban,Fine no high winds,2005,7.0,Not at or within 20 metres of junction,Waiting to go - held up,Back,8821,851
4327,2005,office hours (10-15),Serious,Daylight,1,Dry,Single carriageway,30.0,Urban,Fine no high winds,2005,6.0,Not at or within 20 metres of junction,Going ahead other,Nearside,1105,4763
4329,2005,office hours (10-15),Slight,Daylight,1,Dry,Single carriageway,30.0,Urban,Fine no high winds,2005,1.0,Not at or within 20 metres of junction,U-turn,Front,8821,146
4333,2005,morning rush (5-10),Slight,Daylight,1,Dry,Single carriageway,30.0,Urban,Fine no high winds,2005,12.0,Approaching junction or waiting/parked at junction approach,Going ahead other,Front,8821,4763
4334,2005,evening (19-23),Slight,Darkness - lights lit,2,Dry,Dual carriageway,50.0,Urban,Fine no high winds,2005,1.0,Not at or within 20 metres of junction,Slowing or stopping,Back,8821,752
4335,2005,office hours (10-15),Slight,Daylight,1,Dry,Single carriageway,30.0,Urban,Fine no high winds,2005,3.0,Approaching junction or waiting/parked at junction approach,Going ahead other,Front,8821,4763
4336,2005,afternoon rush (15-19),Slight,Daylight,1,Dry,Single carriageway,30.0,Urban,Fine no high winds,2005,5.0,Not at or within 20 metres of junction,Going ahead other,Offside,8821,4763
4337,2005,afternoon rush (15-19),Slight,Darkness - lights lit,1,Dry,Roundabout,30.0,Urban,Fine no high winds,2005,5.0,Mid Junction - on roundabout or on main road,Going ahead other,Offside,8821,4763
4339,2005,office hours (10-15),Slight,Daylight,1,Dry,Single carriageway,30.0,Urban,Fine no high winds,2005,7.0,Approaching junction or waiting/parked at junction approach,Going ahead other,Back,8821,4763
4340,2005,morning rush (5-10),Slight,Daylight,1,Wet or damp,Dual carriageway,50.0,Urban,Raining no high winds,2005,12.0,Not at or within 20 metres of junction,Going ahead other,Nearside,8821,4763
4342,2005,office hours (10-15),Slight,Daylight,2,Dry,Single carriageway,30.0,Urban,Fine no high winds,2005,1.0,Not at or within 20 metres of junction,Going ahead other,Front,8821,4763
4343,2005,morning rush (5-10),Slight,Daylight,1,Dry,Single carriageway,30.0,Rural,Fine no high winds,2005,6.0,Not at or within 20 metres of junction,Slowing or stopping,Back,8821,752
4344,2005,afternoon rush (15-19),Slight,Daylight,1,Dry,Single carriageway,30.0,Urban,Fine no high winds,2005,14.0,Approaching junction or waiting/parked at junction approach,Going ahead other,Offside,8821,4763
4347,2005,morning rush (5-10),Slight,Daylight,1,Dry,Single carriageway,30.0,Urban,Fine no high winds,2005,1.0,Approaching junction or waiting/parked at junction approach,Going ahead other,Front,8821,4763
4353,2005,afternoon rush (15-19),Slight,Daylight,1,Dry,Single carriageway,30.0,Urban,Fine no high winds,2005,11.0,Leaving roundabout,Going ahead other,Offside,8821,4763
4355,2005,office hours (10-15),Slight,Daylight,1,Dry,Single carriageway,30.0,Urban,Fine no high winds,2005,9.0,Not at or within 20 metres of junction,Going ahead other,Front,8821,4763
4356,2005,afternoon rush (15-19),Slight,Darkness - lights lit,1,Dry,Single carriageway,30.0,Urban,Fine no high winds,2005,3.0,Approaching junction or waiting/parked at junction approach,Going ahead other,Front,8821,4763
4357,2005,afternoon rush (15-19),Serious,Darkness - lights lit,2,Dry,Dual carriageway,50.0,Urban,Fine no high winds,2005,1.0,Mid Junction - on roundabout or on main road,Waiting to go - held up,Back,1105,851
4358,2005,afternoon rush (15-19),Serious,Darkness - lights lit,2,Dry,Dual carriageway,50.0,Urban,Fine no high winds,2005,1.0,Mid Junction - on roundabout or on main road,Going ahead other,Front,1105,4763
4360,2005,evening (19-23),Slight,Darkness - lights lit,2,Wet or damp,Single carriageway,30.0,Urban,Raining no high winds,2005,5.0,Approaching junction or waiting/parked at junction approach,Going ahead other,Offside,8821,4763
4361,2005,office hours (10-15),Slight,Daylight,1,Dry,Single carriageway,30.0,Urban,Fine no high winds,2005,2.0,Approaching junction or waiting/parked at junction approach,Turning right,Nearside,8821,1223
4363,2005,morning rush (5-10),Slight,Darkness - lights lit,1,Dry,Roundabout,30.0,Urban,Fine no high winds,2005,6.0,Mid Junction - on roundabout or on main road,Moving off,Back,8821,251
4364,2005,office hours (10-15),Slight,Daylight,1,Dry,Single carriageway,30.0,Urban,Fine no high winds,2005,10.0,Approaching junction or waiting/parked at junction approach,Going ahead other,Back,8821,4763
4366,2005,morning rush (5-10),Slight,Daylight,1,Dry,Single carriageway,30.0,Urban,Fine no high winds,2005,9.0,Approaching junction or waiting/parked at junction approach,Going ahead other,Front,8821,4763
4367,2005,evening (19-23),Slight,Darkness - lights lit,1,Wet or damp,Single carriageway,30.0,Urban,Raining no high winds,2005,9.0,Cleared junction or waiting/parked at junction exit,Going ahead other,Did not impact,8821,4763
4369,2005,afternoon rush (15-19),Slight,Darkness - lights lit,1,Dry,Single carriageway,30.0,Urban,Fine no high winds,2005,4.0,Mid Junction - on roundabout or on main road,Turning left,Front,8821,324
4371,2005,office hours (10-15),Slight,Daylight,4,Dry,Single carriageway,30.0,Urban,Fine no high winds,2005,4.0,Approaching junction or waiting/parked at junction approach,Going ahead other,Nearside,8821,4763
4373,2005,afternoon rush (15-19),Slight,Darkness - lights lit,2,Dry,Single carriageway,30.0,Urban,Fine no high winds,2005,7.0,Approaching junction or waiting/parked at junction approach,Going ahead other,Back,8821,4763
4374,2005,afternoon rush (15-19),Slight,Darkness - lights lit,2,Dry,Single carriageway,30.0,Urban,Fine no high winds,2005,3.0,Approaching junction or waiting/parked at junction approach,Going ahead other,Back,8821,4763
4375,2005,office hours (10-15),Slight,Daylight,1,Dry,Dual carriageway,40.0,Urban,Fine no high winds,2005,10.0,Mid Junction - on roundabout or on main road,Going ahead other,Front,8821,4763
4380,2005,morning rush (5-10),Slight,Daylight,2,Dry,Single carriageway,30.0,Urban,Fine no high winds,2005,13.0,Mid Junction - on roundabout or on main road,Going ahead other,Back,8821,4763
4381,2005,morning rush (5-10),Slight,Daylight,2,Dry,Single carriageway,30.0,Urban,Fine no high winds,2005,9.0,Mid Junction - on roundabout or on main road,Going ahead other,Front,8821,4763
4382,2005,office hours (10-15),Slight,Daylight,1,Wet or damp,Single carriageway,30.0,Urban,Raining no high winds,2005,4.0,Approaching junction or waiting/parked at junction approach,Going ahead other,Nearside,8821,4763
4383,2005,evening (19-23),Slight,Darkness - lights lit,3,Dry,Roundabout,30.0,Urban,Fine no high winds,2005,1.0,Mid Junction - on roundabout or on main road,Going ahead other,Back,8821,4763
4389,2005,afternoon rush (15-19),Slight,Daylight,1,Dry,Single carriageway,30.0,Urban,Fine no high winds,2005,11.0,Not at or within 20 metres of junction,Overtaking static vehicle - offside,Front,8821,147
4390,2005,afternoon rush (15-19),Slight,Darkness - lights lit,1,Dry,Single carriageway,30.0,Urban,Fine no high winds,2005,4.0,Mid Junction - on roundabout or on main road,Going ahead other,Front,8821,4763
4393,2005,afternoon rush (15-19),Slight,Daylight,1,Dry,Single carriageway,30.0,Urban,Fine no high winds,2005,6.0,Mid Junction - on roundabout or on main road,Going ahead other,Front,8821,4763
4396,2005,afternoon rush (15-19),Slight,Daylight,1,Dry,Single carriageway,30.0,Urban,Fine no high winds,2005,6.0,Mid Junction - on roundabout or on main road,Turning left,Front,8821,324
4400,2005,afternoon rush (15-19),Serious,Darkness - lights lit,3,Wet or damp,Single carriageway,30.0,Urban,Fine no high winds,2005,2.0,Mid Junction - on roundabout or on main road,Turning right,Front,1105,1223
4401,2005,afternoon rush (15-19),Slight,Daylight,2,Wet or damp,Single carriageway,30.0,Urban,Raining no high winds,2005,3.0,Approaching junction or waiting/parked at junction approach,Going ahead other,Front,8821,4763
4403,2005,evening (19-23),Slight,Darkness - lights lit,1,Dry,Single carriageway,30.0,Urban,Fine no high winds,2005,4.0,Mid Junction - on roundabout or on main road,Going ahead other,Nearside,8821,4763
4404,2005,evening (19-23),Serious,Darkness - lights lit,1,Wet or damp,Single carriageway,30.0,Urban,Raining no high winds,2005,9.0,Mid Junction - on roundabout or on main road,Going ahead other,Offside,1105,4763
4405,2005,afternoon rush (15-19),Slight,Darkness - lights lit,1,Dry,Dual carriageway,30.0,Urban,Fine no high winds,2005,6.0,Cleared junction or waiting/parked at junction exit,Going ahead other,Back,8821,4763
4406,2005,morning rush (5-10),Slight,Daylight,1,Dry,Single carriageway,30.0,Urban,Fine no high winds,2005,3.0,Not at or within 20 metres of junction,Slowing or stopping,Back,8821,752
4412,2005,night (23-5),Slight,Darkness - lights lit,1,Dry,Roundabout,30.0,Urban,Fine no high winds,2005,2.0,Mid Junction - on roundabout or on main road,Turning right,Nearside,8821,1223
4415,2005,afternoon rush (15-19),Slight,Darkness - lights lit,1,Dry,Single carriageway,30.0,Urban,Fine no high winds,2005,7.0,Not at or within 20 metres of junction,Going ahead other,Front,8821,4763
4420,2005,morning rush (5-10),Slight,Darkness - lights lit,1,Wet or damp,Single carriageway,30.0,Urban,Fog or mist,2005,4.0,Cleared junction or waiting/parked at junction exit,Going ahead other,Front,8821,4763
4421,2005,afternoon rush (15-19),Slight,Daylight,1,Dry,Single carriageway,30.0,Urban,Fine no high winds,2005,6.0,Cleared junction or waiting/parked at junction exit,Turning left,Did not impact,8821,324
4422,2005,evening (19-23),Slight,Darkness - lights lit,5,Wet or damp,Dual carriageway,30.0,Urban,Fine no high winds,2005,7.0,Not at or within 20 metres of junction,Slowing or stopping,Did not impact,8821,752
4423,2005,evening (19-23),Slight,Darkness - lights lit,5,Wet or damp,Dual carriageway,30.0,Urban,Fine no high winds,2005,5.0,Not at or within 20 metres of junction,Going ahead other,Back,8821,4763
4424,2005,evening (19-23),Slight,Darkness - lights lit,5,Wet or damp,Dual carriageway,30.0,Urban,Fine no high winds,2005,16.0,Not at or within 20 metres of junction,Going ahead other,Front,8821,4763
4425,2005,office hours (10-15),Serious,Daylight,1,Dry,Single carriageway,30.0,Urban,Fine no high winds,2005,7.0,Mid Junction - on roundabout or on main road,U-turn,Offside,1105,146
4426,2005,morning rush (5-10),Slight,Daylight,1,Wet or damp,Roundabout,30.0,Urban,Fine no high winds,2005,8.0,Mid Junction - on roundabout or on main road,Going ahead left-hand bend,Offside,8821,228
4428,2005,afternoon rush (15-19),Serious,Daylight,2,Dry,Dual carriageway,40.0,Urban,Fine no high winds,2005,18.0,Not at or within 20 metres of junction,Going ahead other,Front,1105,4763
4429,2005,afternoon rush (15-19),Serious,Daylight,2,Dry,Dual carriageway,40.0,Urban,Fine no high winds,2005,14.0,Not at or within 20 metres of junction,Waiting to go - held up,Back,1105,851
4431,2005,office hours (10-15),Slight,Daylight,1,Dry,Single carriageway,30.0,Urban,Fine no high winds,2005,2.0,Cleared junction or waiting/parked at junction exit,Going ahead other,Nearside,8821,4763
4432,2005,afternoon rush (15-19),Slight,Daylight,4,Dry,Single carriageway,30.0,Urban,Fine no high winds,2005,2.0,Approaching junction or waiting/parked at junction approach,Going ahead other,Front,8821,4763
4433,2005,evening (19-23),Slight,Darkness - lights lit,3,Dry,Dual carriageway,30.0,Urban,Fine no high winds,2005,4.0,Mid Junction - on roundabout or on main road,Turning right,Front,8821,1223
4434,2005,evening (19-23),Slight,Darkness - lights lit,3,Dry,Dual carriageway,30.0,Urban,Fine no high winds,2005,16.0,Mid Junction - on roundabout or on main road,Going ahead other,Front,8821,4763
4439,2005,night (23-5),Slight,Darkness - lights lit,2,Frost or ice,Roundabout,30.0,Urban,Fine no high winds,2005,3.0,Mid Junction - on roundabout or on main road,Turning right,Front,8821,1223
4440,2005,morning rush (5-10),Slight,Daylight,1,Wet or damp,Dual carriageway,50.0,Urban,Fine no high winds,2005,9.0,Mid Junction - on roundabout or on main road,Going ahead other,Front,8821,4763
4441,2005,evening (19-23),Serious,Darkness - lights lit,1,Dry,Single carriageway,30.0,Urban,Fine no high winds,2005,2.0,Mid Junction - on roundabout or on main road,Going ahead left-hand bend,Front,1105,228
4444,2005,evening (19-23),Slight,Darkness - lights lit,1,Wet or damp,Single carriageway,30.0,Urban,Fine no high winds,2005,6.0,Not at or within 20 metres of junction,Parked,Nearside,8821,309
4445,2005,evening (19-23),Slight,Darkness - lights lit,1,Wet or damp,Single carriageway,30.0,Urban,Fine no high winds,2005,14.0,Not at or within 20 metres of junction,Parked,Nearside,8821,309
4446,2005,evening (19-23),Slight,Darkness - lights lit,1,Dry,Dual carriageway,50.0,Urban,Fine no high winds,2005,17.0,Approaching junction or waiting/parked at junction approach,Going ahead other,Did not impact,8821,4763
4448,2005,evening (19-23),Slight,Darkness - lights lit,1,Dry,Single carriageway,30.0,Urban,Fine no high winds,2005,14.0,Mid Junction - on roundabout or on main road,Going ahead other,Front,8821,4763
4449,2005,afternoon rush (15-19),Slight,Darkness - lights lit,1,Wet or damp,Dual carriageway,50.0,Urban,Fine no high winds,2005,9.0,Not at or within 20 metres of junction,Going ahead left-hand bend,Offside,8821,228
4450,2005,morning rush (5-10),Slight,Daylight,1,Dry,Single carriageway,30.0,Urban,Fine no high winds,2005,7.0,Mid Junction - on roundabout or on main road,Going ahead other,Nearside,8821,4763
4451,2005,morning rush (5-10),Slight,Daylight,1,Dry,Single carriageway,30.0,Urban,Fine no high winds,2005,4.0,Mid Junction - on roundabout or on main road,Going ahead other,Did not impact,8821,4763
4452,2005,office hours (10-15),Slight,Daylight,1,Dry,Dual carriageway,70.0,Rural,Fine no high winds,2005,6.0,Not at or within 20 metres of junction,Going ahead other,Back,8821,4763
4454,2005,morning rush (5-10),Slight,Daylight,1,Wet or damp,Single carriageway,30.0,Urban,Fine no high winds,2005,8.0,Approaching junction or waiting/parked at junction approach,Going ahead other,Front,8821,4763
4455,2005,morning rush (5-10),Slight,Daylight,1,Wet or damp,Single carriageway,30.0,Urban,Fine no high winds,2005,8.0,Approaching junction or waiting/parked at junction approach,Waiting to go - held up,Back,8821,851
4457,2005,afternoon rush (15-19),Slight,Daylight,2,Dry,Roundabout,30.0,Urban,Fine no high winds,2005,2.0,Mid Junction - on roundabout or on main road,Going ahead other,Front,8821,4763
4458,2005,night (23-5),Slight,Darkness - lights lit,2,Wet or damp,Single carriageway,30.0,Urban,Raining no high winds,2005,1.0,Approaching junction or waiting/parked at junction approach,Waiting to turn right,Back,8821,195
4459,2005,office hours (10-15),Slight,Daylight,1,Dry,Single carriageway,30.0,Urban,Fine no high winds,2005,3.0,Not at or within 20 metres of junction,Going ahead other,Nearside,8821,4763
4461,2005,morning rush (5-10),Slight,Daylight,1,Dry,Single carriageway,30.0,Urban,Fine no high winds,2005,1.0,Not at or within 20 metres of junction,U-turn,Offside,8821,146
4464,2005,office hours (10-15),Slight,Daylight,2,Dry,Single carriageway,30.0,Urban,Fine no high winds,2005,1.0,Mid Junction - on roundabout or on main road,Slowing or stopping,Front,8821,752
4465,2005,office hours (10-15),Slight,Daylight,2,Dry,Single carriageway,30.0,Urban,Fine no high winds,2005,2.0,Mid Junction - on roundabout or on main road,Waiting to turn right,Back,8821,195
4466,2005,afternoon rush (15-19),Slight,Daylight,1,Wet or damp,Single carriageway,30.0,Urban,Raining no high winds,2005,2.0,Mid Junction - on roundabout or on main road,Turning right,Offside,8821,1223
4467,2005,office hours (10-15),Slight,Daylight,1,Dry,Dual carriageway,50.0,Urban,Fine no high winds,2005,2.0,Mid Junction - on roundabout or on main road,Waiting to go - held up,Back,8821,851
4468,2005,afternoon rush (15-19),Serious,Darkness - lights lit,1,Dry,Single carriageway,30.0,Urban,Fine no high winds,2005,5.0,Mid Junction - on roundabout or on main road,Going ahead other,Back,1105,4763
4473,2005,office hours (10-15),Slight,Daylight,1,Dry,Dual carriageway,30.0,Urban,Fine no high winds,2005,3.0,Not at or within 20 metres of junction,Slowing or stopping,Back,8821,752
4478,2005,evening (19-23),Slight,Darkness - lights lit,1,Wet or damp,Single carriageway,30.0,Urban,Raining no high winds,2005,16.0,Approaching junction or waiting/parked at junction approach,Going ahead other,Front,8821,4763
4483,2005,morning rush (5-10),Slight,Darkness - lights lit,1,Dry,Roundabout,30.0,Rural,Fine no high winds,2005,5.0,Approaching junction or waiting/parked at junction approach,Waiting to go - held up,Back,8821,851
4484,2005,office hours (10-15),Slight,Daylight,1,Wet or damp,Single carriageway,30.0,Urban,Raining no high winds,2005,2.0,Approaching junction or waiting/parked at junction approach,Turning left,Nearside,8821,324
4486,2005,morning rush (5-10),Slight,Daylight,1,Dry,Single carriageway,30.0,Urban,Fine no high winds,2005,9.0,Approaching junction or waiting/parked at junction approach,Slowing or stopping,Back,8821,752
4487,2005,office hours (10-15),Slight,Daylight,1,Dry,Roundabout,30.0,Urban,Fine no high winds,2005,11.0,Mid Junction - on roundabout or on main road,Going ahead other,Offside,8821,4763
4488,2005,office hours (10-15),Slight,Daylight,1,Dry,Single carriageway,30.0,Urban,Fine no high winds,2005,2.0,Mid Junction - on roundabout or on main road,Turning right,Offside,8821,1223
4490,2005,morning rush (5-10),Slight,Daylight,1,Dry,Single carriageway,30.0,Urban,Fine no high winds,2005,6.0,Mid Junction - on roundabout or on main road,Turning right,Nearside,8821,1223
4491,2005,morning rush (5-10),Slight,Daylight,1,Dry,Single carriageway,30.0,Urban,Fine no high winds,2005,7.0,Mid Junction - on roundabout or on main road,Going ahead other,Front,8821,4763
4492,2005,morning rush (5-10),Slight,Daylight,1,Dry,Dual carriageway,50.0,Urban,Fine no high winds,2005,3.0,Cleared junction or waiting/parked at junction exit,Changing lane to right,Offside,8821,87
4494,2005,evening (19-23),Slight,Darkness - lights lit,1,Dry,Single carriageway,30.0,Urban,Fine no high winds,2005,1.0,Approaching junction or waiting/parked at junction approach,Going ahead other,Front,8821,4763
4495,2005,office hours (10-15),Slight,Daylight,1,Dry,Single carriageway,30.0,Urban,Fine no high winds,2005,8.0,Mid Junction - on roundabout or on main road,Turning right,Front,8821,1223
4497,2005,evening (19-23),Slight,Daylight,1,Wet or damp,Single carriageway,30.0,Urban,Raining no high winds,2005,3.0,Approaching junction or waiting/parked at junction approach,Slowing or stopping,Back,8821,752
4500,2005,office hours (10-15),Slight,Daylight,1,Dry,Single carriageway,30.0,Urban,Fine no high winds,2005,7.0,Mid Junction - on roundabout or on main road,Going ahead other,Nearside,8821,4763
4501,2005,office hours (10-15),Slight,Daylight,1,Dry,Single carriageway,30.0,Urban,Fine no high winds,2005,4.0,Approaching junction or waiting/parked at junction approach,Waiting to turn left,Front,8821,57
4504,2005,night (23-5),Slight,Darkness - lights lit,1,Snow,Dual carriageway,50.0,Urban,Snowing no high winds,2005,4.0,Not at or within 20 metres of junction,Changing lane to right,Nearside,8821,87
4505,2005,office hours (10-15),Slight,Daylight,1,Dry,Dual carriageway,30.0,Urban,Fine no high winds,2005,13.0,Approaching junction or waiting/parked at junction approach,Waiting to go - held up,Back,8821,851
4506,2005,morning rush (5-10),Slight,Daylight,1,Dry,Single carriageway,50.0,Urban,Fine no high winds,2005,2.0,Not at or within 20 metres of junction,Going ahead other,Front,8821,4763
4508,2005,morning rush (5-10),Slight,Daylight,1,Wet or damp,Single carriageway,30.0,Rural,Fine no high winds,2005,2.0,Mid Junction - on roundabout or on main road,Going ahead other,Front,8821,4763
4512,2005,morning rush (5-10),Slight,Daylight,1,Wet or damp,Roundabout,30.0,Urban,Snowing no high winds,2005,7.0,Mid Junction - on roundabout or on main road,Going ahead other,Front,8821,4763
4514,2005,office hours (10-15),Slight,Daylight,1,Wet or damp,Single carriageway,30.0,Urban,Fine no high winds,2005,9.0,Not at or within 20 metres of junction,Parked,Back,8821,309
4515,2005,office hours (10-15),Slight,Daylight,1,Wet or damp,Single carriageway,30.0,Urban,Fine no high winds,2005,14.0,Not at or within 20 metres of junction,Going ahead other,Front,8821,4763
4520,2005,evening (19-23),Slight,Darkness - lights lit,1,Dry,Single carriageway,30.0,Urban,Fine no high winds,2005,11.0,Mid Junction - on roundabout or on main road,Going ahead other,Front,8821,4763
4521,2005,afternoon rush (15-19),Slight,Darkness - lights lit,1,Dry,Single carriageway,30.0,Urban,Fine no high winds,2005,9.0,Not at or within 20 metres of junction,Going ahead other,Front,8821,4763
4523,2005,afternoon rush (15-19),Slight,Darkness - lights lit,1,Wet or damp,Single carriageway,30.0,Urban,Raining no high winds,2005,7.0,Approaching junction or waiting/parked at junction approach,Going ahead other,Front,8821,4763
4527,2005,office hours (10-15),Slight,Daylight,1,Dry,Single carriageway,30.0,Urban,Fine no high winds,2005,11.0,Approaching junction or waiting/parked at junction approach,Slowing or stopping,Back,8821,752
4529,2005,afternoon rush (15-19),Serious,Daylight,2,Dry,Dual carriageway,50.0,Urban,Fine no high winds,2005,3.0,Approaching junction or waiting/parked at junction approach,Going ahead other,Front,1105,4763
4531,2005,afternoon rush (15-19),Slight,Daylight,1,Dry,Single carriageway,30.0,Urban,Fine no high winds,2005,3.0,Approaching junction or waiting/parked at junction approach,Slowing or stopping,Front,8821,752
4533,2005,office hours (10-15),Slight,Daylight,2,Dry,Single carriageway,60.0,Rural,Fine no high winds,2005,8.0,Mid Junction - on roundabout or on main road,Going ahead other,Front,8821,4763
4534,2005,afternoon rush (15-19),Slight,Daylight,1,Wet or damp,Single carriageway,30.0,Urban,Raining no high winds,2005,1.0,Mid Junction - on roundabout or on main road,Going ahead other,Front,8821,4763
4536,2005,afternoon rush (15-19),Slight,Daylight,1,Dry,Single carriageway,30.0,Urban,Fine no high winds,2005,4.0,Approaching junction or waiting/parked at junction approach,Turning right,Offside,8821,1223
4538,2005,evening (19-23),Slight,Darkness - lights lit,1,Dry,Single carriageway,30.0,Urban,Fine no high winds,2005,4.0,Approaching junction or waiting/parked at junction approach,Moving off,Did not impact,8821,251
4540,2005,morning rush (5-10),Slight,Daylight,1,Wet or damp,Single carriageway,30.0,Urban,Raining no high winds,2005,4.0,Mid Junction - on roundabout or on main road,Going ahead other,Front,8821,4763
4542,2005,night (23-5),Slight,Darkness - lights lit,1,Wet or damp,Single carriageway,30.0,Urban,Raining no high winds,2005,7.0,Approaching junction or waiting/parked at junction approach,Turning left,Front,8821,324
4543,2005,office hours (10-15),Slight,Daylight,1,Dry,Dual carriageway,50.0,Urban,Fine no high winds,2005,1.0,Approaching junction or waiting/parked at junction approach,Slowing or stopping,Back,8821,752
4546,2005,morning rush (5-10),Slight,Daylight,2,Wet or damp,Single carriageway,30.0,Rural,Raining no high winds,2005,7.0,Mid Junction - on roundabout or on main road,Going ahead other,Front,8821,4763
4547,2005,office hours (10-15),Slight,Daylight,2,Dry,Dual carriageway,30.0,Rural,Fine no high winds,2005,7.0,Mid Junction - on roundabout or on main road,Waiting to go - held up,Back,8821,851
4548,2005,afternoon rush (15-19),Slight,Daylight,1,Dry,Single carriageway,30.0,Urban,Fine no high winds,2005,1.0,Approaching junction or waiting/parked at junction approach,Slowing or stopping,Back,8821,752
4551,2005,evening (19-23),Slight,Darkness - lights lit,1,Dry,Single carriageway,30.0,Urban,Fine no high winds,2005,4.0,Not at or within 20 metres of junction,Moving off,Offside,8821,251
4553,2005,afternoon rush (15-19),Slight,Daylight,1,Dry,Single carriageway,30.0,Urban,Fine no high winds,2005,11.0,Cleared junction or waiting/parked at junction exit,Going ahead other,Front,8821,4763
4554,2005,morning rush (5-10),Slight,Daylight,1,Wet or damp,Single carriageway,30.0,Urban,Raining no high winds,2005,10.0,Mid Junction - on roundabout or on main road,Turning right,Front,8821,1223
4555,2005,morning rush (5-10),Slight,Daylight,1,Snow,Single carriageway,30.0,Rural,Snowing no high winds,2005,5.0,Approaching junction or waiting/parked at junction approach,Going ahead other,Front,8821,4763
4557,2005,office hours (10-15),Slight,Daylight,1,Dry,Roundabout,30.0,Rural,Fine no high winds,2005,3.0,Approaching junction or waiting/parked at junction approach,Moving off,Front,8821,251
4559,2005,afternoon rush (15-19),Slight,Daylight,1,Dry,Dual carriageway,50.0,Urban,Fine no high winds,2005,2.0,Mid Junction - on roundabout or on main road,Turning right,Nearside,8821,1223
4562,2005,office hours (10-15),Slight,Daylight,1,Dry,Single carriageway,30.0,Urban,Fine no high winds,2005,2.0,Not at or within 20 metres of junction,Going ahead other,Back,8821,4763
4566,2005,evening (19-23),Slight,Darkness - lights lit,2,Dry,Single carriageway,30.0,Urban,Fine no high winds,2005,8.0,Mid Junction - on roundabout or on main road,Waiting to turn right,Back,8821,195
4567,2005,morning rush (5-10),Slight,Daylight,1,Wet or damp,Single carriageway,30.0,Urban,Fine no high winds,2005,5.0,Mid Junction - on roundabout or on main road,Turning left,Offside,8821,324
4570,2005,afternoon rush (15-19),Slight,Daylight,1,Dry,Single carriageway,30.0,Urban,Fine no high winds,2005,8.0,Mid Junction - on roundabout or on main road,Turning right,Offside,8821,1223
4573,2005,afternoon rush (15-19),Serious,Daylight,1,Dry,Single carriageway,40.0,Urban,Fine no high winds,2005,15.0,Entering main road,Going ahead other,Front,1105,4763
4574,2005,afternoon rush (15-19),Slight,Daylight,1,Dry,Single carriageway,30.0,Urban,Fine no high winds,2005,8.0,Not at or within 20 metres of junction,Moving off,Back,8821,251
4575,2005,night (23-5),Slight,Darkness - lights lit,2,Wet or damp,Single carriageway,30.0,Urban,Fine no high winds,2005,5.0,Approaching junction or waiting/parked at junction approach,Overtaking moving vehicle - offside,Front,8821,171
4577,2005,afternoon rush (15-19),Slight,Daylight,1,Dry,Dual carriageway,50.0,Urban,Fine no high winds,2005,2.0,Mid Junction - on roundabout or on main road,Going ahead other,Back,8821,4763
4580,2005,evening (19-23),Slight,Darkness - lights lit,3,Wet or damp,Dual carriageway,30.0,Urban,Raining no high winds,2005,9.0,Approaching junction or waiting/parked at junction approach,Slowing or stopping,Back,8821,752
4582,2005,office hours (10-15),Slight,Daylight,1,Wet or damp,Single carriageway,30.0,Rural,Raining no high winds,2005,7.0,Not at or within 20 metres of junction,Waiting to go - held up,Back,8821,851
4583,2005,afternoon rush (15-19),Slight,Daylight,1,Dry,Single carriageway,30.0,Urban,Fine no high winds,2005,1.0,Approaching junction or waiting/parked at junction approach,Waiting to go - held up,Back,8821,851
4586,2005,evening (19-23),Slight,Darkness - lights lit,1,Dry,Single carriageway,30.0,Urban,Fine no high winds,2005,4.0,Approaching junction or waiting/parked at junction approach,Turning right,Offside,8821,1223
4587,2005,office hours (10-15),Slight,Daylight,2,Dry,Single carriageway,30.0,Urban,Fine no high winds,2005,1.0,Mid Junction - on roundabout or on main road,Turning right,Offside,8821,1223
4590,2005,office hours (10-15),Slight,Daylight,1,Dry,Single carriageway,30.0,Urban,Fine no high winds,2005,3.0,Approaching junction or waiting/parked at junction approach,Slowing or stopping,Back,8821,752
4593,2005,morning rush (5-10),Slight,Daylight,1,Dry,Single carriageway,30.0,Urban,Fine no high winds,2005,1.0,Cleared junction or waiting/parked at junction exit,Waiting to go - held up,Back,8821,851
4596,2005,office hours (10-15),Slight,Daylight,1,Dry,Dual carriageway,30.0,Urban,Fine no high winds,2005,3.0,Mid Junction - on roundabout or on main road,Going ahead other,Front,8821,4763
4598,2005,afternoon rush (15-19),Slight,Daylight,1,Dry,Single carriageway,30.0,Urban,Fine no high winds,2005,6.0,Not at or within 20 metres of junction,Going ahead other,Nearside,8821,4763
4601,2005,night (23-5),Slight,Darkness - lights lit,2,Dry,Dual carriageway,70.0,Rural,Fine no high winds,2005,5.0,Not at or within 20 metres of junction,Going ahead other,Offside,8821,4763