Crash_Ref_Number,Crash_Year,Daytime,Accident_Severity,Light_Conditions,Number_of_Casualties,Road_Surface_Conditions,Road_Type,Speed_limit,Urban_or_Rural_Area,Weather_Conditions,Crash_Year,Age_of_Vehicle,Junction_Location,Vehicle_Manoeuvre,First_Point_of_Impact,count1,count
4605,2005,morning rush (5-10),Slight,Daylight,7,Dry,Dual carriageway,70.0,Rural,Fine no high winds,2005,1.0,Not at or within 20 metres of junction,Going ahead other,Back,8821,4763
4608,2005,afternoon rush (15-19),Slight,Daylight,2,Dry,Single carriageway,30.0,Urban,Fine no high winds,2005,9.0,Approaching junction or waiting/parked at junction approach,Going ahead other,Nearside,8821,4763
4609,2005,morning rush (5-10),Slight,Daylight,1,Dry,Single carriageway,30.0,Urban,Fine no high winds,2005,6.0,Not at or within 20 metres of junction,Going ahead other,Front,8821,4763
4611,2005,morning rush (5-10),Slight,Daylight,1,Dry,Dual carriageway,30.0,Rural,Fine no high winds,2005,4.0,Mid Junction - on roundabout or on main road,Slowing or stopping,Back,8821,752
4613,2005,morning rush (5-10),Slight,Daylight,2,Dry,Dual carriageway,30.0,Urban,Fine no high winds,2005,8.0,Not at or within 20 metres of junction,Waiting to go - held up,Back,8821,851
4614,2005,office hours (10-15),Slight,Daylight,2,Dry,Dual carriageway,70.0,Rural,Fine no high winds,2005,6.0,Not at or within 20 metres of junction,Slowing or stopping,Back,8821,752
4615,2005,office hours (10-15),Slight,Daylight,2,Dry,Dual carriageway,70.0,Rural,Fine no high winds,2005,6.0,Not at or within 20 metres of junction,Going ahead other,Front,8821,4763
4616,2005,afternoon rush (15-19),Slight,Daylight,1,Dry,Single carriageway,30.0,Urban,Fine no high winds,2005,1.0,Mid Junction - on roundabout or on main road,Waiting to turn right,Front,8821,195
4617,2005,afternoon rush (15-19),Slight,Daylight,1,Dry,Single carriageway,30.0,Urban,Fine no high winds,2005,4.0,Mid Junction - on roundabout or on main road,Going ahead other,Offside,8821,4763
4620,2005,morning rush (5-10),Slight,Daylight,2,Dry,Single carriageway,30.0,Urban,Fine no high winds,2005,9.0,Approaching junction or waiting/parked at junction approach,Slowing or stopping,Front,8821,752
4622,2005,afternoon rush (15-19),Slight,Daylight,1,Dry,Roundabout,30.0,Urban,Fine no high winds,2005,4.0,Cleared junction or waiting/parked at junction exit,Waiting to turn right,Back,8821,195
4623,2005,office hours (10-15),Slight,Daylight,1,Dry,Single carriageway,30.0,Urban,Fine no high winds,2005,1.0,Approaching junction or waiting/parked at junction approach,Waiting to go - held up,Back,8821,851
4624,2005,office hours (10-15),Slight,Daylight,1,Dry,Single carriageway,30.0,Urban,Fine no high winds,2005,1.0,Approaching junction or waiting/parked at junction approach,Going ahead other,Front,8821,4763
4625,2005,afternoon rush (15-19),Slight,Daylight,1,Dry,Single carriageway,30.0,Urban,Fine no high winds,2005,4.0,Approaching junction or waiting/parked at junction approach,Going ahead other,Offside,8821,4763
4631,2005,morning rush (5-10),Slight,Daylight,2,Dry,Single carriageway,30.0,Urban,Fine no high winds,2005,3.0,Approaching junction or waiting/parked at junction approach,Slowing or stopping,Back,8821,752
4634,2005,afternoon rush (15-19),Slight,Daylight,1,Dry,Single carriageway,30.0,Urban,Fine no high winds,2005,2.0,Mid Junction - on roundabout or on main road,Waiting to turn right,Offside,8821,195
4638,2005,afternoon rush (15-19),Slight,Daylight,1,Dry,Single carriageway,30.0,Urban,Fine no high winds,2005,4.0,Not at or within 20 metres of junction,Going ahead other,Offside,8821,4763
4642,2005,office hours (10-15),Slight,Daylight,1,Dry,Dual carriageway,70.0,Rural,Fine no high winds,2005,7.0,Not at or within 20 metres of junction,Going ahead other,Front,8821,4763
4643,2005,office hours (10-15),Slight,Daylight,1,Dry,Dual carriageway,70.0,Rural,Fine no high winds,2005,5.0,Not at or within 20 metres of junction,Going ahead other,Offside,8821,4763
4646,2005,office hours (10-15),Slight,Daylight,1,Dry,Single carriageway,30.0,Urban,Fine no high winds,2005,13.0,Leaving roundabout,Slowing or stopping,Front,8821,752
4650,2005,morning rush (5-10),Slight,Daylight,1,Dry,Dual carriageway,30.0,Urban,Fine no high winds,2005,4.0,Mid Junction - on roundabout or on main road,U-turn,Offside,8821,146
4652,2005,office hours (10-15),Serious,Daylight,1,Dry,Dual carriageway,30.0,Urban,Fine no high winds,2005,1.0,Mid Junction - on roundabout or on main road,Going ahead other,Front,1105,4763
4658,2005,morning rush (5-10),Slight,Daylight,1,Dry,Single carriageway,30.0,Urban,Fine no high winds,2005,3.0,Mid Junction - on roundabout or on main road,Going ahead other,Offside,8821,4763
4659,2005,evening (19-23),Slight,Darkness - lights lit,2,Dry,Single carriageway,30.0,Urban,Fine no high winds,2005,8.0,Not at or within 20 metres of junction,Going ahead other,Back,8821,4763
4663,2005,afternoon rush (15-19),Serious,Daylight,1,Dry,Single carriageway,30.0,Urban,Fine no high winds,2005,12.0,Mid Junction - on roundabout or on main road,Turning right,Nearside,1105,1223
4669,2005,morning rush (5-10),Slight,Daylight,1,Dry,Dual carriageway,70.0,Rural,Fine no high winds,2005,8.0,Approaching junction or waiting/parked at junction approach,Slowing or stopping,Back,8821,752
4671,2005,office hours (10-15),Slight,Daylight,1,Dry,Dual carriageway,30.0,Urban,Fine no high winds,2005,1.0,Approaching junction or waiting/parked at junction approach,Waiting to go - held up,Back,8821,851
4678,2005,afternoon rush (15-19),Slight,Daylight,1,Dry,Dual carriageway,50.0,Rural,Fine no high winds,2005,3.0,Cleared junction or waiting/parked at junction exit,Slowing or stopping,Back,8821,752
4679,2005,afternoon rush (15-19),Slight,Daylight,1,Dry,Dual carriageway,50.0,Rural,Fine no high winds,2005,8.0,Cleared junction or waiting/parked at junction exit,Going ahead other,Front,8821,4763
4680,2005,office hours (10-15),Slight,Daylight,3,Dry,Single carriageway,30.0,Urban,Fine no high winds,2005,3.0,Approaching junction or waiting/parked at junction approach,Going ahead other,Front,8821,4763
4682,2005,office hours (10-15),Serious,Daylight,1,Dry,Roundabout,50.0,Urban,Fine no high winds,2005,11.0,Mid Junction - on roundabout or on main road,Going ahead other,Back,1105,4763
4685,2005,afternoon rush (15-19),Slight,Daylight,1,Wet or damp,Single carriageway,30.0,Urban,Raining no high winds,2005,4.0,Not at or within 20 metres of junction,Waiting to go - held up,Back,8821,851
4692,2005,afternoon rush (15-19),Slight,Daylight,1,Dry,Dual carriageway,40.0,Urban,Fine no high winds,2005,2.0,Approaching junction or waiting/parked at junction approach,Waiting to go - held up,Back,8821,851
4693,2005,morning rush (5-10),Slight,Daylight,1,Dry,Roundabout,30.0,Rural,Fine no high winds,2005,18.0,Mid Junction - on roundabout or on main road,Moving off,Offside,8821,251
4694,2005,afternoon rush (15-19),Slight,Daylight,1,Dry,Dual carriageway,50.0,Urban,Fine no high winds,2005,4.0,Approaching junction or waiting/parked at junction approach,Going ahead other,Back,8821,4763
4695,2005,office hours (10-15),Slight,Daylight,1,Dry,Dual carriageway,40.0,Urban,Fine no high winds,2005,8.0,Approaching junction or waiting/parked at junction approach,Slowing or stopping,Back,8821,752
4698,2005,evening (19-23),Slight,Darkness - lights lit,2,Wet or damp,Dual carriageway,50.0,Urban,Fine no high winds,2005,2.0,Approaching junction or waiting/parked at junction approach,Waiting to go - held up,Back,8821,851
4699,2005,morning rush (5-10),Slight,Daylight,1,Dry,Single carriageway,30.0,Urban,Fine no high winds,2005,1.0,Mid Junction - on roundabout or on main road,Going ahead other,Nearside,8821,4763
4701,2005,night (23-5),Slight,Darkness - lights lit,1,Wet or damp,Dual carriageway,70.0,Rural,Raining no high winds,2005,2.0,Not at or within 20 metres of junction,Changing lane to left,Nearside,8821,76
4703,2005,office hours (10-15),Slight,Daylight,2,Dry,Single carriageway,30.0,Urban,Fine no high winds,2005,3.0,Approaching junction or waiting/parked at junction approach,Going ahead left-hand bend,Back,8821,228
4705,2005,office hours (10-15),Slight,Daylight,2,Dry,Roundabout,30.0,Urban,Fine no high winds,2005,14.0,Approaching junction or waiting/parked at junction approach,Waiting to go - held up,Back,8821,851
4706,2005,afternoon rush (15-19),Slight,Daylight,1,Dry,Single carriageway,30.0,Urban,Fine no high winds,2005,11.0,Not at or within 20 metres of junction,Going ahead other,Front,8821,4763
4710,2005,morning rush (5-10),Slight,Daylight,1,Dry,Single carriageway,30.0,Urban,Fine no high winds,2005,11.0,Not at or within 20 metres of junction,Slowing or stopping,Back,8821,752
4711,2005,evening (19-23),Slight,Darkness - lights lit,1,Dry,Dual carriageway,50.0,Urban,Fine no high winds,2005,12.0,Approaching junction or waiting/parked at junction approach,Going ahead other,Nearside,8821,4763
4720,2005,morning rush (5-10),Slight,Daylight,1,Dry,Single carriageway,30.0,Urban,Fine no high winds,2005,4.0,Approaching junction or waiting/parked at junction approach,Waiting to go - held up,Back,8821,851
4722,2005,afternoon rush (15-19),Slight,Daylight,1,Dry,Single carriageway,30.0,Urban,Fine no high winds,2005,8.0,Not at or within 20 metres of junction,Slowing or stopping,Back,8821,752
4725,2005,office hours (10-15),Slight,Daylight,2,Dry,Dual carriageway,50.0,Urban,Fine no high winds,2005,5.0,Approaching junction or waiting/parked at junction approach,Going ahead other,Front,8821,4763
4729,2005,evening (19-23),Slight,Darkness - lights lit,2,Dry,Single carriageway,30.0,Urban,Fine no high winds,2005,7.0,Approaching junction or waiting/parked at junction approach,Going ahead other,Front,8821,4763
4732,2005,office hours (10-15),Slight,Daylight,1,Dry,Dual carriageway,50.0,Urban,Fine no high winds,2005,1.0,Not at or within 20 metres of junction,Slowing or stopping,Back,8821,752
4733,2005,office hours (10-15),Slight,Daylight,1,Dry,Dual carriageway,50.0,Urban,Fine no high winds,2005,2.0,Not at or within 20 metres of junction,Slowing or stopping,Back,8821,752
4734,2005,office hours (10-15),Slight,Daylight,1,Dry,Single carriageway,30.0,Urban,Fine no high winds,2005,3.0,Mid Junction - on roundabout or on main road,Turning right,Offside,8821,1223
4735,2005,morning rush (5-10),Slight,Daylight,1,Wet or damp,Roundabout,30.0,Urban,Fine no high winds,2005,4.0,Leaving roundabout,Going ahead other,Front,8821,4763
4739,2005,office hours (10-15),Slight,Daylight,1,Wet or damp,Single carriageway,30.0,Urban,Raining no high winds,2005,7.0,Mid Junction - on roundabout or on main road,Turning right,Nearside,8821,1223
4740,2005,office hours (10-15),Slight,Daylight,3,Dry,Dual carriageway,50.0,Rural,Fine no high winds,2005,5.0,Not at or within 20 metres of junction,Slowing or stopping,Front,8821,752
4741,2005,morning rush (5-10),Slight,Daylight,1,Dry,Single carriageway,30.0,Urban,Fine no high winds,2005,8.0,Mid Junction - on roundabout or on main road,Turning right,Offside,8821,1223
4742,2005,afternoon rush (15-19),Serious,Daylight,1,Wet or damp,Dual carriageway,50.0,Urban,Raining no high winds,2005,2.0,Approaching junction or waiting/parked at junction approach,Moving off,Front,1105,251
4743,2005,afternoon rush (15-19),Serious,Daylight,1,Wet or damp,Dual carriageway,50.0,Urban,Raining no high winds,2005,4.0,Approaching junction or waiting/parked at junction approach,Turning right,Front,1105,1223
4749,2005,morning rush (5-10),Slight,Darkness - lights lit,1,Wet or damp,Single carriageway,30.0,Urban,Raining no high winds,2005,4.0,Approaching junction or waiting/parked at junction approach,Turning left,Front,8821,324
4750,2005,office hours (10-15),Serious,Daylight,1,Dry,Single carriageway,30.0,Urban,Fine no high winds,2005,2.0,Approaching junction or waiting/parked at junction approach,Going ahead other,Front,1105,4763
4752,2005,night (23-5),Slight,Darkness - lights lit,2,Dry,Roundabout,30.0,Urban,Fine no high winds,2005,3.0,Mid Junction - on roundabout or on main road,Slowing or stopping,Front,8821,752
4753,2005,night (23-5),Slight,Darkness - lights lit,1,Wet or damp,Single carriageway,30.0,Urban,Raining no high winds,2005,3.0,Not at or within 20 metres of junction,Reversing,Back,8821,108
4754,2005,morning rush (5-10),Slight,Daylight,1,Dry,Single carriageway,30.0,Urban,Fine no high winds,2005,3.0,Cleared junction or waiting/parked at junction exit,Parked,Offside,8821,309
4755,2005,office hours (10-15),Slight,Daylight,1,Wet or damp,Dual carriageway,50.0,Urban,Raining no high winds,2005,3.0,Approaching junction or waiting/parked at junction approach,Slowing or stopping,Back,8821,752
4757,2005,morning rush (5-10),Slight,Daylight,2,Dry,Dual carriageway,50.0,Urban,Fine no high winds,2005,3.0,Approaching junction or waiting/parked at junction approach,Going ahead other,Nearside,8821,4763
4758,2005,office hours (10-15),Slight,Daylight,1,Dry,Dual carriageway,30.0,Urban,Fine no high winds,2005,2.0,Not at or within 20 metres of junction,Slowing or stopping,Back,8821,752
4761,2005,afternoon rush (15-19),Slight,Darkness - lights lit,1,Dry,Single carriageway,30.0,Urban,Fine no high winds,2005,1.0,Leaving roundabout,Going ahead other,Nearside,8821,4763
4762,2005,afternoon rush (15-19),Slight,Daylight,1,Dry,Single carriageway,30.0,Urban,Fine no high winds,2005,1.0,Approaching junction or waiting/parked at junction approach,Going ahead other,Nearside,8821,4763
4763,2005,office hours (10-15),Slight,Daylight,1,Dry,Single carriageway,30.0,Urban,Fine no high winds,2005,8.0,Not at or within 20 metres of junction,Waiting to go - held up,Back,8821,851
4766,2005,office hours (10-15),Slight,Daylight,1,Dry,Single carriageway,30.0,Urban,Fine no high winds,2005,9.0,Approaching junction or waiting/parked at junction approach,Going ahead other,Offside,8821,4763
4768,2005,office hours (10-15),Slight,Daylight,1,Dry,Single carriageway,30.0,Urban,Fine no high winds,2005,5.0,Approaching junction or waiting/parked at junction approach,Going ahead other,Offside,8821,4763
4769,2005,morning rush (5-10),Slight,Daylight,1,Dry,Single carriageway,30.0,Urban,Fine no high winds,2005,10.0,Mid Junction - on roundabout or on main road,Turning right,Nearside,8821,1223
4770,2005,office hours (10-15),Slight,Daylight,3,Dry,Dual carriageway,50.0,Urban,Fine no high winds,2005,11.0,Approaching junction or waiting/parked at junction approach,Going ahead other,Front,8821,4763
4771,2005,office hours (10-15),Slight,Daylight,2,Wet or damp,Single carriageway,30.0,Urban,Raining no high winds,2005,9.0,Cleared junction or waiting/parked at junction exit,Going ahead other,Back,8821,4763
4772,2005,office hours (10-15),Slight,Daylight,2,Wet or damp,Single carriageway,30.0,Urban,Raining no high winds,2005,6.0,Cleared junction or waiting/parked at junction exit,Turning right,Back,8821,1223
4773,2005,office hours (10-15),Slight,Daylight,2,Dry,Single carriageway,30.0,Urban,Fine no high winds,2005,11.0,Mid Junction - on roundabout or on main road,Going ahead other,Offside,8821,4763
4774,2005,office hours (10-15),Slight,Daylight,2,Dry,Single carriageway,30.0,Urban,Fine no high winds,2005,3.0,Mid Junction - on roundabout or on main road,Turning right,Front,8821,1223
4779,2005,office hours (10-15),Slight,Daylight,2,Wet or damp,Single carriageway,30.0,Rural,Fine no high winds,2005,4.0,Not at or within 20 metres of junction,Going ahead right-hand bend,Front,8821,242
4781,2005,night (23-5),Slight,Darkness - lights lit,1,Dry,Single carriageway,30.0,Urban,Fine no high winds,2005,1.0,Not at or within 20 metres of junction,Going ahead other,Nearside,8821,4763
4782,2005,morning rush (5-10),Slight,Daylight,1,Dry,Dual carriageway,50.0,Rural,Fine no high winds,2005,3.0,Approaching junction or waiting/parked at junction approach,Going ahead other,Offside,8821,4763
4784,2005,afternoon rush (15-19),Slight,Darkness - lights lit,6,Wet or damp,Dual carriageway,70.0,Rural,Fine no high winds,2005,7.0,Not at or within 20 metres of junction,Waiting to go - held up,Back,8821,851
4786,2005,afternoon rush (15-19),Slight,Darkness - lights lit,6,Wet or damp,Dual carriageway,70.0,Rural,Fine no high winds,2005,2.0,Not at or within 20 metres of junction,Slowing or stopping,Back,8821,752
4787,2005,morning rush (5-10),Slight,Daylight,1,Dry,Dual carriageway,70.0,Rural,Fine no high winds,2005,2.0,Not at or within 20 metres of junction,Waiting to go - held up,Back,8821,851
4791,2005,evening (19-23),Slight,Darkness - lights lit,1,Frost or ice,Single carriageway,30.0,Urban,Fine no high winds,2005,5.0,Not at or within 20 metres of junction,Going ahead other,Front,8821,4763
4794,2005,morning rush (5-10),Slight,Daylight,1,Dry,Single carriageway,30.0,Urban,Fine no high winds,2005,11.0,Approaching junction or waiting/parked at junction approach,Waiting to go - held up,Back,8821,851
4795,2005,afternoon rush (15-19),Slight,Daylight,2,Dry,Single carriageway,30.0,Urban,Fine no high winds,2005,17.0,Entering main road,Waiting to turn right,Front,8821,195
4797,2005,afternoon rush (15-19),Slight,Darkness - no lighting,1,Dry,Single carriageway,30.0,Urban,Fine no high winds,2005,3.0,Mid Junction - on roundabout or on main road,Turning right,Did not impact,8821,1223
4799,2005,night (23-5),Slight,Darkness - lights lit,1,Dry,Single carriageway,30.0,Urban,Fine no high winds,2005,3.0,Mid Junction - on roundabout or on main road,Turning right,Offside,8821,1223
4800,2005,office hours (10-15),Slight,Daylight,1,Dry,Single carriageway,30.0,Urban,Fine no high winds,2005,8.0,Approaching junction or waiting/parked at junction approach,Slowing or stopping,Back,8821,752
4805,2005,afternoon rush (15-19),Slight,Darkness - lights lit,5,Wet or damp,Dual carriageway,70.0,Rural,Fine no high winds,2005,8.0,Not at or within 20 metres of junction,Going ahead other,Front,8821,4763
4808,2005,afternoon rush (15-19),Slight,Darkness - no lighting,2,Dry,Roundabout,30.0,Rural,Fine no high winds,2005,12.0,Mid Junction - on roundabout or on main road,Turning right,Back,8821,1223
4810,2005,evening (19-23),Slight,Darkness - lights lit,3,Wet or damp,Single carriageway,30.0,Urban,Fine no high winds,2005,1.0,Mid Junction - on roundabout or on main road,Going ahead other,Front,8821,4763
4811,2005,evening (19-23),Slight,Darkness - lights lit,3,Wet or damp,Single carriageway,30.0,Urban,Fine no high winds,2005,2.0,Mid Junction - on roundabout or on main road,Going ahead other,Nearside,8821,4763
4815,2005,morning rush (5-10),Slight,Daylight,1,Dry,Dual carriageway,50.0,Rural,Fine no high winds,2005,1.0,Not at or within 20 metres of junction,Changing lane to left,Nearside,8821,76
4816,2005,morning rush (5-10),Slight,Darkness - lights lit,1,Wet or damp,Dual carriageway,70.0,Urban,Fine no high winds,2005,8.0,Cleared junction or waiting/parked at junction exit,Going ahead other,Back,8821,4763
4818,2005,afternoon rush (15-19),Slight,Darkness - lights lit,1,Dry,Dual carriageway,70.0,Rural,Fine no high winds,2005,10.0,Not at or within 20 metres of junction,Going ahead other,Front,8821,4763
4820,2005,office hours (10-15),Slight,Daylight,2,Wet or damp,Single carriageway,30.0,Rural,Raining no high winds,2005,2.0,Not at or within 20 metres of junction,Going ahead other,Offside,8821,4763
4822,2005,evening (19-23),Serious,Darkness - lights lit,1,Wet or damp,Single carriageway,30.0,Urban,Raining no high winds,2005,9.0,Approaching junction or waiting/parked at junction approach,Turning right,Back,1105,1223
4823,2005,afternoon rush (15-19),Slight,Darkness - lights lit,1,Dry,Roundabout,30.0,Urban,Fine no high winds,2005,11.0,Mid Junction - on roundabout or on main road,Going ahead other,Nearside,8821,4763
4825,2005,afternoon rush (15-19),Serious,Darkness - lights lit,1,Wet or damp,Single carriageway,30.0,Urban,Raining no high winds,2005,11.0,Approaching junction or waiting/parked at junction approach,Going ahead other,Front,1105,4763
4826,2005,afternoon rush (15-19),Slight,Darkness - lights lit,1,Dry,Single carriageway,30.0,Urban,Fine no high winds,2005,2.0,Mid Junction - on roundabout or on main road,Going ahead other,Front,8821,4763
4828,2005,afternoon rush (15-19),Slight,Daylight,1,Dry,Single carriageway,30.0,Urban,Fine no high winds,2005,11.0,Cleared junction or waiting/parked at junction exit,Going ahead other,Front,8821,4763
4830,2005,afternoon rush (15-19),Slight,Daylight,2,Wet or damp,Dual carriageway,70.0,Rural,Fine no high winds,2005,4.0,Not at or within 20 metres of junction,Going ahead other,Back,8821,4763
4832,2005,office hours (10-15),Slight,Daylight,1,Dry,Dual carriageway,50.0,Urban,Fine no high winds,2005,8.0,Approaching junction or waiting/parked at junction approach,Slowing or stopping,Back,8821,752
4834,2005,morning rush (5-10),Slight,Daylight,1,Dry,Single carriageway,30.0,Urban,Fine no high winds,2005,6.0,Mid Junction - on roundabout or on main road,Going ahead other,Nearside,8821,4763
4837,2005,afternoon rush (15-19),Slight,Daylight,3,Dry,Single carriageway,30.0,Rural,Fine no high winds,2005,7.0,Not at or within 20 metres of junction,Waiting to go - held up,Back,8821,851
4839,2005,afternoon rush (15-19),Slight,Daylight,2,Dry,Single carriageway,30.0,Urban,Fine no high winds,2005,3.0,Mid Junction - on roundabout or on main road,Going ahead other,Offside,8821,4763
4840,2005,night (23-5),Slight,Darkness - lights lit,1,Dry,Single carriageway,30.0,Urban,Fine no high winds,2005,13.0,Mid Junction - on roundabout or on main road,Turning left,Front,8821,324
4841,2005,afternoon rush (15-19),Slight,Darkness - lights lit,1,Wet or damp,Single carriageway,30.0,Urban,Raining no high winds,2005,13.0,Not at or within 20 metres of junction,Going ahead other,Front,8821,4763
4843,2005,afternoon rush (15-19),Slight,Darkness - lights lit,1,Dry,Single carriageway,30.0,Urban,Fine no high winds,2005,6.0,Mid Junction - on roundabout or on main road,Going ahead other,Front,8821,4763
4844,2005,afternoon rush (15-19),Slight,Daylight,2,Dry,Dual carriageway,30.0,Urban,Fine no high winds,2005,4.0,Not at or within 20 metres of junction,Parked,Back,8821,309
4847,2005,afternoon rush (15-19),Slight,Darkness - lights lit,1,Wet or damp,Dual carriageway,40.0,Urban,Fine no high winds,2005,4.0,Mid Junction - on roundabout or on main road,Going ahead other,Front,8821,4763
4853,2005,evening (19-23),Slight,Darkness - lights lit,1,Dry,Single carriageway,30.0,Urban,Fine no high winds,2005,8.0,Approaching junction or waiting/parked at junction approach,Going ahead other,Back,8821,4763
4855,2005,office hours (10-15),Slight,Daylight,1,Dry,Single carriageway,30.0,Urban,Fine no high winds,2005,8.0,Cleared junction or waiting/parked at junction exit,Going ahead other,Front,8821,4763
4863,2005,office hours (10-15),Slight,Daylight,1,Dry,Single carriageway,30.0,Urban,Fine no high winds,2005,15.0,Not at or within 20 metres of junction,Going ahead left-hand bend,Did not impact,8821,228
4866,2005,morning rush (5-10),Slight,Darkness - lights lit,1,Wet or damp,Single carriageway,30.0,Urban,Fine no high winds,2005,6.0,Mid Junction - on roundabout or on main road,Turning right,Front,8821,1223
4872,2005,office hours (10-15),Slight,Daylight,2,Dry,Dual carriageway,30.0,Urban,Fine no high winds,2005,3.0,Approaching junction or waiting/parked at junction approach,Turning right,Nearside,8821,1223
4876,2005,afternoon rush (15-19),Slight,Darkness - lights lit,1,Dry,Single carriageway,30.0,Urban,Fine no high winds,2005,6.0,Cleared junction or waiting/parked at junction exit,Going ahead other,Front,8821,4763
4877,2005,morning rush (5-10),Slight,Daylight,1,Wet or damp,Single carriageway,30.0,Urban,Raining no high winds,2005,1.0,Approaching junction or waiting/parked at junction approach,Going ahead other,Nearside,8821,4763
4878,2005,office hours (10-15),Slight,Daylight,1,Dry,Dual carriageway,40.0,Urban,Fine no high winds,2005,9.0,Not at or within 20 metres of junction,Going ahead other,Front,8821,4763
4880,2005,afternoon rush (15-19),Slight,Daylight,1,Dry,Single carriageway,30.0,Urban,Fine no high winds,2005,3.0,Not at or within 20 metres of junction,Going ahead other,Back,8821,4763
4882,2005,night (23-5),Slight,Darkness - lights lit,1,Dry,Roundabout,30.0,Urban,Fine no high winds,2005,8.0,Mid Junction - on roundabout or on main road,Going ahead other,Front,8821,4763
4883,2005,afternoon rush (15-19),Slight,Daylight,1,Dry,Single carriageway,30.0,Urban,Fine no high winds,2005,10.0,Not at or within 20 metres of junction,Slowing or stopping,Back,8821,752
4884,2005,afternoon rush (15-19),Slight,Darkness - lights lit,2,Dry,Slip road,30.0,Urban,Fine no high winds,2005,3.0,Approaching junction or waiting/parked at junction approach,Waiting to go - held up,Back,8821,851
4889,2005,afternoon rush (15-19),Slight,Darkness - lights lit,2,Wet or damp,Single carriageway,30.0,Urban,Raining no high winds,2005,5.0,Cleared junction or waiting/parked at junction exit,Turning right,Nearside,8821,1223
4891,2005,afternoon rush (15-19),Slight,Darkness - lights lit,2,Wet or damp,Dual carriageway,40.0,Urban,Raining no high winds,2005,14.0,Not at or within 20 metres of junction,Changing lane to right,Offside,8821,87
4893,2005,office hours (10-15),Slight,Daylight,1,Dry,Slip road,30.0,Urban,Fine no high winds,2005,8.0,Not at or within 20 metres of junction,Going ahead other,Offside,8821,4763
4896,2005,office hours (10-15),Slight,Daylight,1,Dry,Single carriageway,30.0,Urban,Fine no high winds,2005,7.0,Mid Junction - on roundabout or on main road,Turning right,Did not impact,8821,1223
4897,2005,morning rush (5-10),Slight,Daylight,2,Dry,Single carriageway,30.0,Urban,Fine no high winds,2005,5.0,Mid Junction - on roundabout or on main road,Going ahead other,Front,8821,4763
4898,2005,morning rush (5-10),Slight,Daylight,2,Dry,Single carriageway,30.0,Urban,Fine no high winds,2005,7.0,Mid Junction - on roundabout or on main road,Going ahead other,Offside,8821,4763
4899,2005,afternoon rush (15-19),Slight,Daylight,1,Dry,One way street,30.0,Urban,Fine no high winds,2005,3.0,Not at or within 20 metres of junction,Going ahead other,Nearside,8821,4763
4900,2005,morning rush (5-10),Slight,Daylight,1,Wet or damp,Single carriageway,30.0,Urban,Raining no high winds,2005,4.0,Not at or within 20 metres of junction,Going ahead left-hand bend,Front,8821,228
4901,2005,evening (19-23),Slight,Darkness - lights lit,1,Dry,Single carriageway,30.0,Urban,Fine no high winds,2005,1.0,Not at or within 20 metres of junction,Going ahead other,Front,8821,4763
4902,2005,afternoon rush (15-19),Serious,Daylight,1,Dry,Single carriageway,30.0,Urban,Fine no high winds,2005,9.0,Not at or within 20 metres of junction,Going ahead other,Nearside,1105,4763
4905,2005,evening (19-23),Slight,Darkness - lights lit,1,Dry,Dual carriageway,30.0,Urban,Fine no high winds,2005,10.0,Mid Junction - on roundabout or on main road,Going ahead other,Front,8821,4763
4906,2005,afternoon rush (15-19),Slight,Darkness - lights lit,1,Dry,Single carriageway,30.0,Urban,Fine no high winds,2005,9.0,Mid Junction - on roundabout or on main road,Going ahead other,Front,8821,4763
4907,2005,afternoon rush (15-19),Slight,Daylight,1,Dry,Single carriageway,30.0,Urban,Fine no high winds,2005,4.0,Approaching junction or waiting/parked at junction approach,Slowing or stopping,Back,8821,752
4908,2005,afternoon rush (15-19),Slight,Daylight,1,Dry,Single carriageway,30.0,Urban,Fine no high winds,2005,12.0,Approaching junction or waiting/parked at junction approach,Slowing or stopping,Back,8821,752
4911,2005,afternoon rush (15-19),Slight,Daylight,1,Dry,Single carriageway,30.0,Urban,Fine no high winds,2005,8.0,Mid Junction - on roundabout or on main road,Going ahead other,Front,8821,4763
4913,2005,morning rush (5-10),Slight,Daylight,1,Dry,Dual carriageway,40.0,Urban,Fine no high winds,2005,7.0,Not at or within 20 metres of junction,Parked,Back,8821,309
4915,2005,afternoon rush (15-19),Slight,Daylight,1,Dry,Single carriageway,30.0,Urban,Fine no high winds,2005,3.0,Approaching junction or waiting/parked at junction approach,Changing lane to left,Nearside,8821,76
4917,2005,office hours (10-15),Slight,Daylight,1,Dry,Single carriageway,30.0,Urban,Fine no high winds,2005,5.0,Approaching junction or waiting/parked at junction approach,Moving off,Back,8821,251
4918,2005,morning rush (5-10),Slight,Daylight,1,Wet or damp,Single carriageway,30.0,Urban,Raining no high winds,2005,3.0,Not at or within 20 metres of junction,Going ahead other,Back,8821,4763
4920,2005,afternoon rush (15-19),Slight,Daylight,1,Dry,Single carriageway,30.0,Urban,Fine no high winds,2005,6.0,Mid Junction - on roundabout or on main road,Going ahead other,Offside,8821,4763
4923,2005,afternoon rush (15-19),Slight,Darkness - lights lit,1,Wet or damp,Single carriageway,30.0,Urban,Fine no high winds,2005,9.0,Approaching junction or waiting/parked at junction approach,Going ahead other,Offside,8821,4763