Crash_Ref_Number,Crash_Year,Daytime,Accident_Severity,Light_Conditions,Number_of_Casualties,Road_Surface_Conditions,Road_Type,Speed_limit,Urban_or_Rural_Area,Weather_Conditions,Crash_Year,Age_of_Vehicle,Junction_Location,Vehicle_Manoeuvre,First_Point_of_Impact,count1,count
5877,2005,evening (19-23),Slight,Daylight,1,Dry,One way street,30.0,Urban,Fine no high winds,2005,8.0,Not at or within 20 metres of junction,Going ahead other,Offside,8821,4763
5882,2005,morning rush (5-10),Slight,Daylight,1,Dry,Single carriageway,30.0,Urban,Fine no high winds,2005,7.0,Mid Junction - on roundabout or on main road,Going ahead left-hand bend,Back,8821,228
5883,2005,morning rush (5-10),Slight,Daylight,1,Dry,Roundabout,30.0,Urban,Fine no high winds,2005,12.0,Mid Junction - on roundabout or on main road,Going ahead other,Offside,8821,4763
5884,2005,evening (19-23),Slight,Darkness - lights lit,1,Wet or damp,Single carriageway,30.0,Urban,Raining no high winds,2005,8.0,Not at or within 20 metres of junction,Parked,Offside,8821,309
5885,2005,morning rush (5-10),Slight,Daylight,2,Dry,Single carriageway,30.0,Urban,Fine no high winds,2005,8.0,Approaching junction or waiting/parked at junction approach,Going ahead other,Front,8821,4763
5887,2005,evening (19-23),Slight,Daylight,1,Dry,Single carriageway,30.0,Urban,Fine no high winds,2005,3.0,Mid Junction - on roundabout or on main road,Turning right,Did not impact,8821,1223
5888,2005,afternoon rush (15-19),Slight,Daylight,1,Dry,Single carriageway,30.0,Urban,Fine no high winds,2005,7.0,Approaching junction or waiting/parked at junction approach,U-turn,Offside,8821,146
5889,2005,afternoon rush (15-19),Slight,Daylight,1,Dry,Single carriageway,30.0,Urban,Fine no high winds,2005,17.0,Approaching junction or waiting/parked at junction approach,Going ahead other,Nearside,8821,4763
5892,2005,afternoon rush (15-19),Slight,Daylight,2,Dry,Slip road,30.0,Urban,Fine no high winds,2005,8.0,Not at or within 20 metres of junction,Overtaking static vehicle - offside,Back,8821,147
5895,2005,evening (19-23),Serious,Darkness - lights lit,1,Dry,Single carriageway,30.0,Urban,Fine no high winds,2005,12.0,Mid Junction - on roundabout or on main road,Going ahead other,Nearside,1105,4763
5897,2005,morning rush (5-10),Serious,Daylight,1,Dry,Single carriageway,30.0,Urban,Fine no high winds,2005,1.0,Approaching junction or waiting/parked at junction approach,Going ahead other,Front,1105,4763
5898,2005,afternoon rush (15-19),Slight,Daylight,1,Dry,Single carriageway,30.0,Urban,Fine no high winds,2005,5.0,Not at or within 20 metres of junction,Going ahead other,Front,8821,4763
5900,2005,office hours (10-15),Slight,Daylight,1,Dry,Single carriageway,30.0,Urban,Fine no high winds,2005,2.0,Mid Junction - on roundabout or on main road,Turning left,Did not impact,8821,324
5901,2005,night (23-5),Slight,Darkness - lights lit,1,Dry,Single carriageway,30.0,Urban,Fine no high winds,2005,5.0,Mid Junction - on roundabout or on main road,Turning right,Front,8821,1223
5902,2005,evening (19-23),Serious,Daylight,2,Dry,Single carriageway,30.0,Urban,Fine no high winds,2005,15.0,Cleared junction or waiting/parked at junction exit,Going ahead other,Front,1105,4763
5903,2005,evening (19-23),Slight,Daylight,1,Dry,Single carriageway,30.0,Urban,Fine no high winds,2005,6.0,Mid Junction - on roundabout or on main road,Going ahead other,Nearside,8821,4763
5909,2005,afternoon rush (15-19),Serious,Daylight,1,Dry,Single carriageway,30.0,Urban,Fine no high winds,2005,1.0,Cleared junction or waiting/parked at junction exit,Going ahead other,Front,1105,4763
5912,2005,morning rush (5-10),Slight,Daylight,1,Dry,Single carriageway,30.0,Urban,Fine no high winds,2005,4.0,Approaching junction or waiting/parked at junction approach,Going ahead other,Nearside,8821,4763
5916,2005,morning rush (5-10),Slight,Daylight,2,Dry,Slip road,30.0,Urban,Fine no high winds,2005,6.0,Cleared junction or waiting/parked at junction exit,Going ahead other,Front,8821,4763
5919,2005,morning rush (5-10),Slight,Daylight,1,Dry,Single carriageway,30.0,Urban,Fine no high winds,2005,10.0,Mid Junction - on roundabout or on main road,Turning right,Offside,8821,1223
5920,2005,office hours (10-15),Slight,Daylight,1,Dry,Single carriageway,30.0,Urban,Fine no high winds,2005,8.0,Approaching junction or waiting/parked at junction approach,Going ahead other,Front,8821,4763
5921,2005,office hours (10-15),Slight,Daylight,1,Dry,Single carriageway,30.0,Urban,Fine no high winds,2005,7.0,Approaching junction or waiting/parked at junction approach,Slowing or stopping,Back,8821,752
5922,2005,morning rush (5-10),Slight,Daylight,1,Wet or damp,Single carriageway,30.0,Urban,Fine no high winds,2005,1.0,Mid Junction - on roundabout or on main road,Going ahead other,Front,8821,4763
5923,2005,morning rush (5-10),Slight,Daylight,1,Wet or damp,Single carriageway,30.0,Urban,Fine no high winds,2005,5.0,Mid Junction - on roundabout or on main road,Turning left,Offside,8821,324
5925,2005,afternoon rush (15-19),Slight,Daylight,1,Dry,Single carriageway,30.0,Urban,Fine no high winds,2005,1.0,Mid Junction - on roundabout or on main road,Turning right,Offside,8821,1223
5929,2005,office hours (10-15),Slight,Daylight,1,Dry,Single carriageway,30.0,Urban,Fine no high winds,2005,1.0,Not at or within 20 metres of junction,Going ahead other,Front,8821,4763
5930,2005,afternoon rush (15-19),Slight,Daylight,1,Dry,Roundabout,30.0,Urban,Fine no high winds,2005,11.0,Mid Junction - on roundabout or on main road,Turning right,Nearside,8821,1223
5932,2005,afternoon rush (15-19),Serious,Daylight,2,Dry,Single carriageway,30.0,Urban,Fine no high winds,2005,4.0,Not at or within 20 metres of junction,Overtaking static vehicle - offside,Front,1105,147
5933,2005,evening (19-23),Slight,Daylight,1,Dry,Single carriageway,30.0,Urban,Fine no high winds,2005,14.0,Mid Junction - on roundabout or on main road,Going ahead other,Front,8821,4763
5940,2005,night (23-5),Slight,Darkness - lights lit,1,Dry,Single carriageway,30.0,Urban,Fine no high winds,2005,3.0,Not at or within 20 metres of junction,Going ahead other,Nearside,8821,4763
5941,2005,office hours (10-15),Slight,Daylight,1,Dry,Single carriageway,30.0,Urban,Fine no high winds,2005,5.0,Approaching junction or waiting/parked at junction approach,Overtaking static vehicle - offside,Front,8821,147
5942,2005,office hours (10-15),Slight,Daylight,1,Dry,Single carriageway,30.0,Urban,Fine no high winds,2005,3.0,Mid Junction - on roundabout or on main road,Going ahead other,Front,8821,4763
5946,2005,office hours (10-15),Slight,Daylight,1,Wet or damp,Single carriageway,30.0,Urban,Raining no high winds,2005,2.0,Approaching junction or waiting/parked at junction approach,Slowing or stopping,Back,8821,752
5947,2005,morning rush (5-10),Slight,Daylight,1,Wet or damp,Single carriageway,30.0,Urban,Raining no high winds,2005,3.0,Not at or within 20 metres of junction,Going ahead other,Nearside,8821,4763
5956,2005,morning rush (5-10),Slight,Daylight,1,Dry,Single carriageway,30.0,Urban,Fine no high winds,2005,2.0,Approaching junction or waiting/parked at junction approach,Overtaking - nearside,Front,8821,69
5962,2005,morning rush (5-10),Serious,Daylight,1,Wet or damp,Single carriageway,30.0,Urban,Raining no high winds,2005,13.0,Mid Junction - on roundabout or on main road,Going ahead other,Front,1105,4763
5963,2005,office hours (10-15),Slight,Daylight,1,Dry,Single carriageway,30.0,Urban,Fine no high winds,2005,6.0,Approaching junction or waiting/parked at junction approach,Overtaking static vehicle - offside,Front,8821,147
5964,2005,afternoon rush (15-19),Slight,Daylight,1,Wet or damp,Single carriageway,30.0,Urban,Fine no high winds,2005,6.0,Not at or within 20 metres of junction,Going ahead other,Offside,8821,4763
5969,2005,office hours (10-15),Slight,Daylight,1,Dry,Single carriageway,30.0,Urban,Fine no high winds,2005,15.0,Approaching junction or waiting/parked at junction approach,U-turn,Nearside,8821,146
5972,2005,office hours (10-15),Slight,Daylight,1,Dry,Roundabout,30.0,Urban,Fine no high winds,2005,1.0,Mid Junction - on roundabout or on main road,Going ahead other,Front,8821,4763
5978,2005,morning rush (5-10),Slight,Daylight,1,Dry,Single carriageway,30.0,Urban,Fine no high winds,2005,7.0,Not at or within 20 metres of junction,U-turn,Offside,8821,146
5979,2005,morning rush (5-10),Slight,Daylight,1,Dry,Single carriageway,30.0,Urban,Fine no high winds,2005,2.0,Not at or within 20 metres of junction,Going ahead other,Front,8821,4763
5980,2005,office hours (10-15),Slight,Daylight,1,Dry,Single carriageway,30.0,Urban,Fine no high winds,2005,7.0,Leaving roundabout,Overtaking moving vehicle - offside,Front,8821,171
5981,2005,office hours (10-15),Slight,Daylight,1,Dry,Single carriageway,30.0,Urban,Fine no high winds,2005,4.0,Mid Junction - on roundabout or on main road,Turning right,Offside,8821,1223
5983,2005,evening (19-23),Slight,Darkness - lights lit,1,Dry,Single carriageway,30.0,Urban,Fine no high winds,2005,9.0,Mid Junction - on roundabout or on main road,Going ahead other,Front,8821,4763
5986,2005,morning rush (5-10),Slight,Daylight,1,Dry,Dual carriageway,30.0,Urban,Fine no high winds,2005,1.0,Mid Junction - on roundabout or on main road,Overtaking - nearside,Front,8821,69
5988,2005,office hours (10-15),Slight,Daylight,1,Dry,Single carriageway,30.0,Urban,Fine no high winds,2005,10.0,Approaching junction or waiting/parked at junction approach,Going ahead other,Nearside,8821,4763
5992,2005,afternoon rush (15-19),Slight,Daylight,1,Dry,Single carriageway,30.0,Urban,Fine no high winds,2005,12.0,Mid Junction - on roundabout or on main road,Turning right,Front,8821,1223
5995,2005,office hours (10-15),Serious,Daylight,1,Dry,Single carriageway,30.0,Urban,Fine no high winds,2005,2.0,Not at or within 20 metres of junction,Overtaking moving vehicle - offside,Nearside,1105,171
6002,2005,office hours (10-15),Slight,Daylight,1,Dry,Single carriageway,30.0,Urban,Fine no high winds,2005,11.0,Approaching junction or waiting/parked at junction approach,Going ahead other,Front,8821,4763
6004,2005,office hours (10-15),Slight,Daylight,1,Dry,Single carriageway,30.0,Urban,Fine no high winds,2005,5.0,Mid Junction - on roundabout or on main road,Turning right,Nearside,8821,1223
6007,2005,morning rush (5-10),Slight,Daylight,1,Dry,Single carriageway,30.0,Urban,Fine no high winds,2005,5.0,Leaving roundabout,Going ahead other,Front,8821,4763
6008,2005,evening (19-23),Slight,Darkness - lights lit,1,Dry,Single carriageway,30.0,Urban,Fine no high winds,2005,10.0,Not at or within 20 metres of junction,Going ahead left-hand bend,Nearside,8821,228
6009,2005,afternoon rush (15-19),Slight,Daylight,2,Dry,Single carriageway,30.0,Urban,Fine no high winds,2005,7.0,Leaving roundabout,Overtaking static vehicle - offside,Front,8821,147
6010,2005,office hours (10-15),Slight,Daylight,1,Wet or damp,Single carriageway,30.0,Urban,Raining no high winds,2005,4.0,Not at or within 20 metres of junction,Going ahead other,Front,8821,4763
6012,2005,office hours (10-15),Slight,Daylight,2,Dry,One way street,30.0,Urban,Fine no high winds,2005,3.0,Approaching junction or waiting/parked at junction approach,Waiting to go - held up,Back,8821,851
6014,2005,night (23-5),Slight,Darkness - lights lit,2,Wet or damp,Single carriageway,30.0,Urban,Raining no high winds,2005,15.0,Mid Junction - on roundabout or on main road,Going ahead other,Front,8821,4763
6015,2005,night (23-5),Slight,Darkness - lights lit,2,Wet or damp,Single carriageway,30.0,Urban,Raining no high winds,2005,1.0,Mid Junction - on roundabout or on main road,Going ahead other,Back,8821,4763
6018,2005,afternoon rush (15-19),Slight,Daylight,1,Dry,Single carriageway,30.0,Urban,Fine no high winds,2005,14.0,Not at or within 20 metres of junction,Parked,Nearside,8821,309
6019,2005,evening (19-23),Serious,Darkness - lights lit,1,Dry,Single carriageway,30.0,Urban,Fine no high winds,2005,14.0,Approaching junction or waiting/parked at junction approach,Moving off,Nearside,1105,251
6021,2005,evening (19-23),Slight,Daylight,1,Dry,Single carriageway,30.0,Urban,Fine no high winds,2005,9.0,Not at or within 20 metres of junction,Going ahead other,Front,8821,4763
6023,2005,office hours (10-15),Slight,Daylight,1,Dry,One way street,30.0,Urban,Fine no high winds,2005,5.0,Not at or within 20 metres of junction,Changing lane to right,Front,8821,87
6024,2005,office hours (10-15),Slight,Daylight,2,Dry,Dual carriageway,30.0,Urban,Fine no high winds,2005,2.0,Approaching junction or waiting/parked at junction approach,Going ahead other,Offside,8821,4763
6025,2005,evening (19-23),Serious,Darkness - lights lit,1,Dry,Single carriageway,30.0,Urban,Fine no high winds,2005,3.0,Mid Junction - on roundabout or on main road,Turning left,Front,1105,324
6028,2005,morning rush (5-10),Slight,Daylight,1,Dry,Single carriageway,30.0,Urban,Fine no high winds,2005,7.0,Mid Junction - on roundabout or on main road,Overtaking static vehicle - offside,Front,8821,147
6030,2005,office hours (10-15),Slight,Daylight,1,Wet or damp,Single carriageway,30.0,Urban,Raining no high winds,2005,14.0,Approaching junction or waiting/parked at junction approach,Moving off,Front,8821,251
6032,2005,morning rush (5-10),Slight,Daylight,1,Wet or damp,Single carriageway,30.0,Urban,Raining no high winds,2005,4.0,Not at or within 20 metres of junction,Going ahead other,Front,8821,4763
6036,2005,evening (19-23),Slight,Darkness - lights lit,1,Dry,Single carriageway,30.0,Urban,Fine no high winds,2005,15.0,Cleared junction or waiting/parked at junction exit,Turning right,Front,8821,1223
6043,2005,night (23-5),Slight,Darkness - lights lit,1,Dry,Single carriageway,30.0,Urban,Fine no high winds,2005,8.0,Not at or within 20 metres of junction,Going ahead other,Front,8821,4763
6044,2005,evening (19-23),Slight,Darkness - lights lit,1,Dry,Single carriageway,30.0,Urban,Fine no high winds,2005,8.0,Approaching junction or waiting/parked at junction approach,U-turn,Offside,8821,146
6045,2005,evening (19-23),Slight,Darkness - lights lit,2,Dry,Single carriageway,30.0,Urban,Fine no high winds,2005,3.0,Mid Junction - on roundabout or on main road,Going ahead left-hand bend,Did not impact,8821,228
6048,2005,office hours (10-15),Slight,Daylight,1,Dry,Single carriageway,30.0,Urban,Fine no high winds,2005,6.0,Not at or within 20 metres of junction,Turning right,Offside,8821,1223
6049,2005,office hours (10-15),Slight,Daylight,1,Dry,One way street,30.0,Urban,Fine no high winds,2005,8.0,Approaching junction or waiting/parked at junction approach,Reversing,Back,8821,108
6055,2005,afternoon rush (15-19),Slight,Daylight,1,Dry,Single carriageway,30.0,Urban,Fine no high winds,2005,3.0,Cleared junction or waiting/parked at junction exit,Going ahead other,Front,8821,4763
6057,2005,morning rush (5-10),Serious,Darkness - lights lit,2,Wet or damp,Dual carriageway,30.0,Urban,Raining no high winds,2005,8.0,Approaching junction or waiting/parked at junction approach,Turning right,Nearside,1105,1223
6061,2005,afternoon rush (15-19),Slight,Daylight,1,Dry,Single carriageway,30.0,Urban,Fine no high winds,2005,1.0,Mid Junction - on roundabout or on main road,Going ahead other,Front,8821,4763
6062,2005,night (23-5),Slight,Darkness - lights lit,2,Wet or damp,Single carriageway,30.0,Urban,Fine no high winds,2005,5.0,Approaching junction or waiting/parked at junction approach,Going ahead left-hand bend,Front,8821,228
6064,2005,morning rush (5-10),Slight,Daylight,2,Dry,Single carriageway,30.0,Urban,Fine no high winds,2005,6.0,Mid Junction - on roundabout or on main road,Going ahead other,Front,8821,4763
6073,2005,office hours (10-15),Slight,Daylight,1,Dry,Dual carriageway,30.0,Urban,Fine no high winds,2005,2.0,Approaching junction or waiting/parked at junction approach,Slowing or stopping,Back,8821,752
6079,2005,morning rush (5-10),Serious,Daylight,1,Dry,Single carriageway,30.0,Urban,Fine no high winds,2005,2.0,Not at or within 20 metres of junction,Going ahead other,Front,1105,4763
6080,2005,evening (19-23),Slight,Darkness - lights lit,1,Dry,Single carriageway,30.0,Urban,Fine no high winds,2005,6.0,Approaching junction or waiting/parked at junction approach,Waiting to go - held up,Back,8821,851
6081,2005,morning rush (5-10),Slight,Daylight,1,Wet or damp,Single carriageway,30.0,Urban,Raining no high winds,2005,2.0,Mid Junction - on roundabout or on main road,Overtaking moving vehicle - offside,Front,8821,171
6082,2005,morning rush (5-10),Slight,Daylight,1,Wet or damp,Single carriageway,30.0,Urban,Raining no high winds,2005,12.0,Mid Junction - on roundabout or on main road,Turning right,Offside,8821,1223
6084,2005,office hours (10-15),Slight,Daylight,1,Dry,Single carriageway,30.0,Urban,Fine no high winds,2005,9.0,Mid Junction - on roundabout or on main road,Going ahead other,Back,8821,4763
6085,2005,afternoon rush (15-19),Slight,Daylight,1,Dry,Single carriageway,30.0,Urban,Fine no high winds,2005,9.0,Not at or within 20 metres of junction,Going ahead other,Front,8821,4763
6091,2005,afternoon rush (15-19),Slight,Darkness - lights lit,1,Dry,Single carriageway,30.0,Urban,Fine no high winds,2005,6.0,Cleared junction or waiting/parked at junction exit,Going ahead other,Offside,8821,4763
6093,2005,evening (19-23),Slight,Darkness - lights lit,2,Dry,Dual carriageway,30.0,Urban,Fine no high winds,2005,5.0,Approaching junction or waiting/parked at junction approach,Going ahead other,Offside,8821,4763
6095,2005,evening (19-23),Slight,Darkness - lights lit,2,Dry,Dual carriageway,30.0,Urban,Fine no high winds,2005,18.0,Approaching junction or waiting/parked at junction approach,Going ahead other,Front,8821,4763
6098,2005,morning rush (5-10),Slight,Daylight,1,Wet or damp,Single carriageway,30.0,Urban,Fine no high winds,2005,4.0,Mid Junction - on roundabout or on main road,Going ahead other,Nearside,8821,4763
6102,2005,evening (19-23),Slight,Darkness - lights lit,1,Dry,Dual carriageway,30.0,Urban,Fine no high winds,2005,3.0,Not at or within 20 metres of junction,Overtaking - nearside,Offside,8821,69
6104,2005,afternoon rush (15-19),Slight,Darkness - lights lit,1,Wet or damp,Single carriageway,30.0,Urban,Fine no high winds,2005,5.0,Approaching junction or waiting/parked at junction approach,Going ahead other,Front,8821,4763
6105,2005,afternoon rush (15-19),Slight,Daylight,1,Wet or damp,Single carriageway,30.0,Urban,Raining no high winds,2005,6.0,Mid Junction - on roundabout or on main road,Turning right,Offside,8821,1223
6107,2005,night (23-5),Slight,Darkness - lights lit,1,Dry,Single carriageway,30.0,Urban,Fine no high winds,2005,3.0,Not at or within 20 metres of junction,Going ahead other,Front,8821,4763
6110,2005,morning rush (5-10),Slight,Daylight,2,Wet or damp,Single carriageway,30.0,Urban,Fine no high winds,2005,12.0,Mid Junction - on roundabout or on main road,Turning left,Front,8821,324
6113,2005,afternoon rush (15-19),Slight,Darkness - lights lit,1,Dry,Single carriageway,30.0,Urban,Fine no high winds,2005,1.0,Mid Junction - on roundabout or on main road,Overtaking moving vehicle - offside,Front,8821,171
6116,2005,afternoon rush (15-19),Slight,Darkness - lights lit,1,Wet or damp,Single carriageway,30.0,Urban,Raining no high winds,2005,7.0,Mid Junction - on roundabout or on main road,Turning left,Front,8821,324
6118,2005,morning rush (5-10),Slight,Daylight,1,Dry,Single carriageway,30.0,Urban,Fine no high winds,2005,7.0,Not at or within 20 metres of junction,Waiting to turn right,Front,8821,195
6119,2005,morning rush (5-10),Slight,Daylight,1,Dry,Single carriageway,30.0,Urban,Fine no high winds,2005,2.0,Mid Junction - on roundabout or on main road,Going ahead other,Front,8821,4763
6120,2005,office hours (10-15),Slight,Daylight,2,Wet or damp,Single carriageway,30.0,Urban,Fine no high winds,2005,11.0,Mid Junction - on roundabout or on main road,Turning right,Front,8821,1223
6126,2005,office hours (10-15),Slight,Daylight,3,Dry,Single carriageway,30.0,Urban,Fine no high winds,2005,6.0,Approaching junction or waiting/parked at junction approach,Going ahead other,Back,8821,4763
6127,2005,office hours (10-15),Slight,Daylight,3,Dry,Single carriageway,30.0,Urban,Fine no high winds,2005,1.0,Approaching junction or waiting/parked at junction approach,Going ahead other,Back,8821,4763
6129,2005,evening (19-23),Slight,Darkness - lights lit,1,Dry,Single carriageway,30.0,Urban,Fine no high winds,2005,2.0,Approaching junction or waiting/parked at junction approach,Going ahead other,Back,8821,4763
6132,2005,night (23-5),Serious,Darkness - lights lit,1,Wet or damp,Single carriageway,30.0,Urban,Raining no high winds,2005,12.0,Mid Junction - on roundabout or on main road,Going ahead other,Offside,1105,4763
6134,2005,afternoon rush (15-19),Slight,Darkness - lights lit,1,Dry,Single carriageway,30.0,Urban,Fine no high winds,2005,8.0,Mid Junction - on roundabout or on main road,Going ahead other,Nearside,8821,4763
6135,2005,office hours (10-15),Slight,Daylight,1,Dry,Single carriageway,30.0,Urban,Fine no high winds,2005,4.0,Mid Junction - on roundabout or on main road,Turning right,Nearside,8821,1223
6138,2005,morning rush (5-10),Slight,Daylight,1,Wet or damp,Single carriageway,30.0,Urban,Fine no high winds,2005,15.0,Approaching junction or waiting/parked at junction approach,Going ahead other,Front,8821,4763
6139,2005,morning rush (5-10),Slight,Daylight,1,Dry,Dual carriageway,30.0,Urban,Fine no high winds,2005,4.0,Mid Junction - on roundabout or on main road,Going ahead other,Front,8821,4763
6140,2005,morning rush (5-10),Serious,Daylight,1,Dry,Single carriageway,30.0,Urban,Fine no high winds,2005,5.0,Approaching junction or waiting/parked at junction approach,Going ahead other,Back,1105,4763
6143,2005,night (23-5),Serious,Darkness - lights lit,1,Wet or damp,Single carriageway,30.0,Urban,Fine no high winds,2005,9.0,Not at or within 20 metres of junction,Going ahead other,Back,1105,4763
6144,2005,office hours (10-15),Slight,Daylight,1,Dry,Single carriageway,30.0,Urban,Fine no high winds,2005,3.0,Approaching junction or waiting/parked at junction approach,Parked,Back,8821,309
6146,2005,morning rush (5-10),Serious,Daylight,1,Dry,Single carriageway,30.0,Urban,Fine no high winds,2005,4.0,Approaching junction or waiting/parked at junction approach,Going ahead other,Front,1105,4763
6149,2005,office hours (10-15),Slight,Daylight,1,Dry,Single carriageway,30.0,Urban,Fine no high winds,2005,1.0,Cleared junction or waiting/parked at junction exit,Parked,Back,8821,309
6150,2005,morning rush (5-10),Slight,Daylight,1,Wet or damp,Single carriageway,30.0,Urban,Raining no high winds,2005,6.0,Approaching junction or waiting/parked at junction approach,Slowing or stopping,Did not impact,8821,752
6152,2005,afternoon rush (15-19),Slight,Darkness - lights lit,1,Dry,Single carriageway,30.0,Urban,Fine no high winds,2005,4.0,Mid Junction - on roundabout or on main road,Going ahead other,Nearside,8821,4763
6153,2005,afternoon rush (15-19),Slight,Daylight,1,Dry,Single carriageway,30.0,Urban,Fine no high winds,2005,6.0,Not at or within 20 metres of junction,Going ahead other,Front,8821,4763
6157,2005,morning rush (5-10),Slight,Daylight,1,Wet or damp,Single carriageway,30.0,Urban,Fine no high winds,2005,1.0,Approaching junction or waiting/parked at junction approach,Going ahead other,Did not impact,8821,4763
6158,2005,morning rush (5-10),Slight,Daylight,1,Dry,Dual carriageway,30.0,Urban,Fine no high winds,2005,6.0,Mid Junction - on roundabout or on main road,Turning right,Back,8821,1223
6161,2005,office hours (10-15),Slight,Daylight,2,Dry,Dual carriageway,30.0,Urban,Fine no high winds,2005,8.0,Approaching junction or waiting/parked at junction approach,Going ahead other,Nearside,8821,4763
6163,2005,afternoon rush (15-19),Slight,Daylight,2,Wet or damp,Single carriageway,30.0,Urban,Fine no high winds,2005,9.0,Not at or within 20 metres of junction,Going ahead other,Front,8821,4763
6164,2005,office hours (10-15),Slight,Daylight,1,Dry,Single carriageway,30.0,Urban,Fine no high winds,2005,5.0,Approaching junction or waiting/parked at junction approach,Going ahead other,Did not impact,8821,4763
6168,2005,evening (19-23),Slight,Darkness - lights lit,1,Dry,Single carriageway,30.0,Urban,Fine no high winds,2005,8.0,Cleared junction or waiting/parked at junction exit,Slowing or stopping,Back,8821,752
6171,2005,evening (19-23),Slight,Darkness - lights lit,1,Dry,Single carriageway,30.0,Urban,Fine no high winds,2005,6.0,Not at or within 20 metres of junction,Going ahead other,Front,8821,4763
6173,2005,morning rush (5-10),Serious,Darkness - lights lit,1,Wet or damp,Dual carriageway,30.0,Urban,Fine no high winds,2005,3.0,Not at or within 20 metres of junction,Going ahead other,Front,1105,4763
6175,2005,morning rush (5-10),Slight,Daylight,1,Wet or damp,Single carriageway,30.0,Urban,Fine no high winds,2005,2.0,Approaching junction or waiting/parked at junction approach,Changing lane to right,Offside,8821,87
6176,2005,office hours (10-15),Slight,Daylight,2,Wet or damp,Single carriageway,30.0,Urban,Raining no high winds,2005,11.0,Approaching junction or waiting/parked at junction approach,Turning right,Offside,8821,1223
6189,2005,afternoon rush (15-19),Slight,Darkness - lights lit,1,Wet or damp,Dual carriageway,30.0,Urban,Raining no high winds,2005,1.0,Not at or within 20 metres of junction,Going ahead other,Front,8821,4763
6194,2005,office hours (10-15),Slight,Daylight,1,Dry,Dual carriageway,30.0,Urban,Fine no high winds,2005,2.0,Not at or within 20 metres of junction,Going ahead other,Did not impact,8821,4763
6198,2005,morning rush (5-10),Slight,Daylight,1,Dry,Single carriageway,30.0,Urban,Fine no high winds,2005,14.0,Not at or within 20 metres of junction,Going ahead other,Nearside,8821,4763
6202,2005,office hours (10-15),Slight,Daylight,1,Dry,Roundabout,30.0,Urban,Fine no high winds,2005,9.0,Approaching junction or waiting/parked at junction approach,Going ahead left-hand bend,Front,8821,228
6206,2005,night (23-5),Slight,Darkness - lights lit,1,Dry,Single carriageway,30.0,Urban,Fine no high winds,2005,6.0,Approaching junction or waiting/parked at junction approach,Going ahead other,Front,8821,4763
6207,2005,evening (19-23),Slight,Darkness - lights lit,1,Dry,Single carriageway,30.0,Urban,Fine no high winds,2005,7.0,Mid Junction - on roundabout or on main road,Turning right,Offside,8821,1223
6209,2005,morning rush (5-10),Slight,Daylight,1,Dry,Single carriageway,30.0,Urban,Fine no high winds,2005,7.0,Not at or within 20 metres of junction,U-turn,Offside,8821,146
6210,2005,afternoon rush (15-19),Slight,Darkness - lights lit,1,Dry,Single carriageway,30.0,Urban,Fine no high winds,2005,5.0,Mid Junction - on roundabout or on main road,Slowing or stopping,Back,8821,752
6213,2005,evening (19-23),Slight,Darkness - lights lit,1,Dry,Dual carriageway,30.0,Urban,Fine no high winds,2005,12.0,Mid Junction - on roundabout or on main road,Turning right,Nearside,8821,1223
6214,2005,afternoon rush (15-19),Slight,Darkness - lights lit,1,Dry,Single carriageway,30.0,Urban,Fine no high winds,2005,6.0,Mid Junction - on roundabout or on main road,Going ahead other,Front,8821,4763
6216,2005,afternoon rush (15-19),Slight,Daylight,1,Dry,Single carriageway,30.0,Urban,Fine no high winds,2005,18.0,Mid Junction - on roundabout or on main road,Going ahead other,Offside,8821,4763
6218,2005,night (23-5),Slight,Darkness - lights lit,1,Wet or damp,Single carriageway,30.0,Urban,Raining no high winds,2005,5.0,Not at or within 20 metres of junction,Going ahead other,Front,8821,4763
6220,2005,afternoon rush (15-19),Slight,Daylight,1,Wet or damp,Single carriageway,30.0,Urban,Raining no high winds,2005,7.0,Mid Junction - on roundabout or on main road,Going ahead other,Nearside,8821,4763
6223,2005,afternoon rush (15-19),Slight,Daylight,1,Dry,Single carriageway,30.0,Urban,Fine no high winds,2005,5.0,Not at or within 20 metres of junction,Going ahead other,Back,8821,4763
6225,2005,afternoon rush (15-19),Slight,Daylight,1,Wet or damp,Single carriageway,30.0,Urban,Fine no high winds,2005,11.0,Approaching junction or waiting/parked at junction approach,Going ahead other,Front,8821,4763
6226,2005,morning rush (5-10),Slight,Daylight,1,Dry,Single carriageway,30.0,Urban,Fine no high winds,2005,1.0,Approaching junction or waiting/parked at junction approach,Going ahead other,Nearside,8821,4763
6227,2005,morning rush (5-10),Slight,Daylight,1,Dry,Single carriageway,30.0,Urban,Fine no high winds,2005,1.0,Approaching junction or waiting/parked at junction approach,Going ahead other,Front,8821,4763
6230,2005,night (23-5),Slight,Darkness - lights lit,1,Snow,Single carriageway,30.0,Urban,Snowing + high winds,2005,8.0,Mid Junction - on roundabout or on main road,Turning right,Front,8821,1223
6233,2005,night (23-5),Serious,Darkness - lights lit,5,Wet or damp,Single carriageway,30.0,Urban,Raining no high winds,2005,6.0,Mid Junction - on roundabout or on main road,Going ahead other,Offside,1105,4763