Crash_Ref_Number,Crash_Year,Daytime,Accident_Severity,Light_Conditions,Number_of_Casualties,Road_Surface_Conditions,Road_Type,Speed_limit,Urban_or_Rural_Area,Weather_Conditions,Crash_Year,Age_of_Vehicle,Junction_Location,Vehicle_Manoeuvre,First_Point_of_Impact,count1,count
6901,2005,afternoon rush (15-19),Slight,Daylight,1,Dry,Single carriageway,30.0,Urban,Fine no high winds,2005,12.0,Mid Junction - on roundabout or on main road,Turning right,Front,8821,1223
6904,2005,morning rush (5-10),Slight,Daylight,2,Dry,Single carriageway,30.0,Urban,Fine no high winds,2005,3.0,Approaching junction or waiting/parked at junction approach,Slowing or stopping,Back,8821,752
6911,2005,afternoon rush (15-19),Slight,Daylight,1,Dry,Single carriageway,30.0,Urban,Fine no high winds,2005,1.0,Mid Junction - on roundabout or on main road,Going ahead other,Nearside,8821,4763
6913,2005,evening (19-23),Slight,Darkness - lights lit,1,Dry,Single carriageway,30.0,Urban,Fine no high winds,2005,15.0,Approaching junction or waiting/parked at junction approach,Going ahead other,Front,8821,4763
6914,2005,office hours (10-15),Slight,Daylight,1,Dry,Single carriageway,30.0,Urban,Fine no high winds,2005,9.0,Mid Junction - on roundabout or on main road,Going ahead other,Front,8821,4763
6915,2005,morning rush (5-10),Serious,Daylight,1,Wet or damp,Single carriageway,30.0,Urban,Raining no high winds,2005,2.0,Leaving main road,Turning left,Nearside,1105,324
6917,2005,evening (19-23),Slight,Daylight,1,Dry,Single carriageway,30.0,Urban,Fine no high winds,2005,7.0,Approaching junction or waiting/parked at junction approach,Going ahead left-hand bend,Nearside,8821,228
6918,2005,evening (19-23),Slight,Darkness - lights lit,2,Wet or damp,Single carriageway,30.0,Urban,Fine no high winds,2005,2.0,Not at or within 20 metres of junction,Slowing or stopping,Back,8821,752
6919,2005,morning rush (5-10),Serious,Daylight,1,Dry,Single carriageway,30.0,Urban,Fine no high winds,2005,8.0,Mid Junction - on roundabout or on main road,Going ahead other,Front,1105,4763
6923,2005,office hours (10-15),Slight,Daylight,1,Dry,Single carriageway,30.0,Urban,Fine no high winds,2005,4.0,Not at or within 20 metres of junction,Waiting to go - held up,Back,8821,851
6925,2005,afternoon rush (15-19),Slight,Daylight,1,Wet or damp,Single carriageway,30.0,Urban,Raining no high winds,2005,6.0,Mid Junction - on roundabout or on main road,Going ahead other,Front,8821,4763
6927,2005,afternoon rush (15-19),Slight,Daylight,1,Wet or damp,Single carriageway,30.0,Urban,Raining no high winds,2005,3.0,Mid Junction - on roundabout or on main road,Going ahead other,Offside,8821,4763
6932,2005,office hours (10-15),Slight,Daylight,1,Dry,Single carriageway,30.0,Urban,Fine no high winds,2005,10.0,Not at or within 20 metres of junction,Parked,Back,8821,309
6936,2005,afternoon rush (15-19),Slight,Daylight,1,Dry,Single carriageway,30.0,Urban,Fine no high winds,2005,7.0,Not at or within 20 metres of junction,Changing lane to left,Nearside,8821,76
6938,2005,morning rush (5-10),Slight,Daylight,1,Dry,Single carriageway,30.0,Urban,Fine no high winds,2005,1.0,Cleared junction or waiting/parked at junction exit,Slowing or stopping,Back,8821,752
6939,2005,office hours (10-15),Slight,Daylight,1,Dry,Single carriageway,30.0,Urban,Fine no high winds,2005,1.0,Mid Junction - on roundabout or on main road,Going ahead other,Front,8821,4763
6940,2005,office hours (10-15),Slight,Daylight,1,Dry,Single carriageway,30.0,Urban,Fine no high winds,2005,3.0,Mid Junction - on roundabout or on main road,Turning right,Front,8821,1223
6941,2005,afternoon rush (15-19),Slight,Daylight,1,Dry,Single carriageway,30.0,Urban,Fine no high winds,2005,10.0,Mid Junction - on roundabout or on main road,Turning right,Nearside,8821,1223
6945,2005,evening (19-23),Serious,Darkness - lights lit,1,Dry,Single carriageway,30.0,Urban,Fine no high winds,2005,2.0,Mid Junction - on roundabout or on main road,Going ahead other,Nearside,1105,4763
6946,2005,afternoon rush (15-19),Slight,Daylight,1,Wet or damp,Single carriageway,30.0,Urban,Raining no high winds,2005,15.0,Not at or within 20 metres of junction,Going ahead left-hand bend,Front,8821,228
6947,2005,afternoon rush (15-19),Slight,Daylight,1,Wet or damp,Single carriageway,30.0,Urban,Raining no high winds,2005,4.0,Not at or within 20 metres of junction,Going ahead right-hand bend,Front,8821,242
6948,2005,office hours (10-15),Slight,Daylight,3,Dry,Single carriageway,30.0,Urban,Fine no high winds,2005,4.0,Mid Junction - on roundabout or on main road,Going ahead other,Nearside,8821,4763
6950,2005,afternoon rush (15-19),Slight,Daylight,1,Dry,Single carriageway,30.0,Urban,Fine no high winds,2005,1.0,Approaching junction or waiting/parked at junction approach,Going ahead other,Offside,8821,4763
6952,2005,afternoon rush (15-19),Slight,Daylight,2,Dry,Single carriageway,30.0,Urban,Fine no high winds,2005,4.0,Mid Junction - on roundabout or on main road,Waiting to go - held up,Front,8821,851
6954,2005,office hours (10-15),Serious,Daylight,3,Dry,Single carriageway,30.0,Urban,Fine no high winds,2005,3.0,Approaching junction or waiting/parked at junction approach,Waiting to turn right,Back,1105,195
6960,2005,office hours (10-15),Slight,Daylight,1,Dry,Single carriageway,30.0,Urban,Fine no high winds,2005,6.0,Mid Junction - on roundabout or on main road,Going ahead other,Offside,8821,4763
6961,2005,morning rush (5-10),Slight,Daylight,1,Dry,Single carriageway,30.0,Urban,Fine no high winds,2005,14.0,Mid Junction - on roundabout or on main road,Turning left,Nearside,8821,324
6965,2005,office hours (10-15),Slight,Daylight,1,Dry,Single carriageway,30.0,Urban,Fine no high winds,2005,5.0,Approaching junction or waiting/parked at junction approach,Going ahead other,Front,8821,4763
6974,2005,afternoon rush (15-19),Slight,Daylight,1,Dry,Single carriageway,30.0,Urban,Fine no high winds,2005,1.0,Approaching junction or waiting/parked at junction approach,Slowing or stopping,Back,8821,752
6977,2005,office hours (10-15),Slight,Daylight,1,Dry,Single carriageway,30.0,Urban,Fine no high winds,2005,3.0,Not at or within 20 metres of junction,Going ahead other,Front,8821,4763
6979,2005,evening (19-23),Slight,Daylight,3,Wet or damp,Single carriageway,30.0,Urban,Raining no high winds,2005,6.0,Cleared junction or waiting/parked at junction exit,Going ahead other,Nearside,8821,4763
6981,2005,afternoon rush (15-19),Slight,Daylight,1,Dry,Single carriageway,30.0,Urban,Fine no high winds,2005,14.0,Mid Junction - on roundabout or on main road,Turning left,Nearside,8821,324
6982,2005,office hours (10-15),Serious,Daylight,3,Dry,Single carriageway,30.0,Urban,Fine no high winds,2005,15.0,Mid Junction - on roundabout or on main road,Overtaking moving vehicle - offside,Front,1105,171
6986,2005,night (23-5),Serious,Darkness - lights lit,2,Dry,Single carriageway,30.0,Urban,Fine no high winds,2005,6.0,Leaving roundabout,Going ahead other,Front,1105,4763
6988,2005,afternoon rush (15-19),Serious,Daylight,2,Wet or damp,Single carriageway,30.0,Urban,Fine no high winds,2005,14.0,Mid Junction - on roundabout or on main road,Going ahead other,Front,1105,4763
6989,2005,afternoon rush (15-19),Serious,Daylight,1,Wet or damp,Single carriageway,30.0,Urban,Raining no high winds,2005,1.0,Mid Junction - on roundabout or on main road,Turning right,Nearside,1105,1223
6995,2005,morning rush (5-10),Slight,Darkness - lights lit,1,Wet or damp,Single carriageway,30.0,Urban,Fine no high winds,2005,1.0,Mid Junction - on roundabout or on main road,Going ahead other,Nearside,8821,4763
6996,2005,morning rush (5-10),Slight,Daylight,1,Dry,Dual carriageway,30.0,Urban,Fine no high winds,2005,5.0,Mid Junction - on roundabout or on main road,Slowing or stopping,Back,8821,752
6997,2005,morning rush (5-10),Slight,Daylight,1,Dry,Dual carriageway,30.0,Urban,Fine no high winds,2005,2.0,Mid Junction - on roundabout or on main road,Going ahead other,Front,8821,4763
7004,2005,afternoon rush (15-19),Slight,Daylight,1,Dry,Single carriageway,30.0,Urban,Fine no high winds,2005,7.0,Not at or within 20 metres of junction,Waiting to go - held up,Back,8821,851
7005,2005,afternoon rush (15-19),Slight,Daylight,1,Dry,Single carriageway,30.0,Urban,Fine no high winds,2005,8.0,Not at or within 20 metres of junction,Going ahead other,Back,8821,4763
7006,2005,morning rush (5-10),Slight,Daylight,1,Dry,Single carriageway,30.0,Urban,Fine no high winds,2005,1.0,Leaving roundabout,U-turn,Back,8821,146
7007,2005,evening (19-23),Slight,Darkness - lights lit,1,Dry,Roundabout,30.0,Urban,Fine no high winds,2005,6.0,Approaching junction or waiting/parked at junction approach,Slowing or stopping,Back,8821,752
7008,2005,afternoon rush (15-19),Slight,Daylight,1,Wet or damp,Single carriageway,30.0,Urban,Fine no high winds,2005,5.0,Cleared junction or waiting/parked at junction exit,Waiting to go - held up,Back,8821,851
7012,2005,morning rush (5-10),Slight,Daylight,2,Dry,Single carriageway,30.0,Urban,Fine no high winds,2005,13.0,Approaching junction or waiting/parked at junction approach,Waiting to go - held up,Back,8821,851
7013,2005,morning rush (5-10),Slight,Daylight,1,Dry,Single carriageway,30.0,Urban,Fine no high winds,2005,4.0,Not at or within 20 metres of junction,Overtaking - nearside,Front,8821,69
7022,2005,evening (19-23),Serious,Darkness - lights lit,1,Dry,Single carriageway,30.0,Urban,Fine no high winds,2005,3.0,Approaching junction or waiting/parked at junction approach,Going ahead other,Front,1105,4763
7024,2005,afternoon rush (15-19),Slight,Daylight,1,Dry,Single carriageway,30.0,Urban,Fine no high winds,2005,6.0,Cleared junction or waiting/parked at junction exit,Slowing or stopping,Back,8821,752
7026,2005,afternoon rush (15-19),Serious,Daylight,1,Dry,Single carriageway,30.0,Urban,Fine no high winds,2005,15.0,Approaching junction or waiting/parked at junction approach,Overtaking static vehicle - offside,Front,1105,147
7031,2005,morning rush (5-10),Slight,Daylight,1,Dry,Single carriageway,30.0,Urban,Fine no high winds,2005,4.0,Approaching junction or waiting/parked at junction approach,Waiting to turn right,Back,8821,195
7033,2005,afternoon rush (15-19),Slight,Daylight,2,Dry,Single carriageway,30.0,Urban,Fine no high winds,2005,2.0,Not at or within 20 metres of junction,Going ahead other,Front,8821,4763
7034,2005,afternoon rush (15-19),Serious,Daylight,2,Dry,Single carriageway,30.0,Urban,Fine no high winds,2005,10.0,Mid Junction - on roundabout or on main road,Going ahead other,Front,1105,4763
7035,2005,afternoon rush (15-19),Slight,Daylight,1,Dry,Single carriageway,30.0,Urban,Fine no high winds,2005,2.0,Cleared junction or waiting/parked at junction exit,Waiting to go - held up,Back,8821,851
7036,2005,afternoon rush (15-19),Slight,Daylight,1,Dry,Single carriageway,30.0,Urban,Fine no high winds,2005,6.0,Cleared junction or waiting/parked at junction exit,Going ahead other,Front,8821,4763
7038,2005,office hours (10-15),Serious,Daylight,2,Dry,Single carriageway,30.0,Urban,Fine no high winds,2005,2.0,Approaching junction or waiting/parked at junction approach,Waiting to go - held up,Back,1105,851
7040,2005,evening (19-23),Serious,Darkness - lights lit,1,Wet or damp,Single carriageway,30.0,Urban,Raining no high winds,2005,4.0,Not at or within 20 metres of junction,Going ahead other,Front,1105,4763
7042,2005,office hours (10-15),Serious,Daylight,1,Dry,Single carriageway,30.0,Urban,Fine no high winds,2005,13.0,Mid Junction - on roundabout or on main road,Going ahead other,Front,1105,4763
7045,2005,afternoon rush (15-19),Slight,Daylight,1,Dry,Single carriageway,30.0,Urban,Fine no high winds,2005,11.0,Approaching junction or waiting/parked at junction approach,Slowing or stopping,Nearside,8821,752
7047,2005,afternoon rush (15-19),Slight,Daylight,1,Dry,Single carriageway,30.0,Urban,Fine no high winds,2005,13.0,Leaving roundabout,Overtaking static vehicle - offside,Front,8821,147
7049,2005,afternoon rush (15-19),Slight,Daylight,1,Wet or damp,Single carriageway,30.0,Urban,Raining no high winds,2005,6.0,Not at or within 20 metres of junction,Going ahead other,Front,8821,4763
7051,2005,afternoon rush (15-19),Slight,Daylight,1,Wet or damp,Dual carriageway,30.0,Urban,Raining no high winds,2005,8.0,Mid Junction - on roundabout or on main road,Going ahead other,Front,8821,4763
7052,2005,office hours (10-15),Slight,Daylight,1,Dry,Single carriageway,30.0,Urban,Fine no high winds,2005,1.0,Mid Junction - on roundabout or on main road,Going ahead other,Front,8821,4763
7053,2005,office hours (10-15),Slight,Daylight,3,Dry,Single carriageway,30.0,Urban,Fine no high winds,2005,17.0,Not at or within 20 metres of junction,Going ahead other,Offside,8821,4763
7054,2005,afternoon rush (15-19),Slight,Daylight,1,Dry,Single carriageway,30.0,Urban,Fine no high winds,2005,12.0,Approaching junction or waiting/parked at junction approach,Turning left,Nearside,8821,324
7057,2005,afternoon rush (15-19),Slight,Daylight,1,Wet or damp,Single carriageway,30.0,Urban,Raining no high winds,2005,6.0,Approaching junction or waiting/parked at junction approach,Slowing or stopping,Back,8821,752
7059,2005,afternoon rush (15-19),Slight,Daylight,3,Wet or damp,Single carriageway,30.0,Urban,Fine no high winds,2005,1.0,Cleared junction or waiting/parked at junction exit,Going ahead other,Offside,8821,4763
7060,2005,afternoon rush (15-19),Slight,Daylight,3,Wet or damp,Single carriageway,30.0,Urban,Fine no high winds,2005,8.0,Approaching junction or waiting/parked at junction approach,Waiting to go - held up,Back,8821,851
7063,2005,afternoon rush (15-19),Serious,Daylight,4,Dry,Single carriageway,30.0,Urban,Fine no high winds,2005,5.0,Mid Junction - on roundabout or on main road,Turning right,Front,1105,1223
7064,2005,afternoon rush (15-19),Slight,Daylight,1,Dry,Single carriageway,30.0,Urban,Fine no high winds,2005,12.0,Mid Junction - on roundabout or on main road,Turning right,Offside,8821,1223
7065,2005,afternoon rush (15-19),Slight,Daylight,1,Dry,Single carriageway,30.0,Urban,Fine no high winds,2005,1.0,Mid Junction - on roundabout or on main road,Going ahead other,Front,8821,4763
7066,2005,evening (19-23),Slight,Daylight,1,Dry,Single carriageway,30.0,Urban,Fine no high winds,2005,3.0,Cleared junction or waiting/parked at junction exit,Going ahead other,Front,8821,4763
7067,2005,afternoon rush (15-19),Slight,Daylight,1,Wet or damp,Single carriageway,30.0,Urban,Raining no high winds,2005,6.0,Mid Junction - on roundabout or on main road,Turning right,Front,8821,1223
7072,2005,office hours (10-15),Slight,Daylight,2,Dry,Single carriageway,30.0,Urban,Fine no high winds,2005,1.0,Mid Junction - on roundabout or on main road,Overtaking static vehicle - offside,Front,8821,147
7074,2005,office hours (10-15),Slight,Daylight,1,Dry,Single carriageway,30.0,Urban,Fine no high winds,2005,10.0,Mid Junction - on roundabout or on main road,Turning right,Nearside,8821,1223
7075,2005,afternoon rush (15-19),Slight,Daylight,1,Dry,Single carriageway,30.0,Urban,Fine no high winds,2005,8.0,Mid Junction - on roundabout or on main road,Going ahead other,Offside,8821,4763
7079,2005,afternoon rush (15-19),Slight,Daylight,1,Wet or damp,Single carriageway,30.0,Urban,Raining no high winds,2005,5.0,Mid Junction - on roundabout or on main road,Going ahead other,Front,8821,4763
7080,2005,morning rush (5-10),Slight,Daylight,1,Dry,Single carriageway,30.0,Urban,Fine no high winds,2005,5.0,Mid Junction - on roundabout or on main road,Going ahead other,Front,8821,4763
7082,2005,afternoon rush (15-19),Slight,Daylight,1,Dry,Single carriageway,30.0,Urban,Fine no high winds,2005,4.0,Approaching junction or waiting/parked at junction approach,Going ahead other,Front,8821,4763
7085,2005,afternoon rush (15-19),Slight,Daylight,1,Dry,Single carriageway,30.0,Urban,Fine no high winds,2005,5.0,Leaving roundabout,Moving off,Front,8821,251
7086,2005,afternoon rush (15-19),Slight,Daylight,1,Dry,Single carriageway,30.0,Urban,Fine no high winds,2005,4.0,Leaving roundabout,Going ahead other,Front,8821,4763
7090,2005,evening (19-23),Slight,Daylight,1,Dry,Single carriageway,30.0,Urban,Fine no high winds,2005,1.0,Mid Junction - on roundabout or on main road,Overtaking - nearside,Front,8821,69
7091,2005,evening (19-23),Slight,Daylight,1,Dry,Single carriageway,30.0,Urban,Fine no high winds,2005,8.0,Mid Junction - on roundabout or on main road,Turning right,Offside,8821,1223
7093,2005,morning rush (5-10),Slight,Daylight,1,Dry,Single carriageway,30.0,Urban,Fine no high winds,2005,11.0,Approaching junction or waiting/parked at junction approach,Waiting to turn left,Offside,8821,57
7094,2005,office hours (10-15),Slight,Daylight,1,Dry,One way street,30.0,Urban,Fine no high winds,2005,13.0,Mid Junction - on roundabout or on main road,Going ahead other,Nearside,8821,4763
7096,2005,morning rush (5-10),Slight,Daylight,1,Dry,Single carriageway,30.0,Urban,Fine no high winds,2005,2.0,Mid Junction - on roundabout or on main road,Going ahead other,Offside,8821,4763
7097,2005,morning rush (5-10),Slight,Darkness - lights lit,2,Dry,Single carriageway,30.0,Urban,Fine no high winds,2005,10.0,Approaching junction or waiting/parked at junction approach,Slowing or stopping,Back,8821,752
7098,2005,morning rush (5-10),Slight,Darkness - lights lit,2,Dry,Single carriageway,30.0,Urban,Fine no high winds,2005,14.0,Approaching junction or waiting/parked at junction approach,Going ahead other,Front,8821,4763
7100,2005,morning rush (5-10),Slight,Daylight,1,Dry,Single carriageway,30.0,Urban,Fine no high winds,2005,12.0,Leaving roundabout,Going ahead other,Front,8821,4763
7101,2005,morning rush (5-10),Slight,Daylight,1,Dry,Single carriageway,30.0,Urban,Fine no high winds,2005,7.0,Leaving roundabout,Parked,Front,8821,309
7112,2005,morning rush (5-10),Slight,Daylight,1,Dry,Single carriageway,30.0,Urban,Fine no high winds,2005,3.0,Not at or within 20 metres of junction,Slowing or stopping,Back,8821,752
7116,2005,office hours (10-15),Slight,Daylight,1,Dry,Single carriageway,30.0,Urban,Fine no high winds,2005,5.0,Approaching junction or waiting/parked at junction approach,Going ahead other,Front,8821,4763
7120,2005,office hours (10-15),Slight,Daylight,1,Dry,Single carriageway,30.0,Urban,Fine no high winds,2005,4.0,Mid Junction - on roundabout or on main road,Turning right,Front,8821,1223
7122,2005,evening (19-23),Slight,Darkness - lights lit,1,Dry,Single carriageway,30.0,Urban,Fine no high winds,2005,18.0,Not at or within 20 metres of junction,Going ahead other,Front,8821,4763
7123,2005,afternoon rush (15-19),Slight,Daylight,1,Dry,Single carriageway,30.0,Urban,Fine no high winds,2005,9.0,Not at or within 20 metres of junction,Waiting to go - held up,Back,8821,851
7125,2005,evening (19-23),Slight,Darkness - lights lit,1,Wet or damp,Single carriageway,30.0,Urban,Raining no high winds,2005,8.0,Not at or within 20 metres of junction,U-turn,Offside,8821,146
7126,2005,afternoon rush (15-19),Slight,Daylight,1,Dry,Single carriageway,30.0,Urban,Fine no high winds,2005,6.0,Approaching junction or waiting/parked at junction approach,Slowing or stopping,Back,8821,752
7130,2005,office hours (10-15),Slight,Daylight,1,Wet or damp,Roundabout,30.0,Urban,Raining no high winds,2005,1.0,Mid Junction - on roundabout or on main road,Waiting to go - held up,Back,8821,851
7132,2005,morning rush (5-10),Serious,Daylight,1,Dry,Single carriageway,30.0,Urban,Fine no high winds,2005,4.0,Cleared junction or waiting/parked at junction exit,Going ahead other,Front,1105,4763
7134,2005,afternoon rush (15-19),Slight,Daylight,1,Dry,Single carriageway,30.0,Urban,Fine no high winds,2005,3.0,Mid Junction - on roundabout or on main road,Going ahead other,Front,8821,4763
7136,2005,morning rush (5-10),Slight,Daylight,1,Dry,Single carriageway,30.0,Urban,Fine no high winds,2005,4.0,Approaching junction or waiting/parked at junction approach,Waiting to go - held up,Back,8821,851
7140,2005,office hours (10-15),Slight,Daylight,1,Dry,Single carriageway,30.0,Urban,Fine no high winds,2005,5.0,Mid Junction - on roundabout or on main road,U-turn,Offside,8821,146
7141,2005,office hours (10-15),Slight,Daylight,1,Dry,Single carriageway,30.0,Urban,Fine no high winds,2005,2.0,Mid Junction - on roundabout or on main road,Overtaking moving vehicle - offside,Front,8821,171
7142,2005,morning rush (5-10),Slight,Daylight,1,Dry,Single carriageway,30.0,Urban,Fine no high winds,2005,6.0,Mid Junction - on roundabout or on main road,Turning right,Offside,8821,1223
7146,2005,afternoon rush (15-19),Slight,Daylight,1,Dry,Single carriageway,30.0,Urban,Fine no high winds,2005,13.0,Not at or within 20 metres of junction,Reversing,Back,8821,108
7147,2005,afternoon rush (15-19),Slight,Daylight,1,Dry,Single carriageway,30.0,Urban,Fine no high winds,2005,4.0,Approaching junction or waiting/parked at junction approach,Slowing or stopping,Back,8821,752
7148,2005,office hours (10-15),Slight,Daylight,1,Wet or damp,Single carriageway,30.0,Urban,Fine no high winds,2005,1.0,Cleared junction or waiting/parked at junction exit,Slowing or stopping,Did not impact,8821,752
7155,2005,office hours (10-15),Serious,Daylight,1,Dry,Single carriageway,30.0,Urban,Fine no high winds,2005,1.0,Mid Junction - on roundabout or on main road,Turning right,Offside,1105,1223
7156,2005,evening (19-23),Slight,Darkness - lights lit,1,Dry,Single carriageway,30.0,Urban,Fine no high winds,2005,4.0,Approaching junction or waiting/parked at junction approach,Going ahead other,Offside,8821,4763
7157,2005,afternoon rush (15-19),Slight,Darkness - lights lit,3,Dry,Roundabout,30.0,Urban,Fine no high winds,2005,4.0,Approaching junction or waiting/parked at junction approach,Waiting to go - held up,Front,8821,851
7158,2005,evening (19-23),Slight,Darkness - lights lit,2,Dry,Single carriageway,30.0,Urban,Fine no high winds,2005,6.0,Not at or within 20 metres of junction,Waiting to go - held up,Back,8821,851
7160,2005,office hours (10-15),Slight,Daylight,2,Dry,Single carriageway,30.0,Urban,Fine no high winds,2005,1.0,Approaching junction or waiting/parked at junction approach,Going ahead other,Nearside,8821,4763
7161,2005,office hours (10-15),Slight,Daylight,2,Dry,Single carriageway,30.0,Urban,Fine no high winds,2005,19.0,Approaching junction or waiting/parked at junction approach,Parked,Offside,8821,309
7163,2005,morning rush (5-10),Slight,Daylight,1,Wet or damp,Single carriageway,30.0,Urban,Raining no high winds,2005,5.0,Not at or within 20 metres of junction,Going ahead other,Front,8821,4763
7167,2005,office hours (10-15),Slight,Daylight,2,Dry,Single carriageway,30.0,Urban,Fine no high winds,2005,9.0,Not at or within 20 metres of junction,Going ahead other,Front,8821,4763
7177,2005,morning rush (5-10),Slight,Daylight,1,Dry,Single carriageway,30.0,Urban,Fine no high winds,2005,15.0,Mid Junction - on roundabout or on main road,Going ahead other,Nearside,8821,4763
7178,2005,evening (19-23),Slight,Darkness - lights lit,1,Dry,Single carriageway,30.0,Urban,Fine no high winds,2005,3.0,Not at or within 20 metres of junction,Slowing or stopping,Back,8821,752
7179,2005,office hours (10-15),Slight,Daylight,1,Dry,Single carriageway,30.0,Urban,Fine no high winds,2005,8.0,Not at or within 20 metres of junction,Waiting to go - held up,Back,8821,851
7182,2005,office hours (10-15),Slight,Daylight,1,Wet or damp,Single carriageway,30.0,Urban,Raining no high winds,2005,6.0,Not at or within 20 metres of junction,Reversing,Back,8821,108
7188,2005,evening (19-23),Serious,Darkness - lights lit,1,Dry,Single carriageway,30.0,Urban,Fine no high winds,2005,1.0,Mid Junction - on roundabout or on main road,Turning left,Nearside,1105,324
7191,2005,office hours (10-15),Slight,Daylight,1,Dry,Single carriageway,30.0,Urban,Fine no high winds,2005,1.0,Mid Junction - on roundabout or on main road,Turning right,Front,8821,1223
7201,2005,afternoon rush (15-19),Slight,Darkness - lights lit,1,Dry,Single carriageway,30.0,Urban,Fine no high winds,2005,1.0,Mid Junction - on roundabout or on main road,Moving off,Nearside,8821,251
7204,2005,afternoon rush (15-19),Slight,Daylight,1,Dry,Single carriageway,30.0,Urban,Fine no high winds,2005,1.0,Not at or within 20 metres of junction,Going ahead other,Nearside,8821,4763
7205,2005,afternoon rush (15-19),Slight,Daylight,1,Dry,Single carriageway,30.0,Urban,Fine no high winds,2005,9.0,Not at or within 20 metres of junction,Changing lane to right,Offside,8821,87
7209,2005,night (23-5),Slight,Darkness - lights lit,1,Wet or damp,Roundabout,30.0,Urban,Raining no high winds,2005,1.0,Mid Junction - on roundabout or on main road,Going ahead other,Front,8821,4763
7213,2005,morning rush (5-10),Slight,Daylight,1,Wet or damp,Single carriageway,30.0,Urban,Raining no high winds,2005,9.0,Cleared junction or waiting/parked at junction exit,Going ahead other,Back,8821,4763
7216,2005,office hours (10-15),Slight,Daylight,2,Dry,One way street,30.0,Urban,Fine no high winds,2005,4.0,Approaching junction or waiting/parked at junction approach,Changing lane to left,Did not impact,8821,76
7217,2005,evening (19-23),Slight,Darkness - lights lit,1,Dry,Single carriageway,30.0,Urban,Fine no high winds,2005,11.0,Approaching junction or waiting/parked at junction approach,Going ahead other,Front,8821,4763
7219,2005,evening (19-23),Slight,Darkness - lights lit,1,Wet or damp,Roundabout,30.0,Urban,Raining no high winds,2005,1.0,Leaving roundabout,Turning right,Front,8821,1223
7220,2005,evening (19-23),Slight,Darkness - lights lit,1,Dry,Single carriageway,30.0,Urban,Fine no high winds,2005,9.0,Cleared junction or waiting/parked at junction exit,Going ahead other,Back,8821,4763
7221,2005,evening (19-23),Slight,Darkness - lights lit,1,Dry,Single carriageway,30.0,Urban,Fine no high winds,2005,14.0,Mid Junction - on roundabout or on main road,Turning right,Offside,8821,1223
7222,2005,morning rush (5-10),Slight,Darkness - lights lit,2,Dry,Single carriageway,30.0,Urban,Fine no high winds,2005,3.0,Cleared junction or waiting/parked at junction exit,Going ahead other,Front,8821,4763
7224,2005,morning rush (5-10),Slight,Darkness - lights lit,1,Wet or damp,Roundabout,30.0,Urban,Fine no high winds,2005,1.0,Mid Junction - on roundabout or on main road,Turning left,Offside,8821,324
7235,2005,office hours (10-15),Slight,Daylight,1,Dry,Single carriageway,30.0,Urban,Fine no high winds,2005,4.0,Approaching junction or waiting/parked at junction approach,Changing lane to left,Front,8821,76
7237,2005,evening (19-23),Slight,Darkness - lights lit,1,Dry,Single carriageway,30.0,Urban,Fine no high winds,2005,5.0,Cleared junction or waiting/parked at junction exit,Going ahead other,Front,8821,4763
7239,2005,evening (19-23),Slight,Darkness - lights lit,1,Dry,Single carriageway,30.0,Urban,Fine no high winds,2005,2.0,Approaching junction or waiting/parked at junction approach,Going ahead other,Nearside,8821,4763
7240,2005,evening (19-23),Slight,Darkness - lights lit,1,Dry,Single carriageway,30.0,Urban,Fine no high winds,2005,11.0,Approaching junction or waiting/parked at junction approach,Turning right,Front,8821,1223
7244,2005,evening (19-23),Slight,Darkness - lights lit,1,Dry,Single carriageway,30.0,Urban,Fine no high winds,2005,1.0,Approaching junction or waiting/parked at junction approach,Slowing or stopping,Back,8821,752
7248,2005,afternoon rush (15-19),Slight,Darkness - lights lit,1,Dry,Roundabout,30.0,Urban,Fine no high winds,2005,1.0,Mid Junction - on roundabout or on main road,Going ahead other,Nearside,8821,4763
7252,2005,night (23-5),Slight,Darkness - lights lit,1,Wet or damp,Single carriageway,30.0,Urban,Fine no high winds,2005,10.0,Not at or within 20 metres of junction,Going ahead left-hand bend,Did not impact,8821,228
7253,2005,morning rush (5-10),Slight,Daylight,3,Wet or damp,Single carriageway,30.0,Urban,Fine no high winds,2005,1.0,Not at or within 20 metres of junction,Going ahead other,Front,8821,4763
7254,2005,morning rush (5-10),Slight,Daylight,3,Wet or damp,Single carriageway,30.0,Urban,Fine no high winds,2005,6.0,Not at or within 20 metres of junction,Going ahead other,Front,8821,4763
7255,2005,morning rush (5-10),Slight,Darkness - lights lit,2,Dry,Single carriageway,30.0,Urban,Fine no high winds,2005,13.0,Mid Junction - on roundabout or on main road,Waiting to turn right,Front,8821,195
7256,2005,afternoon rush (15-19),Slight,Daylight,2,Wet or damp,Single carriageway,30.0,Urban,Fine no high winds,2005,9.0,Not at or within 20 metres of junction,Going ahead other,Front,8821,4763
7257,2005,morning rush (5-10),Slight,Darkness - lights lit,1,Dry,Single carriageway,30.0,Urban,Fine no high winds,2005,7.0,Mid Junction - on roundabout or on main road,Going ahead other,Front,8821,4763
7258,2005,afternoon rush (15-19),Slight,Daylight,1,Dry,Roundabout,30.0,Urban,Fine no high winds,2005,3.0,Mid Junction - on roundabout or on main road,Turning left,Front,8821,324
7259,2005,evening (19-23),Slight,Darkness - lights lit,1,Dry,Single carriageway,30.0,Urban,Fine + high winds,2005,8.0,Not at or within 20 metres of junction,Going ahead other,Front,8821,4763