Crash_Ref_Number,Crash_Year,Daytime,Accident_Severity,Light_Conditions,Number_of_Casualties,Road_Surface_Conditions,Road_Type,Speed_limit,Urban_or_Rural_Area,Weather_Conditions,Crash_Year,Age_of_Vehicle,Junction_Location,Vehicle_Manoeuvre,First_Point_of_Impact,count1,count
9385,2005,morning rush (5-10),Slight,Daylight,1,Wet or damp,Single carriageway,30.0,Urban,Raining no high winds,2005,1.0,Mid Junction - on roundabout or on main road,Going ahead other,Front,8821,4763
9386,2005,afternoon rush (15-19),Serious,Daylight,2,Dry,Dual carriageway,50.0,Urban,Fine no high winds,2005,10.0,Not at or within 20 metres of junction,Going ahead other,Front,1105,4763
9389,2005,night (23-5),Slight,Darkness - lights lit,1,Wet or damp,Single carriageway,30.0,Urban,Raining no high winds,2005,3.0,Cleared junction or waiting/parked at junction exit,Going ahead other,Offside,8821,4763
9390,2005,morning rush (5-10),Slight,Daylight,1,Dry,Slip road,30.0,Urban,Fine no high winds,2005,1.0,Cleared junction or waiting/parked at junction exit,Waiting to go - held up,Back,8821,851
9391,2005,morning rush (5-10),Slight,Daylight,1,Dry,Slip road,30.0,Urban,Fine no high winds,2005,5.0,Cleared junction or waiting/parked at junction exit,Waiting to go - held up,Back,8821,851
9392,2005,office hours (10-15),Slight,Daylight,1,Dry,Single carriageway,30.0,Urban,Fine no high winds,2005,1.0,Approaching junction or waiting/parked at junction approach,Going ahead other,Front,8821,4763
9393,2005,morning rush (5-10),Slight,Daylight,1,Dry,Single carriageway,30.0,Urban,Fine no high winds,2005,6.0,Approaching junction or waiting/parked at junction approach,Going ahead other,Front,8821,4763
9394,2005,morning rush (5-10),Slight,Daylight,1,Dry,Single carriageway,30.0,Urban,Fine no high winds,2005,1.0,Mid Junction - on roundabout or on main road,Going ahead other,Offside,8821,4763
9395,2005,afternoon rush (15-19),Slight,Daylight,2,Dry,Dual carriageway,40.0,Urban,Fine no high winds,2005,7.0,Approaching junction or waiting/parked at junction approach,Slowing or stopping,Back,8821,752
9397,2005,office hours (10-15),Slight,Daylight,1,Wet or damp,Dual carriageway,40.0,Urban,Fine no high winds,2005,4.0,Not at or within 20 metres of junction,Going ahead other,Front,8821,4763
9398,2005,office hours (10-15),Slight,Daylight,1,Dry,Single carriageway,30.0,Urban,Fine no high winds,2005,1.0,Not at or within 20 metres of junction,Going ahead other,Front,8821,4763
9399,2005,morning rush (5-10),Serious,Daylight,1,Dry,Single carriageway,30.0,Urban,Fine no high winds,2005,5.0,Mid Junction - on roundabout or on main road,Reversing,Back,1105,108
9401,2005,afternoon rush (15-19),Slight,Daylight,1,Dry,Single carriageway,30.0,Urban,Fine no high winds,2005,9.0,Mid Junction - on roundabout or on main road,Going ahead other,Nearside,8821,4763
9405,2005,office hours (10-15),Slight,Daylight,1,Dry,Dual carriageway,40.0,Urban,Fine no high winds,2005,5.0,Not at or within 20 metres of junction,Going ahead other,Back,8821,4763
9407,2005,evening (19-23),Slight,Daylight,1,Dry,Dual carriageway,40.0,Urban,Fine no high winds,2005,4.0,Not at or within 20 metres of junction,Going ahead other,Front,8821,4763
9409,2005,afternoon rush (15-19),Serious,Daylight,1,Dry,Single carriageway,30.0,Urban,Fine no high winds,2005,9.0,Approaching junction or waiting/parked at junction approach,Parked,Offside,1105,309
9410,2005,afternoon rush (15-19),Serious,Daylight,1,Dry,Single carriageway,30.0,Urban,Fine no high winds,2005,4.0,Approaching junction or waiting/parked at junction approach,Going ahead other,Front,1105,4763
9414,2005,afternoon rush (15-19),Slight,Daylight,1,Dry,Single carriageway,30.0,Urban,Fine no high winds,2005,4.0,Mid Junction - on roundabout or on main road,Going ahead left-hand bend,Nearside,8821,228
9415,2005,afternoon rush (15-19),Slight,Daylight,1,Dry,Single carriageway,30.0,Urban,Fine no high winds,2005,2.0,Mid Junction - on roundabout or on main road,Turning right,Front,8821,1223
9419,2005,afternoon rush (15-19),Slight,Daylight,1,Dry,Single carriageway,30.0,Urban,Fine no high winds,2005,13.0,Mid Junction - on roundabout or on main road,Turning right,Nearside,8821,1223
9420,2005,office hours (10-15),Slight,Daylight,2,Dry,Single carriageway,30.0,Urban,Fine no high winds,2005,3.0,Mid Junction - on roundabout or on main road,Going ahead other,Front,8821,4763
9422,2005,afternoon rush (15-19),Slight,Daylight,1,Dry,Single carriageway,30.0,Urban,Fine no high winds,2005,1.0,Approaching junction or waiting/parked at junction approach,Slowing or stopping,Back,8821,752
9423,2005,morning rush (5-10),Slight,Daylight,1,Dry,Single carriageway,30.0,Urban,Fine no high winds,2005,8.0,Approaching junction or waiting/parked at junction approach,Going ahead other,Nearside,8821,4763
9427,2005,night (23-5),Slight,Darkness - lights lit,1,Dry,Single carriageway,30.0,Urban,Fine no high winds,2005,7.0,Not at or within 20 metres of junction,Going ahead other,Front,8821,4763
9430,2005,afternoon rush (15-19),Slight,Daylight,1,Wet or damp,Single carriageway,30.0,Urban,Fine no high winds,2005,1.0,Mid Junction - on roundabout or on main road,Overtaking moving vehicle - offside,Nearside,8821,171
9432,2005,office hours (10-15),Slight,Daylight,1,Dry,Single carriageway,30.0,Urban,Fine no high winds,2005,4.0,Mid Junction - on roundabout or on main road,Going ahead other,Offside,8821,4763
9433,2005,office hours (10-15),Slight,Daylight,1,Dry,Single carriageway,30.0,Urban,Fine no high winds,2005,7.0,Approaching junction or waiting/parked at junction approach,Moving off,Back,8821,251
9434,2005,afternoon rush (15-19),Slight,Daylight,1,Wet or damp,Single carriageway,30.0,Urban,Raining no high winds,2005,11.0,Mid Junction - on roundabout or on main road,Turning left,Front,8821,324
9435,2005,afternoon rush (15-19),Slight,Daylight,2,Dry,Single carriageway,30.0,Urban,Fine no high winds,2005,2.0,Approaching junction or waiting/parked at junction approach,Waiting to go - held up,Back,8821,851
9437,2005,evening (19-23),Slight,Darkness - lights lit,1,Dry,Dual carriageway,50.0,Urban,Fine no high winds,2005,8.0,Not at or within 20 metres of junction,Waiting to go - held up,Back,8821,851
9438,2005,afternoon rush (15-19),Slight,Daylight,1,Wet or damp,Single carriageway,30.0,Urban,Fine no high winds,2005,15.0,Cleared junction or waiting/parked at junction exit,Turning right,Nearside,8821,1223
9439,2005,afternoon rush (15-19),Slight,Daylight,1,Wet or damp,Single carriageway,30.0,Urban,Fine no high winds,2005,5.0,Approaching junction or waiting/parked at junction approach,Going ahead other,Front,8821,4763
9441,2005,morning rush (5-10),Serious,Daylight,1,Dry,Single carriageway,30.0,Urban,Fine no high winds,2005,1.0,Not at or within 20 metres of junction,Going ahead other,Nearside,1105,4763
9442,2005,afternoon rush (15-19),Slight,Daylight,3,Wet or damp,Dual carriageway,30.0,Urban,Raining no high winds,2005,6.0,Mid Junction - on roundabout or on main road,Turning right,Front,8821,1223
9443,2005,afternoon rush (15-19),Slight,Daylight,2,Dry,Single carriageway,30.0,Urban,Fine no high winds,2005,18.0,Mid Junction - on roundabout or on main road,Going ahead other,Front,8821,4763
9444,2005,afternoon rush (15-19),Slight,Daylight,1,Dry,Dual carriageway,40.0,Urban,Fine no high winds,2005,10.0,Cleared junction or waiting/parked at junction exit,Going ahead other,Front,8821,4763
9449,2005,evening (19-23),Slight,Darkness - lights lit,1,Dry,Single carriageway,30.0,Urban,Fine no high winds,2005,9.0,Not at or within 20 metres of junction,Going ahead other,Front,8821,4763
9451,2005,afternoon rush (15-19),Serious,Daylight,1,Dry,Dual carriageway,50.0,Urban,Fine no high winds,2005,7.0,Not at or within 20 metres of junction,Going ahead other,Front,1105,4763
9455,2005,morning rush (5-10),Slight,Daylight,1,Dry,Single carriageway,30.0,Urban,Fine no high winds,2005,12.0,Mid Junction - on roundabout or on main road,Going ahead other,Front,8821,4763
9460,2005,night (23-5),Slight,Darkness - lights lit,1,Dry,Dual carriageway,40.0,Urban,Fine no high winds,2005,1.0,Not at or within 20 metres of junction,Changing lane to right,Front,8821,87
9462,2005,office hours (10-15),Slight,Daylight,1,Dry,Single carriageway,30.0,Urban,Fine no high winds,2005,6.0,Not at or within 20 metres of junction,Going ahead other,Front,8821,4763
9463,2005,morning rush (5-10),Slight,Daylight,1,Dry,Single carriageway,30.0,Urban,Fine no high winds,2005,3.0,Mid Junction - on roundabout or on main road,Going ahead other,Front,8821,4763
9466,2005,office hours (10-15),Slight,Daylight,1,Wet or damp,Single carriageway,30.0,Urban,Raining no high winds,2005,7.0,Mid Junction - on roundabout or on main road,Going ahead other,Front,8821,4763
9467,2005,evening (19-23),Slight,Darkness - lights lit,1,Dry,Roundabout,30.0,Urban,Fine no high winds,2005,10.0,Cleared junction or waiting/parked at junction exit,Turning right,Front,8821,1223
9472,2005,morning rush (5-10),Slight,Daylight,2,Dry,Dual carriageway,50.0,Urban,Fine no high winds,2005,7.0,Mid Junction - on roundabout or on main road,Going ahead other,Front,8821,4763
9473,2005,afternoon rush (15-19),Slight,Daylight,1,Dry,Single carriageway,30.0,Urban,Fine no high winds,2005,11.0,Mid Junction - on roundabout or on main road,Going ahead other,Back,8821,4763
9474,2005,morning rush (5-10),Slight,Daylight,1,Dry,Single carriageway,30.0,Urban,Fine no high winds,2005,2.0,Not at or within 20 metres of junction,Parked,Nearside,8821,309
9475,2005,office hours (10-15),Slight,Daylight,2,Dry,Roundabout,30.0,Urban,Fine no high winds,2005,5.0,Approaching junction or waiting/parked at junction approach,Going ahead other,Front,8821,4763
9478,2005,evening (19-23),Slight,Daylight,1,Dry,Single carriageway,30.0,Urban,Fine no high winds,2005,5.0,Not at or within 20 metres of junction,Going ahead other,Front,8821,4763
9479,2005,afternoon rush (15-19),Slight,Daylight,1,Dry,Single carriageway,30.0,Urban,Fine no high winds,2005,8.0,Mid Junction - on roundabout or on main road,Going ahead other,Offside,8821,4763
9480,2005,office hours (10-15),Slight,Daylight,2,Dry,Single carriageway,30.0,Urban,Fine no high winds,2005,8.0,Not at or within 20 metres of junction,Going ahead other,Front,8821,4763
9481,2005,evening (19-23),Slight,Daylight,1,Dry,Single carriageway,30.0,Urban,Fine no high winds,2005,4.0,Not at or within 20 metres of junction,Going ahead other,Front,8821,4763
9482,2005,afternoon rush (15-19),Slight,Daylight,1,Dry,Dual carriageway,30.0,Urban,Fine no high winds,2005,3.0,Not at or within 20 metres of junction,Slowing or stopping,Back,8821,752
9484,2005,afternoon rush (15-19),Slight,Daylight,1,Wet or damp,Single carriageway,30.0,Urban,Raining no high winds,2005,2.0,Mid Junction - on roundabout or on main road,Turning right,Offside,8821,1223
9485,2005,afternoon rush (15-19),Slight,Daylight,1,Wet or damp,Single carriageway,30.0,Urban,Raining no high winds,2005,14.0,Mid Junction - on roundabout or on main road,Going ahead other,Front,8821,4763
9487,2005,evening (19-23),Slight,Daylight,1,Wet or damp,Single carriageway,30.0,Urban,Raining no high winds,2005,6.0,Approaching junction or waiting/parked at junction approach,Going ahead other,Front,8821,4763
9489,2005,evening (19-23),Slight,Darkness - lighting unknown,1,Wet or damp,Single carriageway,30.0,Urban,Fine no high winds,2005,2.0,Cleared junction or waiting/parked at junction exit,Going ahead other,Back,8821,4763
9490,2005,night (23-5),Slight,Darkness - lights lit,3,Dry,Single carriageway,30.0,Urban,Fine no high winds,2005,17.0,Mid Junction - on roundabout or on main road,Going ahead other,Offside,8821,4763
9491,2005,afternoon rush (15-19),Serious,Daylight,1,Wet or damp,Single carriageway,30.0,Urban,Raining no high winds,2005,1.0,Mid Junction - on roundabout or on main road,Going ahead other,Front,1105,4763
9492,2005,afternoon rush (15-19),Slight,Daylight,1,Wet or damp,Single carriageway,50.0,Urban,Raining no high winds,2005,6.0,Not at or within 20 metres of junction,Slowing or stopping,Back,8821,752
9493,2005,afternoon rush (15-19),Slight,Daylight,1,Dry,Single carriageway,30.0,Urban,Fine no high winds,2005,5.0,Mid Junction - on roundabout or on main road,Going ahead other,Offside,8821,4763
9497,2005,office hours (10-15),Slight,Daylight,1,Dry,Single carriageway,30.0,Urban,Fine no high winds,2005,2.0,Cleared junction or waiting/parked at junction exit,Turning left,Back,8821,324
9498,2005,morning rush (5-10),Slight,Daylight,1,Dry,Single carriageway,30.0,Urban,Fine no high winds,2005,12.0,Not at or within 20 metres of junction,Slowing or stopping,Back,8821,752
9503,2005,office hours (10-15),Slight,Daylight,2,Dry,Single carriageway,30.0,Urban,Fine no high winds,2005,17.0,Mid Junction - on roundabout or on main road,Going ahead other,Offside,8821,4763
9507,2005,afternoon rush (15-19),Slight,Daylight,1,Dry,Single carriageway,30.0,Urban,Fine no high winds,2005,8.0,Mid Junction - on roundabout or on main road,Turning right,Front,8821,1223
9510,2005,morning rush (5-10),Slight,Daylight,1,Dry,Single carriageway,30.0,Rural,Fine no high winds,2005,1.0,Mid Junction - on roundabout or on main road,Going ahead other,Front,8821,4763
9511,2005,morning rush (5-10),Slight,Daylight,1,Dry,Single carriageway,30.0,Rural,Fine no high winds,2005,5.0,Mid Junction - on roundabout or on main road,Turning right,Offside,8821,1223
9514,2005,afternoon rush (15-19),Slight,Daylight,1,Dry,Dual carriageway,30.0,Urban,Fine no high winds,2005,16.0,Not at or within 20 metres of junction,Going ahead other,Front,8821,4763
9516,2005,office hours (10-15),Slight,Daylight,1,Dry,Single carriageway,30.0,Urban,Fine no high winds,2005,2.0,Mid Junction - on roundabout or on main road,Reversing,Back,8821,108
9520,2005,afternoon rush (15-19),Slight,Daylight,2,Dry,Single carriageway,30.0,Urban,Fine no high winds,2005,9.0,Not at or within 20 metres of junction,Slowing or stopping,Back,8821,752
9521,2005,afternoon rush (15-19),Slight,Daylight,2,Dry,Single carriageway,30.0,Urban,Fine no high winds,2005,7.0,Not at or within 20 metres of junction,Slowing or stopping,Front,8821,752
9522,2005,afternoon rush (15-19),Slight,Daylight,2,Dry,Single carriageway,30.0,Urban,Fine no high winds,2005,3.0,Not at or within 20 metres of junction,Going ahead other,Back,8821,4763
9526,2005,afternoon rush (15-19),Slight,Daylight,1,Wet or damp,Single carriageway,30.0,Urban,Fine no high winds,2005,6.0,Not at or within 20 metres of junction,Going ahead other,Front,8821,4763
9527,2005,office hours (10-15),Serious,Daylight,1,Dry,Dual carriageway,50.0,Urban,Fine no high winds,2005,3.0,Not at or within 20 metres of junction,Parked,Back,1105,309
9531,2005,afternoon rush (15-19),Slight,Daylight,1,Wet or damp,Single carriageway,30.0,Urban,Fine no high winds,2005,13.0,Mid Junction - on roundabout or on main road,Turning right,Nearside,8821,1223
9532,2005,morning rush (5-10),Slight,Daylight,1,Dry,Dual carriageway,40.0,Urban,Fine no high winds,2005,6.0,Cleared junction or waiting/parked at junction exit,Slowing or stopping,Back,8821,752
9533,2005,morning rush (5-10),Slight,Daylight,1,Dry,Dual carriageway,40.0,Urban,Fine no high winds,2005,6.0,Cleared junction or waiting/parked at junction exit,Going ahead other,Front,8821,4763
9537,2005,evening (19-23),Slight,Darkness - lights lit,1,Dry,Single carriageway,30.0,Urban,Fine no high winds,2005,1.0,Mid Junction - on roundabout or on main road,Overtaking moving vehicle - offside,Front,8821,171
9538,2005,afternoon rush (15-19),Slight,Daylight,1,Dry,Dual carriageway,40.0,Urban,Fine no high winds,2005,5.0,Not at or within 20 metres of junction,Waiting to go - held up,Back,8821,851
9539,2005,office hours (10-15),Slight,Daylight,2,Dry,Single carriageway,30.0,Urban,Fine no high winds,2005,9.0,Approaching junction or waiting/parked at junction approach,Waiting to go - held up,Back,8821,851
9541,2005,evening (19-23),Slight,Daylight,1,Dry,Single carriageway,30.0,Urban,Fine no high winds,2005,8.0,Mid Junction - on roundabout or on main road,Turning right,Offside,8821,1223
9543,2005,afternoon rush (15-19),Slight,Daylight,2,Dry,Single carriageway,30.0,Urban,Fine no high winds,2005,12.0,Mid Junction - on roundabout or on main road,Waiting to go - held up,Offside,8821,851
9546,2005,evening (19-23),Slight,Darkness - lights lit,1,Dry,Single carriageway,30.0,Urban,Fine no high winds,2005,11.0,Mid Junction - on roundabout or on main road,Turning right,Offside,8821,1223
9549,2005,office hours (10-15),Slight,Daylight,2,Dry,Single carriageway,30.0,Urban,Fine no high winds,2005,15.0,Mid Junction - on roundabout or on main road,Turning left,Offside,8821,324
9552,2005,office hours (10-15),Slight,Daylight,1,Dry,Single carriageway,30.0,Urban,Fine no high winds,2005,3.0,Mid Junction - on roundabout or on main road,Waiting to go - held up,Back,8821,851
9553,2005,afternoon rush (15-19),Slight,Daylight,2,Dry,Single carriageway,30.0,Urban,Fine no high winds,2005,10.0,Mid Junction - on roundabout or on main road,Waiting to go - held up,Back,8821,851
9554,2005,afternoon rush (15-19),Slight,Daylight,1,Dry,Single carriageway,30.0,Urban,Fine no high winds,2005,3.0,Mid Junction - on roundabout or on main road,Going ahead other,Front,8821,4763
9555,2005,office hours (10-15),Slight,Daylight,1,Wet or damp,Roundabout,30.0,Urban,Raining no high winds,2005,6.0,Mid Junction - on roundabout or on main road,Going ahead other,Front,8821,4763
9556,2005,afternoon rush (15-19),Slight,Daylight,1,Wet or damp,Dual carriageway,40.0,Urban,Raining no high winds,2005,7.0,Not at or within 20 metres of junction,Changing lane to right,Offside,8821,87
9559,2005,morning rush (5-10),Slight,Daylight,1,Wet or damp,Dual carriageway,40.0,Urban,Raining no high winds,2005,12.0,Mid Junction - on roundabout or on main road,Going ahead other,Front,8821,4763
9560,2005,morning rush (5-10),Slight,Daylight,1,Wet or damp,Dual carriageway,40.0,Urban,Raining no high winds,2005,3.0,Mid Junction - on roundabout or on main road,Turning right,Front,8821,1223
9561,2005,office hours (10-15),Slight,Daylight,2,Dry,Single carriageway,30.0,Urban,Fine no high winds,2005,2.0,Mid Junction - on roundabout or on main road,Slowing or stopping,Back,8821,752
9563,2005,afternoon rush (15-19),Slight,Daylight,1,Wet or damp,Dual carriageway,30.0,Urban,Raining no high winds,2005,7.0,Leaving roundabout,Going ahead left-hand bend,Front,8821,228
9564,2005,office hours (10-15),Slight,Daylight,1,Dry,Single carriageway,30.0,Urban,Fine no high winds,2005,7.0,Not at or within 20 metres of junction,Overtaking static vehicle - offside,Front,8821,147
9565,2005,afternoon rush (15-19),Serious,Daylight,1,Dry,Roundabout,30.0,Urban,Fine no high winds,2005,1.0,Cleared junction or waiting/parked at junction exit,Going ahead other,Front,1105,4763
9567,2005,afternoon rush (15-19),Slight,Daylight,2,Wet or damp,Single carriageway,30.0,Urban,Raining no high winds,2005,2.0,Mid Junction - on roundabout or on main road,Going ahead other,Front,8821,4763
9568,2005,afternoon rush (15-19),Slight,Daylight,1,Dry,Single carriageway,30.0,Urban,Fine no high winds,2005,8.0,Mid Junction - on roundabout or on main road,Going ahead other,Front,8821,4763
9571,2005,night (23-5),Slight,Darkness - lights lit,1,Dry,Single carriageway,30.0,Urban,Fine no high winds,2005,12.0,Not at or within 20 metres of junction,Parked,Back,8821,309
9574,2005,evening (19-23),Serious,Darkness - lights lit,2,Dry,Dual carriageway,40.0,Urban,Fine no high winds,2005,16.0,Not at or within 20 metres of junction,Parked,Back,1105,309
9575,2005,evening (19-23),Slight,Daylight,1,Dry,Single carriageway,30.0,Urban,Fine no high winds,2005,7.0,Cleared junction or waiting/parked at junction exit,Going ahead other,Offside,8821,4763
9576,2005,morning rush (5-10),Slight,Daylight,1,Dry,Dual carriageway,40.0,Urban,Fine no high winds,2005,4.0,Not at or within 20 metres of junction,Waiting to go - held up,Back,8821,851
9578,2005,office hours (10-15),Slight,Daylight,1,Dry,Single carriageway,30.0,Urban,Fine no high winds,2005,8.0,Cleared junction or waiting/parked at junction exit,Turning left,Front,8821,324
9579,2005,evening (19-23),Slight,Darkness - lights lit,1,Wet or damp,Dual carriageway,40.0,Urban,Raining no high winds,2005,5.0,Not at or within 20 metres of junction,Going ahead other,Front,8821,4763
9580,2005,morning rush (5-10),Slight,Daylight,1,Dry,Dual carriageway,30.0,Urban,Fine no high winds,2005,1.0,Not at or within 20 metres of junction,Going ahead other,Offside,8821,4763
9581,2005,afternoon rush (15-19),Slight,Daylight,1,Dry,Roundabout,30.0,Urban,Fine no high winds,2005,5.0,Leaving roundabout,Going ahead other,Offside,8821,4763
9583,2005,morning rush (5-10),Serious,Daylight,2,Dry,Dual carriageway,50.0,Urban,Fine no high winds,2005,5.0,Mid Junction - on roundabout or on main road,Going ahead other,Nearside,1105,4763
9584,2005,morning rush (5-10),Serious,Daylight,2,Dry,Dual carriageway,50.0,Urban,Fine no high winds,2005,10.0,Mid Junction - on roundabout or on main road,Turning left,Front,1105,324
9586,2005,office hours (10-15),Slight,Daylight,1,Dry,Single carriageway,30.0,Urban,Fine no high winds,2005,3.0,Mid Junction - on roundabout or on main road,Going ahead other,Front,8821,4763
9587,2005,office hours (10-15),Slight,Daylight,1,Dry,Roundabout,30.0,Urban,Fine no high winds,2005,11.0,Leaving roundabout,Going ahead other,Nearside,8821,4763
9588,2005,afternoon rush (15-19),Slight,Daylight,3,Dry,Single carriageway,30.0,Urban,Fine no high winds,2005,4.0,Not at or within 20 metres of junction,Waiting to go - held up,Back,8821,851
9589,2005,office hours (10-15),Slight,Daylight,1,Dry,Single carriageway,30.0,Urban,Fine no high winds,2005,4.0,Mid Junction - on roundabout or on main road,Going ahead other,Front,8821,4763
9592,2005,office hours (10-15),Slight,Daylight,1,Dry,Dual carriageway,50.0,Urban,Fine no high winds,2005,4.0,Mid Junction - on roundabout or on main road,Turning right,Nearside,8821,1223
9596,2005,evening (19-23),Slight,Darkness - lights lit,1,Dry,Single carriageway,30.0,Urban,Fine no high winds,2005,2.0,Not at or within 20 metres of junction,Going ahead other,Back,8821,4763
9597,2005,evening (19-23),Slight,Darkness - lights lit,1,Dry,Single carriageway,30.0,Urban,Fine no high winds,2005,16.0,Not at or within 20 metres of junction,Waiting to go - held up,Back,8821,851
9600,2005,afternoon rush (15-19),Slight,Daylight,1,Dry,Dual carriageway,40.0,Urban,Fine no high winds,2005,1.0,Not at or within 20 metres of junction,Waiting to go - held up,Back,8821,851
9602,2005,afternoon rush (15-19),Serious,Daylight,1,Wet or damp,Single carriageway,30.0,Urban,Raining no high winds,2005,4.0,Approaching junction or waiting/parked at junction approach,Waiting to go - held up,Back,1105,851
9604,2005,afternoon rush (15-19),Slight,Daylight,1,Wet or damp,Single carriageway,30.0,Urban,Raining no high winds,2005,6.0,Mid Junction - on roundabout or on main road,Going ahead other,Front,8821,4763
9606,2005,afternoon rush (15-19),Slight,Daylight,1,Wet or damp,Single carriageway,30.0,Urban,Fine no high winds,2005,2.0,Mid Junction - on roundabout or on main road,Turning right,Offside,8821,1223
9608,2005,afternoon rush (15-19),Slight,Daylight,2,Dry,Single carriageway,30.0,Urban,Fine no high winds,2005,3.0,Mid Junction - on roundabout or on main road,Going ahead other,Front,8821,4763
9610,2005,office hours (10-15),Slight,Daylight,1,Dry,Dual carriageway,40.0,Urban,Fine no high winds,2005,5.0,Not at or within 20 metres of junction,Going ahead other,Front,8821,4763
9614,2005,office hours (10-15),Slight,Daylight,2,Dry,Single carriageway,30.0,Urban,Fine no high winds,2005,2.0,Mid Junction - on roundabout or on main road,Waiting to go - held up,Back,8821,851
9617,2005,office hours (10-15),Slight,Daylight,1,Dry,Dual carriageway,40.0,Urban,Fine no high winds,2005,6.0,Mid Junction - on roundabout or on main road,Slowing or stopping,Back,8821,752
9618,2005,night (23-5),Slight,Darkness - lights lit,1,Wet or damp,Single carriageway,30.0,Urban,Fine no high winds,2005,2.0,Mid Junction - on roundabout or on main road,Turning right,Offside,8821,1223
9619,2005,night (23-5),Serious,Darkness - lights lit,2,Dry,Dual carriageway,40.0,Urban,Fine no high winds,2005,10.0,Mid Junction - on roundabout or on main road,Going ahead other,Nearside,1105,4763
9620,2005,morning rush (5-10),Slight,Daylight,2,Dry,One way street,30.0,Urban,Fine no high winds,2005,18.0,Approaching junction or waiting/parked at junction approach,Waiting to go - held up,Offside,8821,851
9621,2005,evening (19-23),Serious,Darkness - lights lit,1,Dry,Dual carriageway,70.0,Urban,Fine no high winds,2005,7.0,Approaching junction or waiting/parked at junction approach,Going ahead other,Front,1105,4763
9622,2005,office hours (10-15),Slight,Daylight,1,Dry,Roundabout,30.0,Urban,Fine no high winds,2005,2.0,Mid Junction - on roundabout or on main road,Reversing,Back,8821,108
9625,2005,evening (19-23),Slight,Darkness - lights lit,2,Dry,Single carriageway,30.0,Urban,Fine no high winds,2005,8.0,Not at or within 20 metres of junction,Going ahead other,Back,8821,4763
9626,2005,office hours (10-15),Slight,Daylight,1,Dry,Single carriageway,30.0,Urban,Fine no high winds,2005,12.0,Cleared junction or waiting/parked at junction exit,Going ahead other,Offside,8821,4763
9627,2005,office hours (10-15),Slight,Daylight,2,Dry,Single carriageway,30.0,Urban,Fine no high winds,2005,6.0,Not at or within 20 metres of junction,Going ahead other,Front,8821,4763
9628,2005,office hours (10-15),Serious,Daylight,1,Dry,Single carriageway,30.0,Urban,Fine no high winds,2005,2.0,Mid Junction - on roundabout or on main road,Turning right,Front,1105,1223
9633,2005,afternoon rush (15-19),Slight,Daylight,2,Dry,Single carriageway,30.0,Urban,Fine no high winds,2005,1.0,Mid Junction - on roundabout or on main road,Overtaking - nearside,Offside,8821,69
9634,2005,afternoon rush (15-19),Slight,Daylight,2,Dry,Single carriageway,30.0,Urban,Fine no high winds,2005,2.0,Mid Junction - on roundabout or on main road,Changing lane to left,Nearside,8821,76
9636,2005,evening (19-23),Slight,Darkness - lights lit,2,Dry,Dual carriageway,40.0,Urban,Fine no high winds,2005,9.0,Not at or within 20 metres of junction,Going ahead other,Front,8821,4763
9637,2005,afternoon rush (15-19),Slight,Daylight,1,Dry,Single carriageway,30.0,Urban,Fine no high winds,2005,7.0,Mid Junction - on roundabout or on main road,Turning right,Did not impact,8821,1223
9638,2005,afternoon rush (15-19),Slight,Daylight,1,Dry,Single carriageway,30.0,Urban,Fine no high winds,2005,4.0,Mid Junction - on roundabout or on main road,Going ahead left-hand bend,Nearside,8821,228
9639,2005,afternoon rush (15-19),Slight,Daylight,1,Dry,Single carriageway,30.0,Urban,Fine no high winds,2005,2.0,Approaching junction or waiting/parked at junction approach,Going ahead right-hand bend,Nearside,8821,242
9640,2005,afternoon rush (15-19),Slight,Darkness - lights lit,1,Dry,Single carriageway,30.0,Urban,Fine no high winds,2005,4.0,Approaching junction or waiting/parked at junction approach,Going ahead other,Nearside,8821,4763
9641,2005,afternoon rush (15-19),Slight,Darkness - lights lit,1,Dry,Single carriageway,30.0,Urban,Fine no high winds,2005,1.0,Cleared junction or waiting/parked at junction exit,Going ahead other,Front,8821,4763
9642,2005,office hours (10-15),Slight,Daylight,1,Wet or damp,Single carriageway,30.0,Urban,Raining no high winds,2005,6.0,Not at or within 20 metres of junction,Going ahead left-hand bend,Offside,8821,228
9644,2005,office hours (10-15),Slight,Daylight,1,Dry,Single carriageway,30.0,Urban,Fine no high winds,2005,8.0,Leaving roundabout,Going ahead other,Front,8821,4763
9645,2005,afternoon rush (15-19),Slight,Daylight,1,Dry,Single carriageway,30.0,Urban,Fine no high winds,2005,1.0,Not at or within 20 metres of junction,Moving off,Front,8821,251
9648,2005,evening (19-23),Slight,Darkness - lights lit,1,Wet or damp,Single carriageway,30.0,Urban,Raining no high winds,2005,7.0,Mid Junction - on roundabout or on main road,Moving off,Back,8821,251
9649,2005,morning rush (5-10),Slight,Daylight,1,Dry,Single carriageway,30.0,Urban,Fine no high winds,2005,12.0,Mid Junction - on roundabout or on main road,Waiting to turn right,Back,8821,195
9651,2005,evening (19-23),Slight,Darkness - lights lit,1,Dry,Single carriageway,30.0,Urban,Fine no high winds,2005,5.0,Mid Junction - on roundabout or on main road,Turning right,Nearside,8821,1223
9652,2005,morning rush (5-10),Slight,Daylight,1,Dry,Single carriageway,30.0,Urban,Fine no high winds,2005,1.0,Approaching junction or waiting/parked at junction approach,Going ahead other,Offside,8821,4763
9660,2005,afternoon rush (15-19),Slight,Daylight,1,Dry,Dual carriageway,30.0,Urban,Fine no high winds,2005,4.0,Not at or within 20 metres of junction,Going ahead other,Back,8821,4763