Crash_Ref_Number,Crash_Year,Daytime,Accident_Severity,Light_Conditions,Number_of_Casualties,Road_Surface_Conditions,Road_Type,Speed_limit,Urban_or_Rural_Area,Weather_Conditions,Crash_Year,Age_of_Vehicle,Junction_Location,Vehicle_Manoeuvre,First_Point_of_Impact,count1,count
9661,2005,afternoon rush (15-19),Slight,Daylight,2,Dry,Single carriageway,30.0,Urban,Fine no high winds,2005,4.0,Mid Junction - on roundabout or on main road,Going ahead other,Front,8821,4763
9662,2005,office hours (10-15),Slight,Daylight,1,Dry,Single carriageway,30.0,Urban,Fine no high winds,2005,10.0,Cleared junction or waiting/parked at junction exit,Going ahead other,Front,8821,4763
9664,2005,office hours (10-15),Slight,Daylight,1,Dry,Single carriageway,30.0,Urban,Fine no high winds,2005,3.0,Approaching junction or waiting/parked at junction approach,Waiting to turn right,Back,8821,195
9666,2005,morning rush (5-10),Slight,Daylight,2,Dry,Dual carriageway,70.0,Urban,Fine no high winds,2005,11.0,Leaving roundabout,Overtaking static vehicle - offside,Back,8821,147
9667,2005,morning rush (5-10),Slight,Daylight,2,Dry,Dual carriageway,70.0,Urban,Fine no high winds,2005,3.0,Leaving roundabout,Going ahead other,Front,8821,4763
9668,2005,evening (19-23),Slight,Darkness - lights lit,1,Dry,Dual carriageway,40.0,Urban,Fine no high winds,2005,4.0,Not at or within 20 metres of junction,Going ahead other,Back,8821,4763
9669,2005,evening (19-23),Slight,Darkness - lights lit,1,Dry,Dual carriageway,40.0,Urban,Fine no high winds,2005,1.0,Not at or within 20 metres of junction,Going ahead other,Front,8821,4763
9672,2005,evening (19-23),Slight,Darkness - lights lit,2,Dry,Single carriageway,30.0,Urban,Fine no high winds,2005,16.0,Mid Junction - on roundabout or on main road,Going ahead other,Front,8821,4763
9673,2005,afternoon rush (15-19),Slight,Daylight,1,Dry,Single carriageway,30.0,Urban,Fine no high winds,2005,1.0,Mid Junction - on roundabout or on main road,Going ahead other,Offside,8821,4763
9675,2005,office hours (10-15),Slight,Daylight,2,Dry,Single carriageway,30.0,Urban,Fine no high winds,2005,2.0,Approaching junction or waiting/parked at junction approach,Going ahead other,Nearside,8821,4763
9677,2005,morning rush (5-10),Slight,Daylight,1,Wet or damp,Single carriageway,30.0,Urban,Fine no high winds,2005,2.0,Cleared junction or waiting/parked at junction exit,Going ahead other,Offside,8821,4763
9678,2005,afternoon rush (15-19),Slight,Daylight,2,Dry,Single carriageway,30.0,Urban,Fine no high winds,2005,9.0,Leaving main road,Waiting to turn right,Back,8821,195
9679,2005,morning rush (5-10),Slight,Daylight,1,Wet or damp,Dual carriageway,30.0,Urban,Fine no high winds,2005,1.0,Cleared junction or waiting/parked at junction exit,Turning right,Front,8821,1223
9680,2005,evening (19-23),Slight,Darkness - lights lit,1,Dry,Roundabout,30.0,Urban,Fine no high winds,2005,7.0,Mid Junction - on roundabout or on main road,Going ahead other,Offside,8821,4763
9682,2005,office hours (10-15),Slight,Daylight,1,Dry,Single carriageway,30.0,Urban,Fine no high winds,2005,5.0,Not at or within 20 metres of junction,Slowing or stopping,Front,8821,752
9686,2005,afternoon rush (15-19),Slight,Daylight,1,Dry,Dual carriageway,70.0,Urban,Fine no high winds,2005,1.0,Not at or within 20 metres of junction,Changing lane to right,Front,8821,87
9693,2005,evening (19-23),Slight,Darkness - lights lit,2,Dry,Dual carriageway,30.0,Urban,Fine no high winds,2005,8.0,Not at or within 20 metres of junction,Going ahead other,Front,8821,4763
9697,2005,morning rush (5-10),Serious,Daylight,1,Wet or damp,Single carriageway,30.0,Urban,Raining no high winds,2005,1.0,Mid Junction - on roundabout or on main road,Turning right,Offside,1105,1223
9698,2005,afternoon rush (15-19),Serious,Daylight,2,Dry,Single carriageway,30.0,Urban,Fine no high winds,2005,1.0,Not at or within 20 metres of junction,Going ahead other,Front,1105,4763
9703,2005,evening (19-23),Slight,Darkness - lights lit,1,Wet or damp,Single carriageway,30.0,Urban,Raining no high winds,2005,7.0,Not at or within 20 metres of junction,Going ahead right-hand bend,Front,8821,242
9706,2005,morning rush (5-10),Slight,Darkness - lights lit,1,Dry,Roundabout,30.0,Urban,Fine no high winds,2005,2.0,Mid Junction - on roundabout or on main road,Going ahead right-hand bend,Nearside,8821,242
9708,2005,afternoon rush (15-19),Slight,Daylight,1,Dry,Single carriageway,30.0,Urban,Fine no high winds,2005,16.0,Approaching junction or waiting/parked at junction approach,U-turn,Offside,8821,146
9710,2005,evening (19-23),Slight,Darkness - lights lit,1,Wet or damp,Single carriageway,30.0,Urban,Raining no high winds,2005,7.0,Approaching junction or waiting/parked at junction approach,U-turn,Offside,8821,146
9711,2005,office hours (10-15),Slight,Daylight,1,Wet or damp,Single carriageway,30.0,Urban,Fine no high winds,2005,1.0,Leaving roundabout,Going ahead other,Front,8821,4763
9712,2005,evening (19-23),Slight,Darkness - lights lit,1,Dry,Dual carriageway,40.0,Urban,Fine no high winds,2005,2.0,Mid Junction - on roundabout or on main road,Going ahead other,Front,8821,4763
9713,2005,evening (19-23),Slight,Darkness - lights lit,1,Dry,Dual carriageway,40.0,Urban,Fine no high winds,2005,2.0,Mid Junction - on roundabout or on main road,Turning right,Offside,8821,1223
9714,2005,evening (19-23),Slight,Darkness - lights lit,1,Dry,Single carriageway,30.0,Urban,Fine no high winds,2005,8.0,Leaving roundabout,Going ahead other,Front,8821,4763
9715,2005,afternoon rush (15-19),Slight,Daylight,2,Wet or damp,Single carriageway,30.0,Urban,Fine no high winds,2005,11.0,Leaving roundabout,Going ahead other,Front,8821,4763
9716,2005,evening (19-23),Slight,Daylight,2,Dry,Single carriageway,30.0,Urban,Fine no high winds,2005,12.0,Not at or within 20 metres of junction,Going ahead other,Offside,8821,4763
9723,2005,afternoon rush (15-19),Slight,Daylight,1,Dry,Single carriageway,30.0,Urban,Fine no high winds,2005,6.0,Leaving roundabout,Waiting to go - held up,Back,8821,851
9726,2005,office hours (10-15),Slight,Daylight,1,Dry,Single carriageway,30.0,Urban,Fine no high winds,2005,7.0,Cleared junction or waiting/parked at junction exit,Waiting to go - held up,Back,8821,851
9727,2005,afternoon rush (15-19),Slight,Darkness - lights lit,1,Dry,Dual carriageway,70.0,Urban,Fine no high winds,2005,8.0,Not at or within 20 metres of junction,Going ahead other,Did not impact,8821,4763
9729,2005,office hours (10-15),Slight,Daylight,1,Dry,Single carriageway,30.0,Urban,Fine no high winds,2005,9.0,Not at or within 20 metres of junction,Going ahead other,Offside,8821,4763
9731,2005,office hours (10-15),Slight,Daylight,1,Dry,Single carriageway,30.0,Urban,Fine no high winds,2005,5.0,Mid Junction - on roundabout or on main road,Turning right,Front,8821,1223
9734,2005,morning rush (5-10),Slight,Darkness - lights lit,1,Dry,Dual carriageway,30.0,Urban,Fine no high winds,2005,1.0,Not at or within 20 metres of junction,Going ahead other,Offside,8821,4763
9741,2005,evening (19-23),Slight,Darkness - lights lit,1,Dry,Dual carriageway,40.0,Urban,Fine no high winds,2005,3.0,Approaching junction or waiting/parked at junction approach,Slowing or stopping,Back,8821,752
9742,2005,afternoon rush (15-19),Slight,Darkness - lights lit,1,Wet or damp,Dual carriageway,70.0,Urban,Fine no high winds,2005,9.0,Not at or within 20 metres of junction,Going ahead other,Front,8821,4763
9746,2005,office hours (10-15),Slight,Daylight,2,Dry,Single carriageway,30.0,Urban,Fine no high winds,2005,2.0,Mid Junction - on roundabout or on main road,Going ahead other,Nearside,8821,4763
9747,2005,afternoon rush (15-19),Slight,Darkness - lights lit,1,Wet or damp,Single carriageway,30.0,Urban,Raining no high winds,2005,4.0,Mid Junction - on roundabout or on main road,Turning right,Front,8821,1223
9752,2005,night (23-5),Slight,Darkness - lights lit,1,Frost or ice,Single carriageway,30.0,Urban,Fine no high winds,2005,2.0,Approaching junction or waiting/parked at junction approach,Turning right,Offside,8821,1223
9753,2005,evening (19-23),Slight,Darkness - lights lit,2,Dry,Dual carriageway,30.0,Urban,Fine no high winds,2005,3.0,Not at or within 20 metres of junction,Changing lane to right,Offside,8821,87
9754,2005,evening (19-23),Slight,Darkness - lights lit,2,Dry,Dual carriageway,30.0,Urban,Fine no high winds,2005,17.0,Not at or within 20 metres of junction,Going ahead other,Front,8821,4763
9755,2005,evening (19-23),Slight,Darkness - lights lit,1,Wet or damp,Single carriageway,30.0,Urban,Raining no high winds,2005,11.0,Approaching junction or waiting/parked at junction approach,Going ahead other,Nearside,8821,4763
9756,2005,afternoon rush (15-19),Serious,Darkness - lights lit,1,Wet or damp,Single carriageway,30.0,Urban,Fine no high winds,2005,6.0,Approaching junction or waiting/parked at junction approach,Turning right,Nearside,1105,1223
9758,2005,office hours (10-15),Slight,Daylight,1,Wet or damp,Single carriageway,30.0,Urban,Raining no high winds,2005,2.0,Approaching junction or waiting/parked at junction approach,Waiting to go - held up,Offside,8821,851
9759,2005,evening (19-23),Slight,Darkness - lights lit,1,Wet or damp,Roundabout,30.0,Urban,Fine no high winds,2005,11.0,Approaching junction or waiting/parked at junction approach,Moving off,Back,8821,251
9760,2005,afternoon rush (15-19),Slight,Darkness - lights lit,1,Dry,Single carriageway,30.0,Urban,Fine no high winds,2005,1.0,Not at or within 20 metres of junction,Waiting to go - held up,Back,8821,851
9763,2005,afternoon rush (15-19),Slight,Daylight,1,Dry,Single carriageway,30.0,Urban,Fine no high winds,2005,2.0,Approaching junction or waiting/parked at junction approach,Slowing or stopping,Front,8821,752
9764,2005,afternoon rush (15-19),Serious,Daylight,1,Wet or damp,Single carriageway,30.0,Urban,Fine no high winds,2005,1.0,Cleared junction or waiting/parked at junction exit,Turning left,Front,1105,324
9771,2005,office hours (10-15),Slight,Daylight,1,Wet or damp,Single carriageway,30.0,Urban,Raining no high winds,2005,1.0,Approaching junction or waiting/parked at junction approach,Slowing or stopping,Nearside,8821,752
9772,2005,office hours (10-15),Slight,Daylight,1,Dry,Single carriageway,30.0,Urban,Fine no high winds,2005,4.0,Approaching junction or waiting/parked at junction approach,Turning right,Offside,8821,1223
9773,2005,evening (19-23),Slight,Darkness - lights lit,1,Wet or damp,Single carriageway,30.0,Urban,Raining no high winds,2005,7.0,Mid Junction - on roundabout or on main road,Turning left,Nearside,8821,324
9774,2005,office hours (10-15),Slight,Daylight,1,Dry,Single carriageway,30.0,Urban,Fine no high winds,2005,6.0,Mid Junction - on roundabout or on main road,Turning right,Nearside,8821,1223
9776,2005,morning rush (5-10),Slight,Daylight,2,Dry,Single carriageway,30.0,Urban,Fine no high winds,2005,8.0,Approaching junction or waiting/parked at junction approach,Waiting to go - held up,Back,8821,851
9778,2005,afternoon rush (15-19),Slight,Daylight,1,Dry,Single carriageway,30.0,Urban,Fine no high winds,2005,8.0,Approaching junction or waiting/parked at junction approach,Going ahead other,Nearside,8821,4763
9779,2005,afternoon rush (15-19),Slight,Darkness - lights lit,1,Dry,Single carriageway,30.0,Urban,Fine no high winds,2005,5.0,Not at or within 20 metres of junction,Going ahead other,Front,8821,4763
9781,2005,afternoon rush (15-19),Slight,Darkness - lights lit,1,Wet or damp,Single carriageway,30.0,Urban,Raining no high winds,2005,4.0,Not at or within 20 metres of junction,Going ahead other,Front,8821,4763
9782,2005,night (23-5),Slight,Darkness - lights lit,1,Dry,Single carriageway,30.0,Urban,Fine no high winds,2005,3.0,Cleared junction or waiting/parked at junction exit,U-turn,Offside,8821,146
9784,2005,evening (19-23),Slight,Darkness - lights lit,1,Wet or damp,Single carriageway,30.0,Urban,Raining no high winds,2005,14.0,Mid Junction - on roundabout or on main road,Waiting to turn right,Offside,8821,195
9785,2005,office hours (10-15),Slight,Daylight,1,Dry,Roundabout,30.0,Urban,Fine no high winds,2005,12.0,Leaving roundabout,Going ahead other,Offside,8821,4763
9792,2005,night (23-5),Slight,Darkness - lights lit,1,Dry,Single carriageway,30.0,Urban,Fine no high winds,2005,3.0,Approaching junction or waiting/parked at junction approach,Going ahead other,Front,8821,4763
9793,2005,evening (19-23),Slight,Darkness - lights lit,1,Dry,Roundabout,30.0,Urban,Fine no high winds,2005,5.0,Mid Junction - on roundabout or on main road,Going ahead other,Front,8821,4763
9794,2005,office hours (10-15),Slight,Daylight,2,Dry,Slip road,30.0,Urban,Fine no high winds,2005,4.0,Approaching junction or waiting/parked at junction approach,Waiting to go - held up,Back,8821,851
9796,2005,afternoon rush (15-19),Slight,Darkness - lights lit,1,Dry,Single carriageway,30.0,Urban,Fine no high winds,2005,9.0,Approaching junction or waiting/parked at junction approach,Overtaking moving vehicle - offside,Offside,8821,171
9802,2005,evening (19-23),Slight,Darkness - lights lit,1,Dry,Dual carriageway,50.0,Urban,Fine no high winds,2005,12.0,Not at or within 20 metres of junction,Going ahead other,Offside,8821,4763
9803,2005,afternoon rush (15-19),Slight,Darkness - lights lit,1,Dry,Single carriageway,30.0,Urban,Fine no high winds,2005,1.0,Approaching junction or waiting/parked at junction approach,Going ahead other,Front,8821,4763
9805,2005,office hours (10-15),Slight,Daylight,1,Wet or damp,Single carriageway,30.0,Urban,Fine no high winds,2005,11.0,Mid Junction - on roundabout or on main road,Turning right,Nearside,8821,1223
9806,2005,evening (19-23),Slight,Darkness - lights lit,1,Wet or damp,Single carriageway,30.0,Urban,Fine no high winds,2005,10.0,Not at or within 20 metres of junction,Parked,Offside,8821,309
9807,2005,office hours (10-15),Slight,Daylight,1,Wet or damp,Single carriageway,30.0,Urban,Fine no high winds,2005,8.0,Mid Junction - on roundabout or on main road,Overtaking moving vehicle - offside,Nearside,8821,171
9808,2005,morning rush (5-10),Slight,Daylight,1,Dry,Dual carriageway,40.0,Urban,Fine no high winds,2005,1.0,Mid Junction - on roundabout or on main road,Changing lane to left,Front,8821,76
9809,2005,morning rush (5-10),Slight,Daylight,1,Dry,Dual carriageway,40.0,Urban,Fine no high winds,2005,4.0,Mid Junction - on roundabout or on main road,Going ahead other,Back,8821,4763
9810,2005,morning rush (5-10),Slight,Daylight,1,Wet or damp,Roundabout,50.0,Urban,Raining no high winds,2005,5.0,Mid Junction - on roundabout or on main road,Going ahead left-hand bend,Did not impact,8821,228
9812,2005,evening (19-23),Slight,Daylight,2,Dry,Single carriageway,30.0,Urban,Fine no high winds,2005,12.0,Approaching junction or waiting/parked at junction approach,Slowing or stopping,Back,8821,752
9814,2005,office hours (10-15),Slight,Daylight,1,Dry,Single carriageway,30.0,Urban,Fine no high winds,2005,4.0,Approaching junction or waiting/parked at junction approach,Turning right,Front,8821,1223
9816,2005,afternoon rush (15-19),Slight,Daylight,1,Dry,Single carriageway,30.0,Urban,Fine no high winds,2005,8.0,Not at or within 20 metres of junction,Waiting to go - held up,Back,8821,851
9818,2005,evening (19-23),Serious,Darkness - lights lit,1,Dry,Dual carriageway,30.0,Urban,Fine no high winds,2005,2.0,Approaching junction or waiting/parked at junction approach,Going ahead left-hand bend,Did not impact,1105,228
9820,2005,office hours (10-15),Serious,Daylight,1,Dry,Dual carriageway,30.0,Urban,Fine no high winds,2005,1.0,Not at or within 20 metres of junction,Parked,Did not impact,1105,309
9821,2005,night (23-5),Slight,Darkness - lights lit,2,Wet or damp,Single carriageway,30.0,Urban,Fine no high winds,2005,2.0,Mid Junction - on roundabout or on main road,Going ahead other,Did not impact,8821,4763
9823,2005,afternoon rush (15-19),Serious,Daylight,1,Dry,Single carriageway,30.0,Urban,Fine no high winds,2005,6.0,Not at or within 20 metres of junction,Going ahead other,Did not impact,1105,4763
9827,2005,afternoon rush (15-19),Serious,Darkness - lights lit,1,Dry,Single carriageway,30.0,Urban,Fine no high winds,2005,9.0,Not at or within 20 metres of junction,Going ahead other,Did not impact,1105,4763
9829,2005,afternoon rush (15-19),Slight,Daylight,1,Dry,Single carriageway,30.0,Urban,Fine no high winds,2005,11.0,Not at or within 20 metres of junction,Waiting to go - held up,Did not impact,8821,851
9833,2005,afternoon rush (15-19),Slight,Daylight,1,Dry,Single carriageway,30.0,Urban,Fine no high winds,2005,1.0,Mid Junction - on roundabout or on main road,Going ahead other,Did not impact,8821,4763
9835,2005,office hours (10-15),Serious,Daylight,1,Dry,Single carriageway,30.0,Urban,Fine no high winds,2005,3.0,Approaching junction or waiting/parked at junction approach,Going ahead other,Did not impact,1105,4763
9836,2005,evening (19-23),Serious,Darkness - lights lit,1,Dry,Single carriageway,30.0,Urban,Fine no high winds,2005,10.0,Not at or within 20 metres of junction,Going ahead other,Did not impact,1105,4763
9837,2005,morning rush (5-10),Serious,Daylight,1,Dry,Single carriageway,30.0,Urban,Fine no high winds,2005,11.0,Not at or within 20 metres of junction,Going ahead other,Did not impact,1105,4763
9838,2005,office hours (10-15),Serious,Daylight,4,Dry,Single carriageway,30.0,Urban,Fine no high winds,2005,6.0,Mid Junction - on roundabout or on main road,Going ahead other,Did not impact,1105,4763
9839,2005,office hours (10-15),Serious,Daylight,4,Dry,Single carriageway,30.0,Urban,Fine no high winds,2005,11.0,Mid Junction - on roundabout or on main road,Turning right,Did not impact,1105,1223
9841,2005,afternoon rush (15-19),Serious,Daylight,1,Dry,One way street,30.0,Urban,Fine no high winds,2005,1.0,Not at or within 20 metres of junction,Going ahead other,Did not impact,1105,4763
9846,2005,night (23-5),Serious,Darkness - lights lit,1,Dry,One way street,30.0,Urban,Fine no high winds,2005,2.0,Mid Junction - on roundabout or on main road,Going ahead other,Did not impact,1105,4763
9848,2005,afternoon rush (15-19),Slight,Daylight,3,Dry,One way street,30.0,Urban,Fine no high winds,2005,3.0,Mid Junction - on roundabout or on main road,Going ahead other,Did not impact,8821,4763
9851,2005,office hours (10-15),Slight,Daylight,1,Dry,Single carriageway,30.0,Urban,Fine no high winds,2005,4.0,Mid Junction - on roundabout or on main road,Slowing or stopping,Did not impact,8821,752
9852,2005,office hours (10-15),Serious,Daylight,3,Dry,Single carriageway,30.0,Urban,Fine no high winds,2005,7.0,Mid Junction - on roundabout or on main road,Going ahead other,Did not impact,1105,4763
9853,2005,office hours (10-15),Serious,Daylight,3,Dry,Single carriageway,30.0,Urban,Fine no high winds,2005,5.0,Mid Junction - on roundabout or on main road,Turning right,Did not impact,1105,1223
9856,2005,office hours (10-15),Serious,Daylight,1,Dry,Single carriageway,30.0,Urban,Fine no high winds,2005,2.0,Not at or within 20 metres of junction,Going ahead other,Did not impact,1105,4763
9858,2005,afternoon rush (15-19),Slight,Daylight,1,Dry,Dual carriageway,30.0,Urban,Fine no high winds,2005,3.0,Mid Junction - on roundabout or on main road,Slowing or stopping,Did not impact,8821,752
9861,2005,afternoon rush (15-19),Slight,Daylight,1,Dry,Single carriageway,30.0,Urban,Fine no high winds,2005,2.0,Mid Junction - on roundabout or on main road,Going ahead other,Did not impact,8821,4763
9862,2005,afternoon rush (15-19),Serious,Daylight,2,Dry,Single carriageway,30.0,Urban,Fine no high winds,2005,20.0,Mid Junction - on roundabout or on main road,Turning right,Did not impact,1105,1223
9866,2005,afternoon rush (15-19),Slight,Daylight,2,Wet or damp,Single carriageway,30.0,Urban,Fine no high winds,2005,2.0,Approaching junction or waiting/parked at junction approach,Going ahead other,Did not impact,8821,4763
9868,2005,morning rush (5-10),Slight,Daylight,1,Dry,Single carriageway,30.0,Urban,Fine no high winds,2005,6.0,Cleared junction or waiting/parked at junction exit,Overtaking static vehicle - offside,Did not impact,8821,147
9872,2005,afternoon rush (15-19),Slight,Daylight,1,Dry,Dual carriageway,30.0,Urban,Fine no high winds,2005,12.0,Approaching junction or waiting/parked at junction approach,Going ahead right-hand bend,Did not impact,8821,242
9873,2005,evening (19-23),Slight,Daylight,1,Dry,Dual carriageway,30.0,Urban,Fine no high winds,2005,4.0,Mid Junction - on roundabout or on main road,Going ahead other,Did not impact,8821,4763
9877,2005,office hours (10-15),Serious,Daylight,1,Dry,One way street,30.0,Urban,Fine no high winds,2005,3.0,Approaching junction or waiting/parked at junction approach,Going ahead right-hand bend,Did not impact,1105,242
9879,2005,evening (19-23),Slight,Daylight,1,Dry,Single carriageway,30.0,Urban,Fine no high winds,2005,4.0,Cleared junction or waiting/parked at junction exit,Going ahead other,Did not impact,8821,4763
9881,2005,evening (19-23),Serious,Darkness - lights lit,1,Dry,Single carriageway,30.0,Urban,Fine no high winds,2005,3.0,Mid Junction - on roundabout or on main road,Going ahead other,Did not impact,1105,4763
9883,2005,evening (19-23),Slight,Darkness - lights lit,1,Dry,Single carriageway,30.0,Urban,Fine no high winds,2005,1.0,Mid Junction - on roundabout or on main road,Turning right,Did not impact,8821,1223
9886,2005,office hours (10-15),Serious,Daylight,1,Dry,Single carriageway,30.0,Urban,Fine no high winds,2005,3.0,Mid Junction - on roundabout or on main road,Going ahead other,Front,1105,4763
9887,2005,office hours (10-15),Slight,Daylight,2,Dry,One way street,30.0,Urban,Fine no high winds,2005,4.0,Cleared junction or waiting/parked at junction exit,Turning left,Did not impact,8821,324
9889,2005,morning rush (5-10),Slight,Daylight,1,Dry,One way street,30.0,Urban,Fine no high winds,2005,1.0,Not at or within 20 metres of junction,Waiting to go - held up,Back,8821,851
9892,2005,morning rush (5-10),Slight,Daylight,1,Dry,One way street,30.0,Urban,Fine no high winds,2005,6.0,Not at or within 20 metres of junction,Waiting to go - held up,Back,8821,851
9894,2005,evening (19-23),Slight,Darkness - lights lit,6,Dry,Single carriageway,40.0,Urban,Fine no high winds,2005,6.0,Mid Junction - on roundabout or on main road,Slowing or stopping,Nearside,8821,752
9898,2005,evening (19-23),Serious,Darkness - lights lit,1,Dry,Single carriageway,30.0,Urban,Fine no high winds,2005,9.0,Cleared junction or waiting/parked at junction exit,Turning right,Front,1105,1223
9902,2005,office hours (10-15),Fatal,Daylight,1,Dry,Single carriageway,30.0,Urban,Fine no high winds,2005,2.0,Approaching junction or waiting/parked at junction approach,Reversing,Back,73,108
9903,2005,afternoon rush (15-19),Slight,Daylight,1,Dry,Single carriageway,30.0,Urban,Fine no high winds,2005,1.0,Mid Junction - on roundabout or on main road,Turning right,Front,8821,1223
9904,2005,morning rush (5-10),Slight,Daylight,2,Dry,Single carriageway,30.0,Urban,Fine no high winds,2005,10.0,Mid Junction - on roundabout or on main road,Turning left,Front,8821,324
9909,2005,office hours (10-15),Slight,Daylight,2,Dry,Single carriageway,30.0,Urban,Fine no high winds,2005,8.0,Mid Junction - on roundabout or on main road,Moving off,Offside,8821,251
9910,2005,evening (19-23),Serious,Darkness - lights lit,1,Wet or damp,Single carriageway,30.0,Urban,Raining no high winds,2005,7.0,Approaching junction or waiting/parked at junction approach,Going ahead other,Front,1105,4763
9913,2005,afternoon rush (15-19),Slight,Daylight,1,Dry,Single carriageway,30.0,Urban,Fine no high winds,2005,3.0,Mid Junction - on roundabout or on main road,Going ahead other,Offside,8821,4763
9919,2005,evening (19-23),Slight,Darkness - lights lit,2,Wet or damp,Single carriageway,30.0,Urban,Fine no high winds,2005,5.0,Mid Junction - on roundabout or on main road,Going ahead other,Nearside,8821,4763
9921,2005,office hours (10-15),Slight,Daylight,1,Dry,One way street,30.0,Urban,Fine no high winds,2005,3.0,Approaching junction or waiting/parked at junction approach,Going ahead other,Back,8821,4763
9922,2005,night (23-5),Serious,Darkness - lights lit,2,Wet or damp,Single carriageway,30.0,Urban,Raining no high winds,2005,5.0,Mid Junction - on roundabout or on main road,Turning right,Offside,1105,1223
9928,2005,evening (19-23),Slight,Darkness - lights lit,1,Wet or damp,Single carriageway,30.0,Urban,Raining no high winds,2005,16.0,Approaching junction or waiting/parked at junction approach,Going ahead other,Offside,8821,4763
9934,2005,afternoon rush (15-19),Slight,Darkness - lights lit,1,Frost or ice,Single carriageway,30.0,Urban,Fine no high winds,2005,10.0,Approaching junction or waiting/parked at junction approach,Waiting to go - held up,Back,8821,851
9939,2005,afternoon rush (15-19),Slight,Darkness - lights lit,1,Dry,One way street,30.0,Urban,Fine no high winds,2005,8.0,Mid Junction - on roundabout or on main road,Turning right,Front,8821,1223
9943,2005,evening (19-23),Slight,Darkness - lights lit,1,Wet or damp,Single carriageway,30.0,Urban,Fine no high winds,2005,2.0,Mid Junction - on roundabout or on main road,Going ahead other,Did not impact,8821,4763
9944,2005,office hours (10-15),Slight,Daylight,1,Dry,Dual carriageway,60.0,Urban,Fine no high winds,2005,11.0,Not at or within 20 metres of junction,Going ahead other,Did not impact,8821,4763
9946,2005,evening (19-23),Slight,Darkness - lights lit,1,Wet or damp,Single carriageway,30.0,Urban,Fine no high winds,2005,15.0,Mid Junction - on roundabout or on main road,Going ahead other,Did not impact,8821,4763
9949,2005,afternoon rush (15-19),Slight,Darkness - lights lit,1,Dry,Dual carriageway,40.0,Urban,Fine no high winds,2005,4.0,Not at or within 20 metres of junction,Going ahead other,Did not impact,8821,4763
9950,2005,afternoon rush (15-19),Slight,Darkness - lights lit,1,Wet or damp,Roundabout,30.0,Urban,Raining no high winds,2005,8.0,Mid Junction - on roundabout or on main road,Going ahead other,Did not impact,8821,4763
9951,2005,office hours (10-15),Slight,Daylight,1,Dry,Single carriageway,30.0,Urban,Fine no high winds,2005,1.0,Approaching junction or waiting/parked at junction approach,Parked,Did not impact,8821,309
9952,2005,office hours (10-15),Slight,Daylight,1,Dry,Single carriageway,30.0,Urban,Fine no high winds,2005,7.0,Approaching junction or waiting/parked at junction approach,Turning right,Did not impact,8821,1223
9954,2005,morning rush (5-10),Slight,Daylight,1,Dry,Dual carriageway,30.0,Rural,Fine no high winds,2005,1.0,Not at or within 20 metres of junction,Going ahead other,Did not impact,8821,4763
9956,2005,morning rush (5-10),Slight,Daylight,1,Wet or damp,Dual carriageway,70.0,Rural,Fine no high winds,2005,1.0,Not at or within 20 metres of junction,Slowing or stopping,Did not impact,8821,752
9957,2005,afternoon rush (15-19),Slight,Daylight,2,Wet or damp,Single carriageway,40.0,Urban,Raining no high winds,2005,1.0,Mid Junction - on roundabout or on main road,Going ahead other,Did not impact,8821,4763
9958,2005,afternoon rush (15-19),Slight,Daylight,1,Dry,Single carriageway,30.0,Urban,Fine no high winds,2005,4.0,Approaching junction or waiting/parked at junction approach,Turning right,Did not impact,8821,1223
9961,2005,afternoon rush (15-19),Slight,Darkness - lights lit,3,Wet or damp,Dual carriageway,50.0,Rural,Fine no high winds,2005,2.0,Mid Junction - on roundabout or on main road,Waiting to go - held up,Did not impact,8821,851
9964,2005,morning rush (5-10),Slight,Daylight,1,Wet or damp,Single carriageway,30.0,Urban,Fine no high winds,2005,1.0,Mid Junction - on roundabout or on main road,Going ahead other,Did not impact,8821,4763
9965,2005,office hours (10-15),Slight,Daylight,1,Dry,Single carriageway,30.0,Urban,Fine no high winds,2005,4.0,Mid Junction - on roundabout or on main road,Slowing or stopping,Did not impact,8821,752
9966,2005,office hours (10-15),Slight,Daylight,1,Dry,Single carriageway,30.0,Urban,Fine no high winds,2005,8.0,Mid Junction - on roundabout or on main road,Going ahead other,Did not impact,8821,4763
9967,2005,afternoon rush (15-19),Slight,Daylight,1,Wet or damp,Dual carriageway,30.0,Urban,Raining no high winds,2005,2.0,Approaching junction or waiting/parked at junction approach,Turning right,Did not impact,8821,1223
9971,2005,office hours (10-15),Slight,Daylight,2,Dry,Dual carriageway,50.0,Urban,Fine no high winds,2005,1.0,Not at or within 20 metres of junction,Waiting to go - held up,Did not impact,8821,851
9973,2005,evening (19-23),Slight,Darkness - lights lit,2,Wet or damp,Dual carriageway,40.0,Urban,Raining no high winds,2005,5.0,Mid Junction - on roundabout or on main road,Slowing or stopping,Did not impact,8821,752
9975,2005,afternoon rush (15-19),Slight,Darkness - lights lit,1,Wet or damp,Dual carriageway,30.0,Urban,Raining no high winds,2005,1.0,Mid Junction - on roundabout or on main road,Going ahead other,Did not impact,8821,4763
9976,2005,afternoon rush (15-19),Slight,Darkness - lights lit,1,Wet or damp,Dual carriageway,30.0,Urban,Raining no high winds,2005,13.0,Mid Junction - on roundabout or on main road,Going ahead other,Did not impact,8821,4763