Crash_Ref_Number,Crash_Year,Daytime,Accident_Severity,Light_Conditions,Number_of_Casualties,Road_Surface_Conditions,Road_Type,Speed_limit,Urban_or_Rural_Area,Weather_Conditions,Crash_Year,Age_of_Vehicle,Junction_Location,Vehicle_Manoeuvre,First_Point_of_Impact,count1,count
10916,2005,afternoon rush (15-19),Serious,Daylight,1,Wet or damp,Single carriageway,30.0,Urban,Raining no high winds,2005,4.0,Not at or within 20 metres of junction,Overtaking static vehicle - offside,Front,1105,147
10917,2005,morning rush (5-10),Serious,Daylight,1,Dry,Dual carriageway,70.0,Urban,Fine no high winds,2005,1.0,Not at or within 20 metres of junction,Going ahead other,Offside,1105,4763
10918,2005,office hours (10-15),Slight,Daylight,2,Dry,Single carriageway,30.0,Urban,Fine no high winds,2005,12.0,Approaching junction or waiting/parked at junction approach,Waiting to go - held up,Back,8821,851
10919,2005,office hours (10-15),Serious,Daylight,1,Dry,Dual carriageway,30.0,Urban,Fine no high winds,2005,1.0,Not at or within 20 metres of junction,Going ahead other,Front,1105,4763
10920,2005,evening (19-23),Slight,Darkness - lights lit,1,Dry,Single carriageway,30.0,Urban,Fine no high winds,2005,10.0,Mid Junction - on roundabout or on main road,Turning right,Nearside,8821,1223
10921,2005,night (23-5),Slight,Darkness - lights lit,1,Dry,Single carriageway,30.0,Urban,Fine no high winds,2005,9.0,Mid Junction - on roundabout or on main road,Turning right,Nearside,8821,1223
10925,2005,morning rush (5-10),Slight,Daylight,2,Dry,Single carriageway,20.0,Urban,Fine no high winds,2005,3.0,Not at or within 20 metres of junction,U-turn,Front,8821,146
10926,2005,morning rush (5-10),Slight,Daylight,2,Dry,Single carriageway,20.0,Urban,Fine no high winds,2005,3.0,Not at or within 20 metres of junction,Overtaking moving vehicle - offside,Front,8821,171
10928,2005,afternoon rush (15-19),Slight,Daylight,1,Dry,Single carriageway,30.0,Urban,Fine no high winds,2005,10.0,Not at or within 20 metres of junction,Turning right,Front,8821,1223
10929,2005,afternoon rush (15-19),Slight,Daylight,1,Dry,Dual carriageway,40.0,Urban,Fine no high winds,2005,2.0,Mid Junction - on roundabout or on main road,Turning right,Offside,8821,1223
10930,2005,morning rush (5-10),Slight,Daylight,1,Dry,Slip road,30.0,Urban,Fine no high winds,2005,11.0,Cleared junction or waiting/parked at junction exit,Going ahead other,Front,8821,4763
10933,2005,morning rush (5-10),Slight,Daylight,1,Dry,Dual carriageway,70.0,Urban,Fine no high winds,2005,2.0,Not at or within 20 metres of junction,Going ahead other,Offside,8821,4763
10934,2005,afternoon rush (15-19),Slight,Daylight,2,Dry,Single carriageway,30.0,Urban,Fine no high winds,2005,6.0,Not at or within 20 metres of junction,Going ahead other,Offside,8821,4763
10938,2005,office hours (10-15),Slight,Daylight,1,Dry,Dual carriageway,40.0,Urban,Fine no high winds,2005,12.0,Approaching junction or waiting/parked at junction approach,Waiting to go - held up,Back,8821,851
10939,2005,evening (19-23),Slight,Daylight,1,Wet or damp,Dual carriageway,40.0,Urban,Raining no high winds,2005,5.0,Not at or within 20 metres of junction,Going ahead other,Offside,8821,4763
10940,2005,evening (19-23),Slight,Darkness - lights lit,1,Dry,Dual carriageway,30.0,Urban,Fine no high winds,2005,1.0,Approaching junction or waiting/parked at junction approach,Going ahead other,Front,8821,4763
10942,2005,morning rush (5-10),Slight,Daylight,2,Dry,Dual carriageway,30.0,Urban,Fine no high winds,2005,1.0,Approaching junction or waiting/parked at junction approach,Overtaking - nearside,Offside,8821,69
10943,2005,evening (19-23),Slight,Darkness - lights lit,1,Wet or damp,Dual carriageway,50.0,Urban,Fine no high winds,2005,12.0,Approaching junction or waiting/parked at junction approach,Slowing or stopping,Front,8821,752
10945,2005,afternoon rush (15-19),Slight,Daylight,2,Dry,Single carriageway,30.0,Urban,Fine no high winds,2005,6.0,Mid Junction - on roundabout or on main road,Turning right,Offside,8821,1223
10947,2005,afternoon rush (15-19),Slight,Daylight,1,Dry,Single carriageway,60.0,Urban,Fine no high winds,2005,7.0,Not at or within 20 metres of junction,Going ahead right-hand bend,Offside,8821,242
10948,2005,evening (19-23),Slight,Darkness - lights unlit,2,Wet or damp,Single carriageway,30.0,Urban,Raining no high winds,2005,10.0,Mid Junction - on roundabout or on main road,Turning right,Nearside,8821,1223
10949,2005,evening (19-23),Slight,Darkness - lights unlit,2,Wet or damp,Single carriageway,30.0,Urban,Raining no high winds,2005,8.0,Approaching junction or waiting/parked at junction approach,Going ahead other,Front,8821,4763
10950,2005,afternoon rush (15-19),Slight,Daylight,3,Dry,Dual carriageway,40.0,Urban,Fine no high winds,2005,10.0,Approaching junction or waiting/parked at junction approach,Slowing or stopping,Front,8821,752
10953,2005,office hours (10-15),Slight,Daylight,1,Wet or damp,Dual carriageway,40.0,Urban,Fine no high winds,2005,5.0,Approaching junction or waiting/parked at junction approach,Slowing or stopping,Back,8821,752
10955,2005,night (23-5),Slight,Darkness - lights lit,1,Wet or damp,Single carriageway,30.0,Urban,Raining no high winds,2005,12.0,Mid Junction - on roundabout or on main road,Going ahead other,Front,8821,4763
10956,2005,morning rush (5-10),Slight,Daylight,1,Dry,Single carriageway,30.0,Urban,Fine no high winds,2005,3.0,Approaching junction or waiting/parked at junction approach,Going ahead other,Back,8821,4763
10957,2005,morning rush (5-10),Slight,Daylight,1,Dry,Single carriageway,30.0,Urban,Fine no high winds,2005,2.0,Approaching junction or waiting/parked at junction approach,Going ahead other,Front,8821,4763
10958,2005,office hours (10-15),Slight,Daylight,1,Dry,Dual carriageway,30.0,Urban,Fine no high winds,2005,7.0,Approaching junction or waiting/parked at junction approach,Going ahead other,Nearside,8821,4763
10959,2005,office hours (10-15),Slight,Daylight,1,Wet or damp,Dual carriageway,40.0,Urban,Raining no high winds,2005,5.0,Not at or within 20 metres of junction,Going ahead other,Front,8821,4763
10960,2005,evening (19-23),Slight,Darkness - lights lit,1,Dry,Dual carriageway,30.0,Urban,Fine no high winds,2005,3.0,Mid Junction - on roundabout or on main road,Slowing or stopping,Back,8821,752
10961,2005,office hours (10-15),Slight,Daylight,1,Dry,Dual carriageway,30.0,Urban,Fine no high winds,2005,12.0,Mid Junction - on roundabout or on main road,Waiting to go - held up,Back,8821,851
10963,2005,morning rush (5-10),Slight,Darkness - lights lit,1,Wet or damp,Single carriageway,30.0,Urban,Raining no high winds,2005,11.0,Mid Junction - on roundabout or on main road,Turning right,Front,8821,1223
10964,2005,afternoon rush (15-19),Serious,Daylight,1,Dry,Single carriageway,30.0,Urban,Fine no high winds,2005,1.0,Mid Junction - on roundabout or on main road,Going ahead other,Offside,1105,4763
10970,2005,office hours (10-15),Slight,Daylight,1,Dry,Single carriageway,30.0,Urban,Fine no high winds,2005,3.0,Cleared junction or waiting/parked at junction exit,Turning right,Back,8821,1223
10971,2005,afternoon rush (15-19),Slight,Daylight,1,Dry,Single carriageway,30.0,Urban,Fine no high winds,2005,8.0,Approaching junction or waiting/parked at junction approach,Waiting to go - held up,Back,8821,851
10972,2005,afternoon rush (15-19),Slight,Daylight,1,Dry,Dual carriageway,40.0,Urban,Fine no high winds,2005,7.0,Not at or within 20 metres of junction,Going ahead other,Back,8821,4763
10973,2005,office hours (10-15),Slight,Daylight,1,Dry,Single carriageway,30.0,Urban,Fine no high winds,2005,1.0,Cleared junction or waiting/parked at junction exit,Going ahead other,Front,8821,4763
10976,2005,office hours (10-15),Slight,Daylight,3,Dry,Single carriageway,30.0,Urban,Fine no high winds,2005,19.0,Not at or within 20 metres of junction,Going ahead other,Front,8821,4763
10977,2005,office hours (10-15),Slight,Daylight,3,Dry,Single carriageway,30.0,Urban,Fine no high winds,2005,1.0,Not at or within 20 metres of junction,Going ahead other,Front,8821,4763
10979,2005,afternoon rush (15-19),Slight,Daylight,1,Dry,Single carriageway,30.0,Urban,Fine no high winds,2005,7.0,Mid Junction - on roundabout or on main road,Going ahead other,Offside,8821,4763
10983,2005,morning rush (5-10),Slight,Daylight,1,Dry,Dual carriageway,30.0,Urban,Fine no high winds,2005,1.0,Not at or within 20 metres of junction,Going ahead other,Offside,8821,4763
10984,2005,afternoon rush (15-19),Slight,Daylight,2,Dry,Dual carriageway,30.0,Urban,Fine no high winds,2005,13.0,Not at or within 20 metres of junction,Going ahead other,Front,8821,4763
10985,2005,afternoon rush (15-19),Slight,Daylight,2,Dry,Dual carriageway,30.0,Urban,Fine no high winds,2005,4.0,Not at or within 20 metres of junction,Going ahead other,Back,8821,4763
10986,2005,office hours (10-15),Slight,Daylight,1,Dry,Single carriageway,30.0,Urban,Fine no high winds,2005,1.0,Mid Junction - on roundabout or on main road,Turning right,Offside,8821,1223
10988,2005,morning rush (5-10),Slight,Daylight,1,Wet or damp,Single carriageway,30.0,Urban,Fine no high winds,2005,4.0,Mid Junction - on roundabout or on main road,Turning right,Nearside,8821,1223
10990,2005,morning rush (5-10),Serious,Daylight,1,Wet or damp,Single carriageway,30.0,Urban,Raining no high winds,2005,1.0,Mid Junction - on roundabout or on main road,Overtaking moving vehicle - offside,Nearside,1105,171
10991,2005,afternoon rush (15-19),Slight,Daylight,4,Dry,Dual carriageway,40.0,Urban,Fine no high winds,2005,2.0,Mid Junction - on roundabout or on main road,Going ahead other,Nearside,8821,4763
10993,2005,evening (19-23),Slight,Daylight,2,Wet or damp,Single carriageway,30.0,Urban,Raining no high winds,2005,5.0,Mid Junction - on roundabout or on main road,Going ahead other,Front,8821,4763
10994,2005,morning rush (5-10),Slight,Daylight,1,Wet or damp,Single carriageway,30.0,Urban,Raining no high winds,2005,9.0,Mid Junction - on roundabout or on main road,Going ahead other,Front,8821,4763
10995,2005,night (23-5),Slight,Darkness - lights lit,2,Dry,Dual carriageway,70.0,Urban,Fine no high winds,2005,11.0,Not at or within 20 metres of junction,Overtaking moving vehicle - offside,Front,8821,171
10996,2005,office hours (10-15),Serious,Daylight,1,Wet or damp,Single carriageway,30.0,Urban,Raining no high winds,2005,6.0,Mid Junction - on roundabout or on main road,Reversing,Back,1105,108
11000,2005,afternoon rush (15-19),Slight,Daylight,1,Dry,Single carriageway,30.0,Urban,Fine no high winds,2005,1.0,Approaching junction or waiting/parked at junction approach,Going ahead other,Back,8821,4763
11001,2005,afternoon rush (15-19),Slight,Daylight,1,Dry,Single carriageway,30.0,Urban,Fine no high winds,2005,8.0,Approaching junction or waiting/parked at junction approach,Going ahead other,Front,8821,4763
11002,2005,afternoon rush (15-19),Slight,Daylight,1,Dry,Single carriageway,30.0,Urban,Fine no high winds,2005,5.0,Mid Junction - on roundabout or on main road,Turning right,Offside,8821,1223
11007,2005,morning rush (5-10),Slight,Daylight,1,Dry,Single carriageway,30.0,Urban,Fine no high winds,2005,2.0,Mid Junction - on roundabout or on main road,Going ahead other,Did not impact,8821,4763
11008,2005,evening (19-23),Slight,Daylight,1,Wet or damp,Roundabout,30.0,Urban,Raining no high winds,2005,6.0,Mid Junction - on roundabout or on main road,Going ahead left-hand bend,Front,8821,228
11009,2005,afternoon rush (15-19),Slight,Daylight,2,Wet or damp,Single carriageway,30.0,Urban,Fine no high winds,2005,12.0,Not at or within 20 metres of junction,Going ahead other,Front,8821,4763
11012,2005,office hours (10-15),Slight,Daylight,1,Dry,Single carriageway,30.0,Urban,Fine no high winds,2005,5.0,Mid Junction - on roundabout or on main road,Turning right,Front,8821,1223
11014,2005,evening (19-23),Slight,Darkness - lights lit,1,Dry,Dual carriageway,50.0,Urban,Fine no high winds,2005,1.0,Not at or within 20 metres of junction,Going ahead other,Front,8821,4763
11015,2005,office hours (10-15),Slight,Daylight,3,Dry,Single carriageway,30.0,Urban,Fine no high winds,2005,3.0,Mid Junction - on roundabout or on main road,U-turn,Offside,8821,146
11016,2005,morning rush (5-10),Slight,Daylight,1,Dry,Single carriageway,30.0,Urban,Fine no high winds,2005,4.0,Not at or within 20 metres of junction,Changing lane to right,Offside,8821,87
11018,2005,morning rush (5-10),Slight,Daylight,2,Dry,Dual carriageway,40.0,Urban,Fine no high winds,2005,9.0,Not at or within 20 metres of junction,Slowing or stopping,Front,8821,752
11019,2005,office hours (10-15),Slight,Daylight,1,Dry,Single carriageway,30.0,Urban,Fine no high winds,2005,4.0,Approaching junction or waiting/parked at junction approach,Going ahead other,Front,8821,4763
11020,2005,office hours (10-15),Serious,Daylight,1,Dry,Single carriageway,30.0,Urban,Fine no high winds,2005,1.0,Not at or within 20 metres of junction,Going ahead other,Nearside,1105,4763
11021,2005,evening (19-23),Slight,Darkness - lights lit,1,Dry,Single carriageway,30.0,Urban,Fine no high winds,2005,9.0,Mid Junction - on roundabout or on main road,Waiting to go - held up,Back,8821,851
11023,2005,evening (19-23),Slight,Daylight,3,Dry,Single carriageway,30.0,Urban,Fine no high winds,2005,2.0,Not at or within 20 metres of junction,Going ahead other,Front,8821,4763
11025,2005,afternoon rush (15-19),Slight,Daylight,1,Dry,Single carriageway,30.0,Urban,Fine no high winds,2005,9.0,Entering main road,Turning left,Offside,8821,324
11026,2005,afternoon rush (15-19),Slight,Daylight,3,Dry,Single carriageway,30.0,Urban,Fine no high winds,2005,2.0,Mid Junction - on roundabout or on main road,Going ahead other,Front,8821,4763
11027,2005,afternoon rush (15-19),Slight,Daylight,3,Dry,Single carriageway,30.0,Urban,Fine no high winds,2005,11.0,Cleared junction or waiting/parked at junction exit,Going ahead other,Nearside,8821,4763
11028,2005,afternoon rush (15-19),Slight,Daylight,1,Dry,Single carriageway,30.0,Urban,Fine no high winds,2005,3.0,Not at or within 20 metres of junction,Overtaking moving vehicle - offside,Nearside,8821,171
11030,2005,office hours (10-15),Slight,Daylight,1,Wet or damp,Single carriageway,30.0,Urban,Raining no high winds,2005,4.0,Not at or within 20 metres of junction,Slowing or stopping,Front,8821,752
11033,2005,office hours (10-15),Slight,Daylight,1,Dry,Dual carriageway,40.0,Urban,Fine no high winds,2005,2.0,Not at or within 20 metres of junction,Waiting to go - held up,Back,8821,851
11035,2005,office hours (10-15),Slight,Daylight,1,Dry,Single carriageway,30.0,Urban,Fine no high winds,2005,5.0,Mid Junction - on roundabout or on main road,Going ahead other,Offside,8821,4763
11037,2005,afternoon rush (15-19),Slight,Daylight,1,Dry,Dual carriageway,30.0,Urban,Fine no high winds,2005,13.0,Not at or within 20 metres of junction,Changing lane to left,Nearside,8821,76
11040,2005,night (23-5),Slight,Darkness - lights lit,1,Dry,Single carriageway,30.0,Urban,Fine no high winds,2005,1.0,Mid Junction - on roundabout or on main road,Going ahead other,Offside,8821,4763
11041,2005,morning rush (5-10),Slight,Daylight,1,Dry,Roundabout,30.0,Urban,Fine no high winds,2005,2.0,Mid Junction - on roundabout or on main road,Going ahead right-hand bend,Offside,8821,242
11044,2005,afternoon rush (15-19),Slight,Daylight,3,Dry,Dual carriageway,60.0,Urban,Fine no high winds,2005,1.0,Not at or within 20 metres of junction,Waiting to go - held up,Back,8821,851
11045,2005,afternoon rush (15-19),Slight,Daylight,2,Dry,Dual carriageway,40.0,Urban,Fine no high winds,2005,1.0,Approaching junction or waiting/parked at junction approach,Going ahead other,Offside,8821,4763
11049,2005,afternoon rush (15-19),Slight,Daylight,1,Dry,Single carriageway,30.0,Urban,Fine no high winds,2005,14.0,Approaching junction or waiting/parked at junction approach,Slowing or stopping,Back,8821,752
11050,2005,afternoon rush (15-19),Slight,Daylight,1,Dry,Single carriageway,30.0,Urban,Fine no high winds,2005,3.0,Approaching junction or waiting/parked at junction approach,Going ahead other,Front,8821,4763
11051,2005,afternoon rush (15-19),Slight,Daylight,1,Dry,Single carriageway,30.0,Urban,Fine no high winds,2005,8.0,Approaching junction or waiting/parked at junction approach,Going ahead other,Front,8821,4763
11055,2005,office hours (10-15),Slight,Daylight,1,Dry,Roundabout,30.0,Urban,Fine no high winds,2005,2.0,Mid Junction - on roundabout or on main road,Turning right,Front,8821,1223
11056,2005,evening (19-23),Slight,Daylight,1,Wet or damp,Single carriageway,30.0,Urban,Fine no high winds,2005,9.0,Mid Junction - on roundabout or on main road,Going ahead right-hand bend,Front,8821,242
11060,2005,morning rush (5-10),Slight,Daylight,1,Dry,Roundabout,40.0,Urban,Fine no high winds,2005,1.0,Mid Junction - on roundabout or on main road,Waiting to go - held up,Back,8821,851
11061,2005,afternoon rush (15-19),Slight,Daylight,1,Wet or damp,Single carriageway,30.0,Urban,Raining no high winds,2005,1.0,Not at or within 20 metres of junction,Going ahead other,Front,8821,4763
11063,2005,office hours (10-15),Slight,Daylight,3,Dry,Single carriageway,30.0,Urban,Fine no high winds,2005,5.0,Approaching junction or waiting/parked at junction approach,Going ahead other,Front,8821,4763
11066,2005,morning rush (5-10),Slight,Daylight,1,Dry,Dual carriageway,40.0,Urban,Fine no high winds,2005,6.0,Not at or within 20 metres of junction,Slowing or stopping,Back,8821,752
11067,2005,evening (19-23),Slight,Daylight,1,Dry,Single carriageway,30.0,Urban,Fine no high winds,2005,11.0,Mid Junction - on roundabout or on main road,Turning right,Nearside,8821,1223
11071,2005,morning rush (5-10),Slight,Daylight,1,Dry,Dual carriageway,60.0,Urban,Fine no high winds,2005,3.0,Not at or within 20 metres of junction,Going ahead other,Back,8821,4763
11072,2005,morning rush (5-10),Slight,Daylight,1,Dry,Dual carriageway,60.0,Urban,Fine no high winds,2005,13.0,Not at or within 20 metres of junction,Going ahead other,Back,8821,4763
11075,2005,morning rush (5-10),Slight,Daylight,1,Dry,Single carriageway,30.0,Urban,Fine no high winds,2005,4.0,Approaching junction or waiting/parked at junction approach,Going ahead other,Offside,8821,4763
11076,2005,evening (19-23),Slight,Darkness - lights lit,1,Dry,Dual carriageway,50.0,Urban,Fine no high winds,2005,9.0,Approaching junction or waiting/parked at junction approach,Slowing or stopping,Back,8821,752
11077,2005,afternoon rush (15-19),Slight,Daylight,1,Dry,Single carriageway,30.0,Urban,Fine no high winds,2005,2.0,Not at or within 20 metres of junction,U-turn,Nearside,8821,146
11078,2005,evening (19-23),Slight,Darkness - lights lit,1,Dry,Single carriageway,30.0,Urban,Fine no high winds,2005,3.0,Mid Junction - on roundabout or on main road,Moving off,Offside,8821,251
11081,2005,office hours (10-15),Slight,Daylight,2,Dry,Single carriageway,30.0,Urban,Fine no high winds,2005,2.0,Mid Junction - on roundabout or on main road,Turning left,Nearside,8821,324
11084,2005,afternoon rush (15-19),Slight,Daylight,1,Dry,Single carriageway,30.0,Urban,Fine no high winds,2005,5.0,Not at or within 20 metres of junction,Going ahead other,Back,8821,4763
11086,2005,night (23-5),Slight,Darkness - lights lit,2,Dry,Dual carriageway,40.0,Urban,Fine no high winds,2005,11.0,Cleared junction or waiting/parked at junction exit,Going ahead other,Front,8821,4763
11087,2005,office hours (10-15),Slight,Daylight,2,Dry,Single carriageway,30.0,Urban,Fine no high winds,2005,7.0,Cleared junction or waiting/parked at junction exit,Going ahead other,Back,8821,4763
11089,2005,evening (19-23),Slight,Daylight,2,Dry,Single carriageway,30.0,Urban,Fine no high winds,2005,3.0,Mid Junction - on roundabout or on main road,Turning right,Offside,8821,1223
11090,2005,evening (19-23),Slight,Daylight,1,Wet or damp,Single carriageway,30.0,Urban,Raining no high winds,2005,1.0,Cleared junction or waiting/parked at junction exit,Going ahead other,Did not impact,8821,4763
11091,2005,morning rush (5-10),Serious,Daylight,2,Dry,Dual carriageway,30.0,Urban,Fine no high winds,2005,2.0,Approaching junction or waiting/parked at junction approach,Overtaking - nearside,Offside,1105,69
11093,2005,office hours (10-15),Slight,Daylight,3,Dry,Dual carriageway,30.0,Urban,Fine no high winds,2005,8.0,Not at or within 20 metres of junction,Changing lane to left,Nearside,8821,76
11096,2005,afternoon rush (15-19),Slight,Daylight,1,Dry,Single carriageway,30.0,Urban,Fine no high winds,2005,15.0,Mid Junction - on roundabout or on main road,Going ahead left-hand bend,Offside,8821,228
11097,2005,office hours (10-15),Slight,Daylight,1,Dry,Dual carriageway,40.0,Urban,Fine no high winds,2005,1.0,Mid Junction - on roundabout or on main road,Waiting to turn right,Front,8821,195
11101,2005,office hours (10-15),Serious,Daylight,1,Dry,Single carriageway,30.0,Urban,Fine no high winds,2005,2.0,Mid Junction - on roundabout or on main road,Turning right,Front,1105,1223
11104,2005,office hours (10-15),Slight,Daylight,1,Dry,Single carriageway,40.0,Urban,Fine no high winds,2005,1.0,Approaching junction or waiting/parked at junction approach,Going ahead other,Front,8821,4763
11105,2005,afternoon rush (15-19),Slight,Daylight,1,Dry,Dual carriageway,30.0,Urban,Fine no high winds,2005,11.0,Not at or within 20 metres of junction,Going ahead other,Back,8821,4763
11106,2005,afternoon rush (15-19),Serious,Daylight,1,Dry,Single carriageway,30.0,Urban,Fine no high winds,2005,9.0,Mid Junction - on roundabout or on main road,Turning right,Front,1105,1223
11107,2005,afternoon rush (15-19),Serious,Daylight,1,Dry,Single carriageway,30.0,Urban,Fine no high winds,2005,15.0,Approaching junction or waiting/parked at junction approach,Going ahead other,Front,1105,4763
11110,2005,office hours (10-15),Slight,Daylight,1,Dry,Single carriageway,30.0,Urban,Fine no high winds,2005,6.0,Approaching junction or waiting/parked at junction approach,Going ahead right-hand bend,Front,8821,242
11113,2005,afternoon rush (15-19),Slight,Daylight,2,Dry,Single carriageway,40.0,Urban,Fine no high winds,2005,8.0,Approaching junction or waiting/parked at junction approach,Waiting to go - held up,Back,8821,851
11114,2005,afternoon rush (15-19),Slight,Daylight,1,Dry,Single carriageway,30.0,Urban,Fine no high winds,2005,19.0,Approaching junction or waiting/parked at junction approach,Moving off,Back,8821,251
11115,2005,afternoon rush (15-19),Slight,Daylight,1,Dry,Single carriageway,30.0,Urban,Fine no high winds,2005,5.0,Not at or within 20 metres of junction,Slowing or stopping,Front,8821,752
11118,2005,afternoon rush (15-19),Slight,Daylight,1,Dry,Single carriageway,30.0,Urban,Fine no high winds,2005,1.0,Cleared junction or waiting/parked at junction exit,Going ahead other,Front,8821,4763
11119,2005,afternoon rush (15-19),Slight,Daylight,2,Dry,Single carriageway,30.0,Urban,Fine no high winds,2005,5.0,Mid Junction - on roundabout or on main road,Turning left,Front,8821,324
11122,2005,office hours (10-15),Slight,Daylight,1,Dry,Roundabout,30.0,Urban,Fine no high winds,2005,6.0,Mid Junction - on roundabout or on main road,Going ahead other,Front,8821,4763
11123,2005,office hours (10-15),Slight,Daylight,1,Dry,Roundabout,30.0,Urban,Fine no high winds,2005,5.0,Mid Junction - on roundabout or on main road,Turning right,Nearside,8821,1223
11124,2005,morning rush (5-10),Slight,Daylight,1,Dry,Dual carriageway,40.0,Urban,Fine no high winds,2005,1.0,Mid Junction - on roundabout or on main road,Going ahead other,Front,8821,4763
11125,2005,office hours (10-15),Slight,Daylight,1,Dry,Single carriageway,30.0,Urban,Fine no high winds,2005,1.0,Cleared junction or waiting/parked at junction exit,Slowing or stopping,Back,8821,752
11126,2005,morning rush (5-10),Slight,Daylight,1,Dry,Dual carriageway,70.0,Urban,Fine no high winds,2005,2.0,Cleared junction or waiting/parked at junction exit,Waiting to go - held up,Back,8821,851
11129,2005,night (23-5),Slight,Darkness - lights lit,1,Dry,Single carriageway,40.0,Urban,Fine no high winds,2005,5.0,Cleared junction or waiting/parked at junction exit,U-turn,Offside,8821,146
11130,2005,evening (19-23),Slight,Darkness - lights lit,2,Dry,Single carriageway,30.0,Urban,Fine no high winds,2005,4.0,Not at or within 20 metres of junction,Parked,Back,8821,309
11131,2005,night (23-5),Slight,Darkness - lights lit,1,Dry,Single carriageway,30.0,Urban,Fine no high winds,2005,9.0,Mid Junction - on roundabout or on main road,Going ahead other,Nearside,8821,4763
11132,2005,afternoon rush (15-19),Slight,Daylight,1,Wet or damp,Roundabout,40.0,Urban,Raining no high winds,2005,12.0,Approaching junction or waiting/parked at junction approach,Going ahead other,Front,8821,4763
11133,2005,afternoon rush (15-19),Slight,Daylight,1,Wet or damp,Single carriageway,30.0,Urban,Raining no high winds,2005,1.0,Mid Junction - on roundabout or on main road,Going ahead other,Offside,8821,4763
11134,2005,afternoon rush (15-19),Slight,Daylight,1,Dry,Single carriageway,30.0,Urban,Fine no high winds,2005,9.0,Not at or within 20 metres of junction,Going ahead other,Back,8821,4763
11135,2005,office hours (10-15),Slight,Daylight,1,Dry,Single carriageway,30.0,Urban,Fine no high winds,2005,6.0,Not at or within 20 metres of junction,Going ahead other,Offside,8821,4763
11136,2005,morning rush (5-10),Slight,Daylight,2,Dry,Dual carriageway,40.0,Urban,Fine no high winds,2005,2.0,Approaching junction or waiting/parked at junction approach,Waiting to go - held up,Back,8821,851
11137,2005,office hours (10-15),Slight,Daylight,1,Dry,Single carriageway,30.0,Urban,Fine no high winds,2005,5.0,Mid Junction - on roundabout or on main road,Waiting to go - held up,Back,8821,851
11139,2005,evening (19-23),Slight,Darkness - lights lit,1,Wet or damp,Dual carriageway,50.0,Urban,Raining no high winds,2005,3.0,Approaching junction or waiting/parked at junction approach,Slowing or stopping,Back,8821,752
11141,2005,afternoon rush (15-19),Slight,Daylight,2,Dry,Single carriageway,30.0,Urban,Fine no high winds,2005,12.0,Mid Junction - on roundabout or on main road,Waiting to go - held up,Back,8821,851
11142,2005,afternoon rush (15-19),Slight,Daylight,2,Dry,Single carriageway,30.0,Urban,Fine no high winds,2005,4.0,Mid Junction - on roundabout or on main road,Waiting to go - held up,Back,8821,851
11148,2005,morning rush (5-10),Slight,Daylight,1,Wet or damp,Single carriageway,30.0,Urban,Raining no high winds,2005,1.0,Not at or within 20 metres of junction,U-turn,Offside,8821,146
11152,2005,night (23-5),Slight,Darkness - lights lit,1,Wet or damp,Dual carriageway,40.0,Urban,Fine + high winds,2005,8.0,Approaching junction or waiting/parked at junction approach,Waiting to go - held up,Back,8821,851
11153,2005,morning rush (5-10),Slight,Darkness - lights lit,1,Dry,Single carriageway,30.0,Urban,Fine no high winds,2005,4.0,Not at or within 20 metres of junction,Going ahead other,Nearside,8821,4763
11155,2005,afternoon rush (15-19),Slight,Daylight,1,Dry,Dual carriageway,40.0,Urban,Fine no high winds,2005,6.0,Not at or within 20 metres of junction,Slowing or stopping,Back,8821,752
11158,2005,office hours (10-15),Slight,Daylight,1,Wet or damp,Single carriageway,30.0,Urban,Fine no high winds,2005,5.0,Not at or within 20 metres of junction,Parked,Nearside,8821,309
11164,2005,morning rush (5-10),Serious,Daylight,1,Dry,Single carriageway,30.0,Urban,Fine no high winds,2005,3.0,Mid Junction - on roundabout or on main road,Going ahead other,Nearside,1105,4763
11168,2005,afternoon rush (15-19),Slight,Daylight,1,Dry,Single carriageway,30.0,Urban,Fine no high winds,2005,13.0,Approaching junction or waiting/parked at junction approach,Turning right,Offside,8821,1223
11170,2005,evening (19-23),Slight,Darkness - lights lit,1,Dry,Single carriageway,30.0,Urban,Fine no high winds,2005,7.0,Mid Junction - on roundabout or on main road,Going ahead other,Offside,8821,4763
11171,2005,afternoon rush (15-19),Slight,Daylight,1,Dry,Single carriageway,30.0,Urban,Fine no high winds,2005,7.0,Mid Junction - on roundabout or on main road,Turning left,Offside,8821,324
11172,2005,office hours (10-15),Slight,Daylight,1,Dry,Single carriageway,30.0,Urban,Fine no high winds,2005,1.0,Cleared junction or waiting/parked at junction exit,Going ahead other,Offside,8821,4763
11177,2005,night (23-5),Serious,Darkness - lights lit,1,Wet or damp,Dual carriageway,30.0,Urban,Raining no high winds,2005,1.0,Not at or within 20 metres of junction,Going ahead other,Offside,1105,4763
11179,2005,office hours (10-15),Slight,Daylight,2,Dry,Dual carriageway,30.0,Urban,Fine no high winds,2005,2.0,Mid Junction - on roundabout or on main road,Going ahead other,Front,8821,4763
11183,2005,evening (19-23),Slight,Darkness - lights lit,3,Wet or damp,Dual carriageway,50.0,Urban,Raining no high winds,2005,8.0,Not at or within 20 metres of junction,Going ahead other,Front,8821,4763
11184,2005,office hours (10-15),Serious,Daylight,2,Dry,Single carriageway,30.0,Urban,Fine no high winds,2005,1.0,Mid Junction - on roundabout or on main road,Waiting to turn right,Back,1105,195