Crash_Ref_Number,Crash_Year,Daytime,Accident_Severity,Light_Conditions,Number_of_Casualties,Road_Surface_Conditions,Road_Type,Speed_limit,Urban_or_Rural_Area,Weather_Conditions,Crash_Year,Age_of_Vehicle,Junction_Location,Vehicle_Manoeuvre,First_Point_of_Impact,count1,count
14034,2005,office hours (10-15),Serious,Daylight,2,Dry,Single carriageway,30.0,Urban,Fine no high winds,2005,1.0,Mid Junction - on roundabout or on main road,Going ahead other,Front,1105,4763
14037,2005,night (23-5),Slight,Darkness - lights lit,1,Dry,Single carriageway,30.0,Urban,Fine no high winds,2005,4.0,Cleared junction or waiting/parked at junction exit,Going ahead other,Nearside,8821,4763
14038,2005,afternoon rush (15-19),Slight,Daylight,1,Dry,Single carriageway,30.0,Urban,Fine no high winds,2005,2.0,Not at or within 20 metres of junction,Overtaking static vehicle - offside,Front,8821,147
14043,2005,afternoon rush (15-19),Slight,Daylight,1,Dry,Roundabout,30.0,Urban,Fine no high winds,2005,16.0,Mid Junction - on roundabout or on main road,Turning right,Nearside,8821,1223
14044,2005,morning rush (5-10),Slight,Daylight,1,Dry,Single carriageway,30.0,Urban,Fine no high winds,2005,11.0,Not at or within 20 metres of junction,Going ahead other,Front,8821,4763
14052,2005,morning rush (5-10),Slight,Daylight,1,Wet or damp,Single carriageway,30.0,Urban,Fine no high winds,2005,1.0,Approaching junction or waiting/parked at junction approach,Going ahead other,Front,8821,4763
14053,2005,afternoon rush (15-19),Slight,Daylight,2,Dry,Single carriageway,30.0,Urban,Fine no high winds,2005,10.0,Mid Junction - on roundabout or on main road,Turning right,Back,8821,1223
14054,2005,office hours (10-15),Slight,Daylight,1,Dry,Single carriageway,30.0,Urban,Fine no high winds,2005,6.0,Mid Junction - on roundabout or on main road,Turning right,Nearside,8821,1223
14055,2005,afternoon rush (15-19),Slight,Daylight,1,Dry,Single carriageway,30.0,Urban,Fine no high winds,2005,9.0,Cleared junction or waiting/parked at junction exit,Going ahead other,Front,8821,4763
14058,2005,morning rush (5-10),Slight,Daylight,1,Dry,Single carriageway,30.0,Urban,Fine no high winds,2005,1.0,Mid Junction - on roundabout or on main road,Waiting to turn right,Offside,8821,195
14059,2005,morning rush (5-10),Slight,Daylight,1,Dry,Single carriageway,30.0,Urban,Fine no high winds,2005,1.0,Mid Junction - on roundabout or on main road,Turning right,Front,8821,1223
14060,2005,afternoon rush (15-19),Slight,Daylight,2,Dry,Single carriageway,30.0,Urban,Fine no high winds,2005,1.0,Not at or within 20 metres of junction,Waiting to go - held up,Back,8821,851
14061,2005,afternoon rush (15-19),Slight,Daylight,2,Dry,Single carriageway,30.0,Urban,Fine no high winds,2005,6.0,Mid Junction - on roundabout or on main road,Going ahead left-hand bend,Offside,8821,228
14062,2005,afternoon rush (15-19),Slight,Daylight,2,Dry,Single carriageway,30.0,Urban,Fine no high winds,2005,8.0,Mid Junction - on roundabout or on main road,Going ahead other,Front,8821,4763
14063,2005,evening (19-23),Serious,Daylight,1,Dry,Single carriageway,30.0,Urban,Fine no high winds,2005,9.0,Mid Junction - on roundabout or on main road,Turning right,Nearside,1105,1223
14067,2005,evening (19-23),Slight,Daylight,1,Dry,Single carriageway,30.0,Urban,Fine no high winds,2005,1.0,Mid Junction - on roundabout or on main road,Going ahead other,Front,8821,4763
14069,2005,morning rush (5-10),Serious,Daylight,1,Dry,Single carriageway,30.0,Urban,Fine no high winds,2005,3.0,Not at or within 20 metres of junction,Slowing or stopping,Back,1105,752
14073,2005,afternoon rush (15-19),Slight,Daylight,1,Dry,Single carriageway,30.0,Urban,Fine no high winds,2005,1.0,Mid Junction - on roundabout or on main road,Turning right,Front,8821,1223
14074,2005,office hours (10-15),Slight,Daylight,1,Dry,Single carriageway,30.0,Urban,Fine no high winds,2005,5.0,Approaching junction or waiting/parked at junction approach,Waiting to go - held up,Back,8821,851
14077,2005,office hours (10-15),Slight,Daylight,1,Dry,Single carriageway,30.0,Urban,Fine no high winds,2005,11.0,Not at or within 20 metres of junction,Waiting to go - held up,Front,8821,851
14078,2005,evening (19-23),Serious,Daylight,1,Dry,Single carriageway,30.0,Urban,Fine no high winds,2005,7.0,Not at or within 20 metres of junction,Going ahead other,Front,1105,4763
14079,2005,evening (19-23),Serious,Daylight,2,Dry,Single carriageway,30.0,Urban,Fine no high winds,2005,2.0,Mid Junction - on roundabout or on main road,Going ahead other,Front,1105,4763
14080,2005,office hours (10-15),Slight,Daylight,1,Dry,Single carriageway,30.0,Urban,Fine no high winds,2005,7.0,Mid Junction - on roundabout or on main road,Turning right,Front,8821,1223
14082,2005,office hours (10-15),Slight,Daylight,1,Dry,Single carriageway,30.0,Urban,Fine no high winds,2005,5.0,Mid Junction - on roundabout or on main road,Going ahead other,Offside,8821,4763
14083,2005,afternoon rush (15-19),Slight,Daylight,1,Dry,Single carriageway,30.0,Urban,Fine no high winds,2005,6.0,Mid Junction - on roundabout or on main road,Going ahead other,Offside,8821,4763
14085,2005,morning rush (5-10),Slight,Daylight,1,Dry,Single carriageway,30.0,Urban,Fine no high winds,2005,3.0,Approaching junction or waiting/parked at junction approach,Going ahead other,Front,8821,4763
14089,2005,evening (19-23),Slight,Darkness - lights lit,1,Dry,Single carriageway,30.0,Urban,Fine no high winds,2005,1.0,Mid Junction - on roundabout or on main road,Turning right,Front,8821,1223
14090,2005,evening (19-23),Slight,Daylight,1,Dry,Single carriageway,30.0,Urban,Fine no high winds,2005,5.0,Not at or within 20 metres of junction,Going ahead other,Nearside,8821,4763
14091,2005,evening (19-23),Slight,Darkness - lights lit,1,Dry,Dual carriageway,30.0,Urban,Fine no high winds,2005,9.0,Approaching junction or waiting/parked at junction approach,Waiting to go - held up,Offside,8821,851
14093,2005,afternoon rush (15-19),Slight,Daylight,1,Dry,Single carriageway,30.0,Urban,Fine no high winds,2005,1.0,Approaching junction or waiting/parked at junction approach,Waiting to go - held up,Back,8821,851
14094,2005,afternoon rush (15-19),Slight,Daylight,1,Dry,Single carriageway,30.0,Urban,Fine no high winds,2005,9.0,Approaching junction or waiting/parked at junction approach,Going ahead other,Back,8821,4763
14097,2005,morning rush (5-10),Slight,Daylight,1,Dry,Single carriageway,30.0,Urban,Fine no high winds,2005,2.0,Mid Junction - on roundabout or on main road,Waiting to turn right,Front,8821,195
14099,2005,morning rush (5-10),Serious,Daylight,1,Dry,Single carriageway,30.0,Urban,Fine no high winds,2005,10.0,Not at or within 20 metres of junction,Going ahead other,Front,1105,4763
14100,2005,evening (19-23),Slight,Daylight,1,Dry,Single carriageway,30.0,Urban,Fine no high winds,2005,7.0,Approaching junction or waiting/parked at junction approach,Going ahead other,Front,8821,4763
14102,2005,office hours (10-15),Slight,Daylight,1,Dry,Roundabout,30.0,Urban,Fine no high winds,2005,2.0,Mid Junction - on roundabout or on main road,Turning right,Front,8821,1223
14103,2005,night (23-5),Slight,Darkness - lights lit,1,Dry,Single carriageway,30.0,Urban,Fine no high winds,2005,3.0,Mid Junction - on roundabout or on main road,Overtaking moving vehicle - offside,Nearside,8821,171
14104,2005,night (23-5),Slight,Darkness - lights lit,1,Dry,Single carriageway,30.0,Urban,Fine no high winds,2005,1.0,Mid Junction - on roundabout or on main road,Turning right,Offside,8821,1223
14107,2005,afternoon rush (15-19),Serious,Daylight,1,Dry,Single carriageway,30.0,Urban,Fine no high winds,2005,3.0,Not at or within 20 metres of junction,Going ahead other,Offside,1105,4763
14110,2005,afternoon rush (15-19),Slight,Daylight,1,Dry,Single carriageway,30.0,Urban,Fine no high winds,2005,7.0,Cleared junction or waiting/parked at junction exit,Turning left,Nearside,8821,324
14113,2005,afternoon rush (15-19),Slight,Daylight,1,Dry,Single carriageway,30.0,Urban,Fine no high winds,2005,1.0,Mid Junction - on roundabout or on main road,Turning left,Nearside,8821,324
14121,2005,evening (19-23),Slight,Daylight,1,Dry,Single carriageway,30.0,Urban,Fine no high winds,2005,7.0,Leaving roundabout,Turning right,Front,8821,1223
14125,2005,afternoon rush (15-19),Serious,Daylight,1,Dry,Single carriageway,30.0,Urban,Fine no high winds,2005,1.0,Approaching junction or waiting/parked at junction approach,Overtaking static vehicle - offside,Nearside,1105,147
14127,2005,office hours (10-15),Slight,Daylight,1,Dry,Single carriageway,30.0,Urban,Fine no high winds,2005,2.0,Approaching junction or waiting/parked at junction approach,Slowing or stopping,Back,8821,752
14129,2005,morning rush (5-10),Slight,Darkness - lights lit,1,Wet or damp,Single carriageway,30.0,Urban,Raining no high winds,2005,3.0,Mid Junction - on roundabout or on main road,Going ahead other,Front,8821,4763
14132,2005,night (23-5),Slight,Darkness - lights lit,1,Dry,Single carriageway,30.0,Urban,Fine no high winds,2005,15.0,Not at or within 20 metres of junction,Moving off,Front,8821,251
14133,2005,evening (19-23),Slight,Darkness - lights lit,1,Dry,Single carriageway,30.0,Urban,Fine no high winds,2005,10.0,Not at or within 20 metres of junction,Going ahead other,Front,8821,4763
14134,2005,evening (19-23),Slight,Darkness - lights lit,1,Dry,Single carriageway,30.0,Urban,Fine no high winds,2005,7.0,Not at or within 20 metres of junction,Going ahead other,Front,8821,4763
14135,2005,office hours (10-15),Serious,Daylight,1,Dry,Single carriageway,30.0,Urban,Fine no high winds,2005,1.0,Leaving roundabout,Going ahead other,Offside,1105,4763
14137,2005,afternoon rush (15-19),Slight,Daylight,1,Dry,Single carriageway,30.0,Urban,Fine no high winds,2005,6.0,Leaving roundabout,Going ahead other,Front,8821,4763
14143,2005,office hours (10-15),Slight,Daylight,1,Wet or damp,Single carriageway,30.0,Urban,Raining no high winds,2005,10.0,Not at or within 20 metres of junction,Slowing or stopping,Back,8821,752
14151,2005,office hours (10-15),Slight,Daylight,1,Dry,Single carriageway,30.0,Urban,Fine no high winds,2005,13.0,Approaching junction or waiting/parked at junction approach,Waiting to turn left,Back,8821,57
14152,2005,evening (19-23),Slight,Darkness - lights lit,3,Wet or damp,Single carriageway,30.0,Urban,Raining no high winds,2005,3.0,Mid Junction - on roundabout or on main road,Turning right,Nearside,8821,1223
14153,2005,afternoon rush (15-19),Slight,Darkness - lights lit,3,Wet or damp,Single carriageway,30.0,Urban,Raining + high winds,2005,3.0,Mid Junction - on roundabout or on main road,Turning right,Nearside,8821,1223
14159,2005,morning rush (5-10),Slight,Daylight,2,Dry,Single carriageway,30.0,Urban,Fine no high winds,2005,4.0,Approaching junction or waiting/parked at junction approach,Waiting to go - held up,Back,8821,851
14161,2005,afternoon rush (15-19),Slight,Daylight,3,Wet or damp,Single carriageway,30.0,Urban,Raining no high winds,2005,4.0,Mid Junction - on roundabout or on main road,Going ahead other,Front,8821,4763
14164,2005,evening (19-23),Slight,Darkness - lights lit,1,Dry,Single carriageway,30.0,Urban,Fine no high winds,2005,4.0,Mid Junction - on roundabout or on main road,Going ahead other,Front,8821,4763
14166,2005,office hours (10-15),Serious,Daylight,1,Dry,Single carriageway,30.0,Urban,Fine no high winds,2005,7.0,Mid Junction - on roundabout or on main road,Turning left,Front,1105,324
14169,2005,afternoon rush (15-19),Slight,Daylight,2,Dry,Single carriageway,30.0,Urban,Fine no high winds,2005,6.0,Cleared junction or waiting/parked at junction exit,Going ahead other,Front,8821,4763
14172,2005,office hours (10-15),Slight,Daylight,2,Dry,Single carriageway,30.0,Urban,Fine no high winds,2005,2.0,Cleared junction or waiting/parked at junction exit,Going ahead other,Front,8821,4763
14174,2005,office hours (10-15),Slight,Daylight,1,Dry,Single carriageway,30.0,Urban,Fine no high winds,2005,11.0,Not at or within 20 metres of junction,Going ahead other,Front,8821,4763
14175,2005,office hours (10-15),Slight,Daylight,1,Dry,Single carriageway,30.0,Urban,Fine no high winds,2005,1.0,Approaching junction or waiting/parked at junction approach,Going ahead other,Offside,8821,4763
14176,2005,office hours (10-15),Slight,Daylight,1,Dry,Single carriageway,30.0,Urban,Fine no high winds,2005,13.0,Mid Junction - on roundabout or on main road,Turning right,Front,8821,1223
14177,2005,office hours (10-15),Slight,Daylight,1,Dry,Single carriageway,30.0,Urban,Fine no high winds,2005,8.0,Cleared junction or waiting/parked at junction exit,Going ahead right-hand bend,Nearside,8821,242
14183,2005,afternoon rush (15-19),Slight,Daylight,1,Dry,Single carriageway,30.0,Urban,Fine no high winds,2005,4.0,Cleared junction or waiting/parked at junction exit,Going ahead other,Nearside,8821,4763
14184,2005,morning rush (5-10),Slight,Daylight,1,Dry,Single carriageway,30.0,Urban,Fine no high winds,2005,17.0,Mid Junction - on roundabout or on main road,Going ahead other,Front,8821,4763
14185,2005,office hours (10-15),Slight,Daylight,1,Dry,Single carriageway,30.0,Urban,Fine no high winds,2005,9.0,Cleared junction or waiting/parked at junction exit,Moving off,Front,8821,251
14186,2005,office hours (10-15),Slight,Daylight,1,Dry,Single carriageway,30.0,Urban,Fine no high winds,2005,3.0,Cleared junction or waiting/parked at junction exit,Going ahead other,Nearside,8821,4763
14190,2005,afternoon rush (15-19),Slight,Darkness - lights lit,2,Dry,Single carriageway,30.0,Urban,Fine no high winds,2005,3.0,Approaching junction or waiting/parked at junction approach,Turning right,Offside,8821,1223
14193,2005,office hours (10-15),Slight,Daylight,1,Dry,Single carriageway,30.0,Urban,Fine no high winds,2005,11.0,Approaching junction or waiting/parked at junction approach,Parked,Front,8821,309
14197,2005,afternoon rush (15-19),Slight,Daylight,2,Dry,Single carriageway,30.0,Urban,Fine no high winds,2005,6.0,Approaching junction or waiting/parked at junction approach,Going ahead other,Nearside,8821,4763
14199,2005,afternoon rush (15-19),Slight,Daylight,2,Dry,Single carriageway,30.0,Urban,Fine no high winds,2005,1.0,Mid Junction - on roundabout or on main road,Going ahead other,Offside,8821,4763
14202,2005,night (23-5),Slight,Darkness - lights lit,1,Dry,Single carriageway,30.0,Urban,Fine no high winds,2005,2.0,Mid Junction - on roundabout or on main road,Going ahead other,Front,8821,4763
14204,2005,evening (19-23),Slight,Darkness - lights lit,2,Wet or damp,Single carriageway,30.0,Urban,Raining no high winds,2005,3.0,Not at or within 20 metres of junction,Going ahead other,Front,8821,4763
14207,2005,office hours (10-15),Serious,Daylight,1,Dry,Single carriageway,30.0,Urban,Fine no high winds,2005,18.0,Mid Junction - on roundabout or on main road,Turning right,Front,1105,1223
14208,2005,morning rush (5-10),Slight,Daylight,2,Wet or damp,Single carriageway,40.0,Urban,Fine no high winds,2005,11.0,Mid Junction - on roundabout or on main road,Going ahead other,Front,8821,4763
14211,2005,afternoon rush (15-19),Slight,Daylight,1,Dry,Single carriageway,30.0,Urban,Fine no high winds,2005,14.0,Mid Junction - on roundabout or on main road,Turning right,Offside,8821,1223
14215,2005,afternoon rush (15-19),Slight,Darkness - lighting unknown,1,Dry,Single carriageway,30.0,Urban,Fine no high winds,2005,8.0,Cleared junction or waiting/parked at junction exit,Going ahead other,Offside,8821,4763
14216,2005,morning rush (5-10),Slight,Daylight,1,Dry,Single carriageway,30.0,Urban,Fine no high winds,2005,10.0,Not at or within 20 metres of junction,Moving off,Front,8821,251
14217,2005,afternoon rush (15-19),Serious,Darkness - lights lit,1,Dry,Single carriageway,30.0,Urban,Fine no high winds,2005,2.0,Cleared junction or waiting/parked at junction exit,Going ahead other,Front,1105,4763
14220,2005,afternoon rush (15-19),Slight,Daylight,1,Dry,Single carriageway,30.0,Urban,Fine no high winds,2005,8.0,Mid Junction - on roundabout or on main road,Parked,Back,8821,309
14223,2005,afternoon rush (15-19),Slight,Darkness - lights unlit,1,Wet or damp,Single carriageway,30.0,Urban,Raining no high winds,2005,3.0,Approaching junction or waiting/parked at junction approach,Going ahead other,Back,8821,4763
14224,2005,evening (19-23),Slight,Darkness - lights lit,3,Wet or damp,Single carriageway,30.0,Urban,Raining no high winds,2005,1.0,Approaching junction or waiting/parked at junction approach,Waiting to turn right,Offside,8821,195
14225,2005,night (23-5),Slight,Darkness - lights lit,1,Dry,Single carriageway,30.0,Urban,Fine no high winds,2005,4.0,Not at or within 20 metres of junction,Going ahead other,Front,8821,4763
14226,2005,afternoon rush (15-19),Slight,Daylight,2,Dry,Single carriageway,30.0,Urban,Fine no high winds,2005,4.0,Mid Junction - on roundabout or on main road,Going ahead other,Front,8821,4763
14228,2005,morning rush (5-10),Slight,Daylight,1,Dry,Single carriageway,30.0,Urban,Fine no high winds,2005,14.0,Entering main road,Going ahead other,Front,8821,4763
14230,2005,afternoon rush (15-19),Slight,Darkness - lights lit,1,Dry,Single carriageway,30.0,Urban,Fine no high winds,2005,9.0,Approaching junction or waiting/parked at junction approach,Going ahead other,Front,8821,4763
14234,2005,afternoon rush (15-19),Slight,Daylight,1,Wet or damp,Single carriageway,30.0,Urban,Raining no high winds,2005,2.0,Cleared junction or waiting/parked at junction exit,Turning right,Front,8821,1223
14235,2005,evening (19-23),Slight,Darkness - lights lit,2,Dry,Single carriageway,30.0,Urban,Fine no high winds,2005,10.0,Mid Junction - on roundabout or on main road,Turning right,Front,8821,1223
14237,2005,evening (19-23),Slight,Darkness - lights lit,1,Dry,Single carriageway,30.0,Urban,Fine no high winds,2005,4.0,Leaving main road,Waiting to turn right,Front,8821,195
14240,2005,afternoon rush (15-19),Slight,Darkness - lights lit,2,Dry,Slip road,30.0,Urban,Fine no high winds,2005,2.0,Approaching junction or waiting/parked at junction approach,Going ahead other,Front,8821,4763
14243,2005,afternoon rush (15-19),Slight,Daylight,1,Dry,Single carriageway,30.0,Urban,Fine no high winds,2005,13.0,Mid Junction - on roundabout or on main road,Turning right,Offside,8821,1223
14244,2005,office hours (10-15),Slight,Daylight,1,Dry,Single carriageway,30.0,Urban,Fine no high winds,2005,5.0,Mid Junction - on roundabout or on main road,Going ahead other,Front,8821,4763
14245,2005,afternoon rush (15-19),Slight,Darkness - lights lit,1,Dry,Single carriageway,30.0,Urban,Fine no high winds,2005,4.0,Leaving roundabout,Going ahead other,Nearside,8821,4763
14247,2005,evening (19-23),Slight,Darkness - lights lit,1,Wet or damp,Dual carriageway,30.0,Urban,Raining no high winds,2005,7.0,Cleared junction or waiting/parked at junction exit,Parked,Back,8821,309
14248,2005,office hours (10-15),Serious,Daylight,1,Dry,Single carriageway,30.0,Urban,Fine no high winds,2005,5.0,Mid Junction - on roundabout or on main road,Changing lane to left,Nearside,1105,76
14249,2005,morning rush (5-10),Slight,Daylight,1,Wet or damp,Single carriageway,40.0,Rural,Fine no high winds,2005,4.0,Cleared junction or waiting/parked at junction exit,Going ahead other,Nearside,8821,4763
14250,2005,afternoon rush (15-19),Slight,Darkness - lighting unknown,1,Wet or damp,Single carriageway,30.0,Urban,Raining no high winds,2005,2.0,Not at or within 20 metres of junction,Going ahead other,Front,8821,4763
14252,2005,night (23-5),Serious,Darkness - lights lit,1,Wet or damp,Single carriageway,30.0,Urban,Raining no high winds,2005,4.0,Mid Junction - on roundabout or on main road,Turning right,Offside,1105,1223
14253,2005,night (23-5),Slight,Darkness - lights lit,2,Wet or damp,Single carriageway,30.0,Urban,Fine no high winds,2005,8.0,Not at or within 20 metres of junction,Going ahead other,Front,8821,4763
14255,2005,afternoon rush (15-19),Slight,Darkness - lights lit,1,Wet or damp,Single carriageway,30.0,Urban,Fine no high winds,2005,11.0,Not at or within 20 metres of junction,Turning right,Nearside,8821,1223
14256,2005,office hours (10-15),Slight,Daylight,2,Wet or damp,Roundabout,30.0,Urban,Raining no high winds,2005,11.0,Leaving roundabout,Slowing or stopping,Back,8821,752
14258,2005,afternoon rush (15-19),Slight,Darkness - lights lit,1,Dry,Single carriageway,30.0,Urban,Fine no high winds,2005,9.0,Not at or within 20 metres of junction,Going ahead other,Front,8821,4763
14261,2005,morning rush (5-10),Slight,Darkness - lights lit,1,Dry,Single carriageway,30.0,Rural,Fine no high winds,2005,10.0,Not at or within 20 metres of junction,Going ahead other,Offside,8821,4763
14263,2005,office hours (10-15),Slight,Daylight,1,Dry,Single carriageway,30.0,Urban,Fine no high winds,2005,7.0,Approaching junction or waiting/parked at junction approach,Going ahead other,Front,8821,4763
14264,2005,office hours (10-15),Slight,Daylight,1,Dry,Single carriageway,30.0,Urban,Fine no high winds,2005,11.0,Approaching junction or waiting/parked at junction approach,Going ahead other,Offside,8821,4763
14265,2005,office hours (10-15),Slight,Daylight,1,Dry,Single carriageway,30.0,Urban,Fine no high winds,2005,2.0,Mid Junction - on roundabout or on main road,Going ahead other,Front,8821,4763
14268,2005,night (23-5),Slight,Darkness - lights lit,4,Dry,Single carriageway,30.0,Urban,Fine no high winds,2005,11.0,Leaving roundabout,Slowing or stopping,Back,8821,752
14269,2005,afternoon rush (15-19),Slight,Daylight,1,Dry,Single carriageway,30.0,Urban,Fine no high winds,2005,1.0,Mid Junction - on roundabout or on main road,Turning right,Front,8821,1223
14270,2005,night (23-5),Slight,Darkness - lights lit,1,Wet or damp,Single carriageway,30.0,Urban,Raining no high winds,2005,5.0,Not at or within 20 metres of junction,Going ahead other,Front,8821,4763
14271,2005,night (23-5),Slight,Darkness - lights lit,1,Wet or damp,Single carriageway,30.0,Urban,Raining no high winds,2005,4.0,Not at or within 20 metres of junction,Parked,Front,8821,309
14278,2005,morning rush (5-10),Slight,Darkness - lights lit,1,Dry,Single carriageway,30.0,Urban,Fine no high winds,2005,5.0,Not at or within 20 metres of junction,Going ahead other,Offside,8821,4763
14279,2005,evening (19-23),Slight,Darkness - lights lit,1,Dry,Single carriageway,30.0,Urban,Fine no high winds,2005,6.0,Not at or within 20 metres of junction,Going ahead other,Front,8821,4763
14281,2005,evening (19-23),Slight,Darkness - lights lit,1,Dry,Single carriageway,30.0,Urban,Fine no high winds,2005,11.0,Mid Junction - on roundabout or on main road,Parked,Offside,8821,309
14283,2005,afternoon rush (15-19),Slight,Darkness - lights lit,1,Wet or damp,Single carriageway,30.0,Urban,Raining no high winds,2005,3.0,Mid Junction - on roundabout or on main road,Going ahead other,Front,8821,4763
14285,2005,afternoon rush (15-19),Slight,Daylight,1,Dry,Single carriageway,30.0,Urban,Fine no high winds,2005,1.0,Mid Junction - on roundabout or on main road,Going ahead other,Nearside,8821,4763
14287,2005,office hours (10-15),Serious,Daylight,1,Dry,Single carriageway,30.0,Urban,Fine no high winds,2005,1.0,Not at or within 20 metres of junction,Going ahead other,Front,1105,4763
14289,2005,afternoon rush (15-19),Slight,Daylight,1,Dry,One way street,30.0,Urban,Fine no high winds,2005,1.0,Not at or within 20 metres of junction,Going ahead other,Did not impact,8821,4763
14293,2005,afternoon rush (15-19),Slight,Darkness - lights lit,1,Wet or damp,Dual carriageway,30.0,Urban,Raining no high winds,2005,3.0,Not at or within 20 metres of junction,Going ahead other,Front,8821,4763
14295,2005,evening (19-23),Slight,Darkness - lights lit,1,Snow,Single carriageway,30.0,Urban,Snowing no high winds,2005,6.0,Mid Junction - on roundabout or on main road,Going ahead other,Front,8821,4763
14297,2005,morning rush (5-10),Slight,Daylight,1,Frost or ice,Single carriageway,30.0,Urban,Fine no high winds,2005,8.0,Approaching junction or waiting/parked at junction approach,Going ahead other,Front,8821,4763
14302,2005,evening (19-23),Slight,Darkness - lights lit,1,Wet or damp,Single carriageway,30.0,Urban,Raining no high winds,2005,15.0,Mid Junction - on roundabout or on main road,Going ahead other,Front,8821,4763
14303,2005,evening (19-23),Slight,Darkness - lights lit,1,Wet or damp,Single carriageway,30.0,Urban,Raining no high winds,2005,1.0,Mid Junction - on roundabout or on main road,Turning right,Offside,8821,1223
14305,2005,evening (19-23),Slight,Darkness - lights lit,1,Wet or damp,Single carriageway,30.0,Urban,Snowing no high winds,2005,15.0,Mid Junction - on roundabout or on main road,Turning right,Front,8821,1223
14307,2005,afternoon rush (15-19),Slight,Darkness - lights lit,1,Wet or damp,Roundabout,30.0,Urban,Fine no high winds,2005,15.0,Mid Junction - on roundabout or on main road,Going ahead other,Front,8821,4763
14310,2005,morning rush (5-10),Slight,Daylight,1,Dry,Dual carriageway,30.0,Urban,Fine no high winds,2005,3.0,Not at or within 20 metres of junction,Going ahead other,Front,8821,4763
14311,2005,morning rush (5-10),Slight,Daylight,1,Dry,Dual carriageway,30.0,Urban,Fine no high winds,2005,3.0,Not at or within 20 metres of junction,Waiting to go - held up,Back,8821,851
14312,2005,morning rush (5-10),Slight,Daylight,1,Wet or damp,Roundabout,30.0,Urban,Raining no high winds,2005,7.0,Mid Junction - on roundabout or on main road,Going ahead other,Front,8821,4763
14314,2005,evening (19-23),Slight,Darkness - lights lit,1,Wet or damp,Single carriageway,30.0,Urban,Fine no high winds,2005,10.0,Approaching junction or waiting/parked at junction approach,Slowing or stopping,Back,8821,752
14315,2005,afternoon rush (15-19),Slight,Darkness - lights lit,1,Dry,Single carriageway,30.0,Urban,Fine no high winds,2005,7.0,Not at or within 20 metres of junction,Overtaking - nearside,Front,8821,69
14321,2005,office hours (10-15),Slight,Daylight,1,Dry,Single carriageway,30.0,Urban,Fine no high winds,2005,10.0,Mid Junction - on roundabout or on main road,Turning right,Front,8821,1223
14322,2005,evening (19-23),Slight,Darkness - lights lit,2,Dry,Single carriageway,30.0,Urban,Fine no high winds,2005,11.0,Not at or within 20 metres of junction,Going ahead left-hand bend,Front,8821,228
14325,2005,night (23-5),Slight,Darkness - lights lit,4,Wet or damp,Dual carriageway,40.0,Urban,Fine no high winds,2005,10.0,Mid Junction - on roundabout or on main road,Going ahead other,Did not impact,8821,4763
14327,2005,afternoon rush (15-19),Slight,Daylight,2,Dry,One way street,30.0,Urban,Fine no high winds,2005,14.0,Not at or within 20 metres of junction,Going ahead other,Front,8821,4763
14330,2005,night (23-5),Slight,Darkness - lights lit,3,Wet or damp,Single carriageway,30.0,Urban,Fine no high winds,2005,4.0,Mid Junction - on roundabout or on main road,Turning right,Front,8821,1223
14332,2005,evening (19-23),Slight,Darkness - lights lit,2,Dry,Single carriageway,30.0,Urban,Fine no high winds,2005,7.0,Approaching junction or waiting/parked at junction approach,Going ahead other,Front,8821,4763
14335,2005,afternoon rush (15-19),Slight,Daylight,2,Dry,Single carriageway,30.0,Urban,Fine no high winds,2005,7.0,Not at or within 20 metres of junction,Waiting to turn right,Back,8821,195
14336,2005,office hours (10-15),Slight,Daylight,1,Wet or damp,Single carriageway,30.0,Urban,Fine no high winds,2005,5.0,Mid Junction - on roundabout or on main road,Going ahead other,Front,8821,4763
14337,2005,afternoon rush (15-19),Slight,Daylight,2,Dry,Single carriageway,30.0,Urban,Fine no high winds,2005,2.0,Not at or within 20 metres of junction,Waiting to go - held up,Back,8821,851
14338,2005,afternoon rush (15-19),Slight,Daylight,2,Dry,Single carriageway,30.0,Urban,Fine no high winds,2005,3.0,Not at or within 20 metres of junction,Waiting to go - held up,Back,8821,851
14340,2005,afternoon rush (15-19),Slight,Daylight,1,Dry,Single carriageway,30.0,Urban,Fine no high winds,2005,3.0,Mid Junction - on roundabout or on main road,Turning right,Front,8821,1223
14343,2005,office hours (10-15),Slight,Daylight,1,Dry,Single carriageway,30.0,Urban,Fine no high winds,2005,2.0,Mid Junction - on roundabout or on main road,Going ahead other,Front,8821,4763
14344,2005,night (23-5),Slight,Darkness - lights lit,1,Dry,Roundabout,30.0,Urban,Fine no high winds,2005,10.0,Mid Junction - on roundabout or on main road,Going ahead other,Nearside,8821,4763
14348,2005,night (23-5),Slight,Darkness - lights lit,2,Dry,Single carriageway,30.0,Urban,Fine no high winds,2005,3.0,Approaching junction or waiting/parked at junction approach,Going ahead other,Nearside,8821,4763
14351,2005,evening (19-23),Slight,Darkness - lights lit,1,Dry,Single carriageway,30.0,Urban,Fine no high winds,2005,11.0,Not at or within 20 metres of junction,Going ahead other,Front,8821,4763
14353,2005,evening (19-23),Slight,Darkness - lights lit,1,Wet or damp,Single carriageway,30.0,Urban,Raining no high winds,2005,2.0,Mid Junction - on roundabout or on main road,Turning right,Front,8821,1223