Crash_Ref_Number,Crash_Year,Daytime,Accident_Severity,Light_Conditions,Number_of_Casualties,Road_Surface_Conditions,Road_Type,Speed_limit,Urban_or_Rural_Area,Weather_Conditions,Crash_Year,Age_of_Vehicle,Junction_Location,Vehicle_Manoeuvre,First_Point_of_Impact,count1,count
16170,2005,morning rush (5-10),Slight,Daylight,2,Dry,Roundabout,30.0,Rural,Fine no high winds,2005,8.0,Leaving roundabout,Turning right,Offside,8821,1223
16172,2005,office hours (10-15),Slight,Daylight,1,Wet or damp,Single carriageway,60.0,Urban,Fine no high winds,2005,7.0,Not at or within 20 metres of junction,Going ahead other,Front,8821,4763
16174,2005,afternoon rush (15-19),Slight,Darkness - lights lit,1,Wet or damp,Roundabout,30.0,Rural,Fine no high winds,2005,1.0,Leaving roundabout,Turning right,Back,8821,1223
16176,2005,evening (19-23),Slight,Darkness - no lighting,1,Wet or damp,Single carriageway,60.0,Rural,Fine no high winds,2005,5.0,Not at or within 20 metres of junction,Going ahead left-hand bend,Front,8821,228
16183,2005,office hours (10-15),Slight,Daylight,3,Dry,Single carriageway,30.0,Rural,Fine no high winds,2005,6.0,Mid Junction - on roundabout or on main road,Going ahead other,Front,8821,4763
16184,2005,afternoon rush (15-19),Slight,Daylight,2,Wet or damp,Single carriageway,30.0,Urban,Raining no high winds,2005,11.0,Approaching junction or waiting/parked at junction approach,Waiting to go - held up,Front,8821,851
16187,2005,office hours (10-15),Slight,Daylight,1,Wet or damp,Single carriageway,30.0,Urban,Raining no high winds,2005,8.0,Cleared junction or waiting/parked at junction exit,Slowing or stopping,Front,8821,752
16188,2005,afternoon rush (15-19),Slight,Daylight,1,Dry,Single carriageway,30.0,Urban,Fine no high winds,2005,1.0,Not at or within 20 metres of junction,Going ahead other,Front,8821,4763
16328,2005,afternoon rush (15-19),Slight,Daylight,2,Dry,Roundabout,50.0,Rural,Fine no high winds,2005,6.0,Approaching junction or waiting/parked at junction approach,Waiting to go - held up,Back,8821,851
16330,2005,evening (19-23),Serious,Daylight,1,Dry,Dual carriageway,50.0,Rural,Fine no high winds,2005,7.0,Approaching junction or waiting/parked at junction approach,Going ahead other,Offside,1105,4763
16331,2005,afternoon rush (15-19),Serious,Daylight,1,Dry,Single carriageway,40.0,Urban,Fine no high winds,2005,2.0,Not at or within 20 metres of junction,Going ahead other,Offside,1105,4763
16334,2005,office hours (10-15),Serious,Daylight,2,Dry,Single carriageway,50.0,Rural,Fine no high winds,2005,4.0,Mid Junction - on roundabout or on main road,Going ahead right-hand bend,Front,1105,242
16335,2005,afternoon rush (15-19),Slight,Daylight,3,Dry,Single carriageway,30.0,Urban,Fine no high winds,2005,3.0,Not at or within 20 metres of junction,Going ahead other,Front,8821,4763
16336,2005,afternoon rush (15-19),Slight,Daylight,1,Dry,Single carriageway,30.0,Urban,Fine no high winds,2005,8.0,Mid Junction - on roundabout or on main road,Going ahead other,Front,8821,4763
16338,2005,afternoon rush (15-19),Slight,Daylight,3,Dry,Single carriageway,30.0,Urban,Fine no high winds,2005,7.0,Mid Junction - on roundabout or on main road,Waiting to go - held up,Back,8821,851
16339,2005,afternoon rush (15-19),Slight,Daylight,3,Dry,Single carriageway,50.0,Rural,Fine no high winds,2005,17.0,Not at or within 20 metres of junction,Slowing or stopping,Back,8821,752
16340,2005,afternoon rush (15-19),Slight,Daylight,1,Wet or damp,Single carriageway,30.0,Urban,Raining no high winds,2005,3.0,Mid Junction - on roundabout or on main road,Going ahead other,Nearside,8821,4763
16341,2005,afternoon rush (15-19),Slight,Daylight,2,Dry,Single carriageway,30.0,Urban,Fine no high winds,2005,3.0,Not at or within 20 metres of junction,Going ahead other,Front,8821,4763
16342,2005,afternoon rush (15-19),Slight,Daylight,2,Dry,Single carriageway,30.0,Urban,Fine no high winds,2005,1.0,Not at or within 20 metres of junction,Waiting to go - held up,Back,8821,851
16344,2005,morning rush (5-10),Slight,Daylight,1,Wet or damp,Single carriageway,30.0,Urban,Raining no high winds,2005,2.0,Entering main road,Turning right,Front,8821,1223
16346,2005,night (23-5),Slight,Darkness - lights lit,1,Dry,Single carriageway,30.0,Urban,Fine no high winds,2005,6.0,Approaching junction or waiting/parked at junction approach,Slowing or stopping,Did not impact,8821,752
16347,2005,evening (19-23),Serious,Daylight,2,Dry,Single carriageway,30.0,Urban,Fine no high winds,2005,6.0,Not at or within 20 metres of junction,Going ahead other,Offside,1105,4763
16348,2005,evening (19-23),Slight,Daylight,3,Dry,Single carriageway,30.0,Urban,Fine no high winds,2005,1.0,Approaching junction or waiting/parked at junction approach,Going ahead other,Nearside,8821,4763
16349,2005,afternoon rush (15-19),Serious,Daylight,1,Dry,Single carriageway,30.0,Urban,Fine no high winds,2005,4.0,Approaching junction or waiting/parked at junction approach,Turning left,Nearside,1105,324
16350,2005,afternoon rush (15-19),Slight,Daylight,1,Dry,Single carriageway,30.0,Urban,Fine no high winds,2005,5.0,Not at or within 20 metres of junction,Waiting to turn right,Nearside,8821,195
16351,2005,morning rush (5-10),Fatal,Daylight,1,Dry,Dual carriageway,50.0,Rural,Fine no high winds,2005,4.0,Entering from slip road,Going ahead left-hand bend,Nearside,73,228
16355,2005,office hours (10-15),Slight,Daylight,2,Wet or damp,Single carriageway,30.0,Urban,Fine no high winds,2005,11.0,Not at or within 20 metres of junction,Going ahead other,Nearside,8821,4763
16357,2005,office hours (10-15),Slight,Daylight,1,Dry,Roundabout,50.0,Rural,Fine no high winds,2005,2.0,Entering roundabout,Waiting to go - held up,Did not impact,8821,851
16358,2005,office hours (10-15),Slight,Daylight,1,Wet or damp,Dual carriageway,40.0,Rural,Raining no high winds,2005,8.0,Mid Junction - on roundabout or on main road,Overtaking moving vehicle - offside,Back,8821,171
16359,2005,morning rush (5-10),Slight,Daylight,1,Dry,Single carriageway,60.0,Rural,Fine no high winds,2005,16.0,Not at or within 20 metres of junction,Going ahead other,Front,8821,4763
16360,2005,evening (19-23),Slight,Daylight,1,Dry,Single carriageway,30.0,Urban,Fine no high winds,2005,3.0,Not at or within 20 metres of junction,Parked,Back,8821,309
16363,2005,morning rush (5-10),Slight,Daylight,1,Dry,Single carriageway,40.0,Rural,Fine no high winds,2005,3.0,Not at or within 20 metres of junction,Going ahead other,Front,8821,4763
16364,2005,morning rush (5-10),Slight,Daylight,1,Dry,Single carriageway,40.0,Rural,Fine no high winds,2005,10.0,Not at or within 20 metres of junction,Waiting to go - held up,Back,8821,851
16366,2005,morning rush (5-10),Slight,Daylight,1,Dry,Dual carriageway,50.0,Rural,Fine no high winds,2005,2.0,Approaching junction or waiting/parked at junction approach,Going ahead other,Did not impact,8821,4763
16367,2005,office hours (10-15),Slight,Daylight,1,Wet or damp,Single carriageway,30.0,Urban,Raining no high winds,2005,1.0,Approaching junction or waiting/parked at junction approach,Turning left,Nearside,8821,324
16369,2005,morning rush (5-10),Slight,Daylight,1,Wet or damp,Single carriageway,30.0,Urban,Raining + high winds,2005,3.0,Approaching junction or waiting/parked at junction approach,Turning right,Front,8821,1223
16370,2005,afternoon rush (15-19),Slight,Daylight,1,Dry,Single carriageway,30.0,Urban,Fine no high winds,2005,11.0,Mid Junction - on roundabout or on main road,Waiting to turn right,Did not impact,8821,195
16371,2005,night (23-5),Slight,Darkness - lights lit,2,Wet or damp,Single carriageway,30.0,Urban,Raining no high winds,2005,9.0,Not at or within 20 metres of junction,Parked,Front,8821,309
16372,2005,afternoon rush (15-19),Slight,Daylight,2,Dry,Single carriageway,40.0,Urban,Fine no high winds,2005,4.0,Leaving main road,Turning right,Nearside,8821,1223
16375,2005,afternoon rush (15-19),Slight,Daylight,1,Dry,Dual carriageway,50.0,Urban,Fine no high winds,2005,4.0,Approaching junction or waiting/parked at junction approach,Waiting to go - held up,Did not impact,8821,851
16376,2005,office hours (10-15),Slight,Daylight,2,Dry,Single carriageway,30.0,Rural,Fine no high winds,2005,1.0,Not at or within 20 metres of junction,Going ahead other,Front,8821,4763
16379,2005,morning rush (5-10),Slight,Daylight,1,Dry,Roundabout,50.0,Rural,Fine no high winds,2005,4.0,Entering roundabout,Waiting to go - held up,Back,8821,851
16382,2005,evening (19-23),Serious,Darkness - lights lit,1,Wet or damp,Single carriageway,30.0,Urban,Raining no high winds,2005,1.0,Not at or within 20 metres of junction,Going ahead other,Nearside,1105,4763
16385,2005,morning rush (5-10),Slight,Daylight,1,Dry,Single carriageway,30.0,Urban,Fine no high winds,2005,14.0,Not at or within 20 metres of junction,Parked,Front,8821,309
16387,2005,morning rush (5-10),Serious,Daylight,2,Dry,Single carriageway,50.0,Rural,Fine no high winds,2005,16.0,Not at or within 20 metres of junction,Going ahead other,Front,1105,4763
16388,2005,morning rush (5-10),Serious,Darkness - lights lit,1,Wet or damp,Single carriageway,30.0,Urban,Raining no high winds,2005,9.0,Not at or within 20 metres of junction,Parked,Offside,1105,309
16389,2005,night (23-5),Serious,Darkness - lights lit,3,Wet or damp,Single carriageway,30.0,Urban,Raining no high winds,2005,7.0,Mid Junction - on roundabout or on main road,Going ahead left-hand bend,Front,1105,228
16393,2005,office hours (10-15),Slight,Daylight,1,Dry,Roundabout,70.0,Rural,Fine no high winds,2005,10.0,Entering roundabout,Going ahead other,Back,8821,4763
16394,2005,afternoon rush (15-19),Slight,Daylight,1,Dry,Single carriageway,30.0,Urban,Fine no high winds,2005,5.0,Not at or within 20 metres of junction,Going ahead other,Nearside,8821,4763
16395,2005,afternoon rush (15-19),Slight,Daylight,1,Dry,Single carriageway,30.0,Urban,Fine no high winds,2005,1.0,Not at or within 20 metres of junction,Parked,Offside,8821,309
16396,2005,evening (19-23),Slight,Darkness - lights lit,7,Dry,Dual carriageway,50.0,Rural,Fine no high winds,2005,8.0,Mid Junction - on roundabout or on main road,U-turn,Offside,8821,146
16397,2005,office hours (10-15),Slight,Daylight,1,Dry,Single carriageway,30.0,Rural,Fine no high winds,2005,2.0,Not at or within 20 metres of junction,Parked,Front,8821,309
16398,2005,office hours (10-15),Slight,Daylight,2,Wet or damp,Single carriageway,30.0,Urban,Raining no high winds,2005,3.0,Approaching junction or waiting/parked at junction approach,Waiting to turn right,Front,8821,195
16399,2005,morning rush (5-10),Slight,Daylight,2,Wet or damp,Single carriageway,60.0,Rural,Fine no high winds,2005,6.0,Cleared junction or waiting/parked at junction exit,Going ahead other,Nearside,8821,4763
16400,2005,evening (19-23),Slight,Darkness - lights lit,2,Flood over 3cm. deep,Dual carriageway,50.0,Rural,Raining + high winds,2005,7.0,Cleared junction or waiting/parked at junction exit,Turning left,Offside,8821,324
16401,2005,morning rush (5-10),Slight,Daylight,2,Dry,Single carriageway,30.0,Urban,Fine no high winds,2005,5.0,Approaching junction or waiting/parked at junction approach,Going ahead other,Front,8821,4763
16402,2005,afternoon rush (15-19),Slight,Darkness - lights lit,1,Dry,Single carriageway,30.0,Urban,Fine no high winds,2005,2.0,Approaching junction or waiting/parked at junction approach,Parked,Nearside,8821,309
16403,2005,morning rush (5-10),Slight,Daylight,1,Wet or damp,Single carriageway,30.0,Urban,Fine no high winds,2005,1.0,Approaching junction or waiting/parked at junction approach,Slowing or stopping,Front,8821,752
16404,2005,morning rush (5-10),Slight,Daylight,1,Wet or damp,Single carriageway,30.0,Urban,Fine no high winds,2005,12.0,Approaching junction or waiting/parked at junction approach,Waiting to go - held up,Back,8821,851
16405,2005,evening (19-23),Serious,Darkness - lights lit,3,Wet or damp,Single carriageway,30.0,Rural,Raining + high winds,2005,1.0,Not at or within 20 metres of junction,Going ahead other,Front,1105,4763
16406,2005,afternoon rush (15-19),Slight,Darkness - lights lit,1,Wet or damp,Single carriageway,30.0,Urban,Fine no high winds,2005,2.0,Cleared junction or waiting/parked at junction exit,Reversing,Back,8821,108
16407,2005,afternoon rush (15-19),Slight,Daylight,1,Dry,Single carriageway,60.0,Rural,Fine no high winds,2005,10.0,Entering main road,Turning right,Front,8821,1223
16408,2005,morning rush (5-10),Slight,Daylight,1,Dry,Dual carriageway,40.0,Rural,Fine no high winds,2005,10.0,Approaching junction or waiting/parked at junction approach,Waiting to go - held up,Back,8821,851
16411,2005,afternoon rush (15-19),Slight,Darkness - lights lit,1,Wet or damp,Single carriageway,30.0,Urban,Fine + high winds,2005,3.0,Not at or within 20 metres of junction,Going ahead other,Front,8821,4763
16413,2005,evening (19-23),Slight,Darkness - lights lit,1,Wet or damp,Single carriageway,40.0,Urban,Raining no high winds,2005,7.0,Not at or within 20 metres of junction,Turning left,Back,8821,324
16416,2005,office hours (10-15),Serious,Daylight,2,Dry,Single carriageway,60.0,Rural,Fine no high winds,2005,1.0,Not at or within 20 metres of junction,Going ahead other,Front,1105,4763
16420,2005,afternoon rush (15-19),Slight,Darkness - no lighting,2,Wet or damp,Single carriageway,60.0,Rural,Fine no high winds,2005,7.0,Not at or within 20 metres of junction,Going ahead left-hand bend,Front,8821,228
16422,2005,office hours (10-15),Serious,Daylight,3,Wet or damp,Single carriageway,60.0,Rural,Fine no high winds,2005,7.0,Not at or within 20 metres of junction,Going ahead left-hand bend,Nearside,1105,228
16423,2005,afternoon rush (15-19),Serious,Darkness - lights lit,2,Wet or damp,Single carriageway,40.0,Urban,Raining no high winds,2005,13.0,Mid Junction - on roundabout or on main road,Going ahead right-hand bend,Front,1105,242
16424,2005,morning rush (5-10),Slight,Daylight,1,Wet or damp,Single carriageway,30.0,Urban,Fine no high winds,2005,12.0,Mid Junction - on roundabout or on main road,Going ahead other,Front,8821,4763
16425,2005,night (23-5),Slight,Darkness - lights lit,1,Wet or damp,Single carriageway,30.0,Urban,Raining no high winds,2005,8.0,Not at or within 20 metres of junction,Going ahead left-hand bend,Front,8821,228
16426,2005,evening (19-23),Slight,Darkness - lights lit,1,Dry,Single carriageway,30.0,Urban,Fine no high winds,2005,17.0,Not at or within 20 metres of junction,Parked,Back,8821,309
16427,2005,evening (19-23),Slight,Darkness - lights lit,1,Dry,Single carriageway,30.0,Urban,Fine no high winds,2005,14.0,Not at or within 20 metres of junction,Parked,Back,8821,309
16428,2005,office hours (10-15),Slight,Daylight,2,Wet or damp,Single carriageway,50.0,Urban,Fine no high winds,2005,5.0,Not at or within 20 metres of junction,Going ahead other,Offside,8821,4763
16429,2005,night (23-5),Slight,Darkness - lights lit,1,Dry,Single carriageway,40.0,Rural,Fine no high winds,2005,9.0,Not at or within 20 metres of junction,Going ahead other,Front,8821,4763
16430,2005,evening (19-23),Slight,Darkness - no lighting,2,Wet or damp,Single carriageway,60.0,Rural,Fine no high winds,2005,9.0,Not at or within 20 metres of junction,Going ahead right-hand bend,Front,8821,242
16431,2005,morning rush (5-10),Slight,Daylight,1,Wet or damp,Single carriageway,50.0,Rural,Fine no high winds,2005,2.0,Not at or within 20 metres of junction,Slowing or stopping,Back,8821,752
16432,2005,office hours (10-15),Slight,Daylight,2,Dry,Single carriageway,40.0,Rural,Fine no high winds,2005,5.0,Not at or within 20 metres of junction,Going ahead other,Back,8821,4763
16433,2005,afternoon rush (15-19),Slight,Darkness - lights lit,1,Wet or damp,Single carriageway,30.0,Urban,Raining no high winds,2005,2.0,Approaching junction or waiting/parked at junction approach,Going ahead other,Offside,8821,4763
16435,2005,office hours (10-15),Serious,Daylight,2,Dry,Dual carriageway,30.0,Urban,Fine no high winds,2005,1.0,Mid Junction - on roundabout or on main road,Going ahead other,Front,1105,4763
16436,2005,office hours (10-15),Serious,Daylight,2,Dry,Dual carriageway,30.0,Urban,Fine no high winds,2005,7.0,Mid Junction - on roundabout or on main road,Going ahead other,Front,1105,4763
16439,2005,afternoon rush (15-19),Slight,Daylight,3,Wet or damp,Single carriageway,30.0,Urban,Raining no high winds,2005,8.0,Mid Junction - on roundabout or on main road,Going ahead other,Nearside,8821,4763
16440,2005,office hours (10-15),Serious,Daylight,1,Dry,Single carriageway,30.0,Urban,Fine no high winds,2005,12.0,Not at or within 20 metres of junction,Going ahead other,Front,1105,4763
16441,2005,morning rush (5-10),Serious,Daylight,2,Dry,Single carriageway,30.0,Urban,Fine no high winds,2005,3.0,Leaving main road,Turning right,Offside,1105,1223
16442,2005,morning rush (5-10),Slight,Daylight,2,Dry,Single carriageway,30.0,Urban,Fine no high winds,2005,9.0,Approaching junction or waiting/parked at junction approach,Slowing or stopping,Front,8821,752
16443,2005,afternoon rush (15-19),Slight,Daylight,2,Dry,Single carriageway,30.0,Urban,Fine no high winds,2005,5.0,Not at or within 20 metres of junction,Turning left,Front,8821,324
16445,2005,office hours (10-15),Slight,Daylight,1,Dry,Single carriageway,30.0,Urban,Fine no high winds,2005,9.0,Cleared junction or waiting/parked at junction exit,Going ahead other,Front,8821,4763
16446,2005,office hours (10-15),Slight,Daylight,1,Dry,Single carriageway,30.0,Urban,Fine no high winds,2005,3.0,Cleared junction or waiting/parked at junction exit,Going ahead other,Front,8821,4763
16449,2005,afternoon rush (15-19),Slight,Daylight,1,Dry,Single carriageway,30.0,Urban,Fine no high winds,2005,4.0,Approaching junction or waiting/parked at junction approach,Going ahead other,Front,8821,4763
16451,2005,afternoon rush (15-19),Slight,Daylight,1,Dry,Slip road,30.0,Urban,Fine no high winds,2005,3.0,Approaching junction or waiting/parked at junction approach,Going ahead other,Front,8821,4763
16453,2005,afternoon rush (15-19),Slight,Daylight,1,Dry,Dual carriageway,40.0,Rural,Fine no high winds,2005,10.0,Not at or within 20 metres of junction,Waiting to go - held up,Back,8821,851
16454,2005,afternoon rush (15-19),Slight,Daylight,1,Dry,Single carriageway,30.0,Urban,Fine no high winds,2005,3.0,Mid Junction - on roundabout or on main road,Turning right,Offside,8821,1223
16456,2005,afternoon rush (15-19),Slight,Daylight,1,Dry,Single carriageway,60.0,Urban,Fine no high winds,2005,1.0,Leaving main road,Turning right,Offside,8821,1223
16460,2005,evening (19-23),Slight,Daylight,1,Dry,Single carriageway,30.0,Urban,Fine no high winds,2005,1.0,Mid Junction - on roundabout or on main road,Going ahead other,Offside,8821,4763
16463,2005,afternoon rush (15-19),Serious,Daylight,1,Dry,Single carriageway,30.0,Urban,Fine no high winds,2005,7.0,Not at or within 20 metres of junction,Going ahead other,Front,1105,4763
16464,2005,office hours (10-15),Slight,Daylight,3,Dry,Single carriageway,30.0,Urban,Fine no high winds,2005,15.0,Not at or within 20 metres of junction,Going ahead other,Offside,8821,4763
16465,2005,afternoon rush (15-19),Slight,Daylight,1,Wet or damp,Single carriageway,40.0,Urban,Raining no high winds,2005,5.0,Cleared junction or waiting/parked at junction exit,Going ahead right-hand bend,Nearside,8821,242
16470,2005,evening (19-23),Slight,Darkness - lights lit,8,Wet or damp,Single carriageway,30.0,Urban,Raining no high winds,2005,7.0,Mid Junction - on roundabout or on main road,Turning right,Nearside,8821,1223
16471,2005,morning rush (5-10),Serious,Daylight,2,Dry,Single carriageway,40.0,Urban,Fine no high winds,2005,7.0,Not at or within 20 metres of junction,Going ahead other,Front,1105,4763
16472,2005,morning rush (5-10),Serious,Daylight,2,Dry,Single carriageway,40.0,Urban,Fine no high winds,2005,5.0,Not at or within 20 metres of junction,Going ahead other,Back,1105,4763
16473,2005,afternoon rush (15-19),Slight,Darkness - lights lit,4,Dry,Single carriageway,30.0,Urban,Fine no high winds,2005,3.0,Approaching junction or waiting/parked at junction approach,Waiting to go - held up,Back,8821,851
16474,2005,afternoon rush (15-19),Slight,Darkness - lights lit,4,Dry,Single carriageway,30.0,Urban,Fine no high winds,2005,1.0,Approaching junction or waiting/parked at junction approach,Waiting to go - held up,Back,8821,851
16475,2005,afternoon rush (15-19),Slight,Darkness - lights lit,4,Dry,Single carriageway,30.0,Urban,Fine no high winds,2005,7.0,Approaching junction or waiting/parked at junction approach,Going ahead other,Front,8821,4763
16476,2005,morning rush (5-10),Slight,Daylight,1,Dry,Single carriageway,30.0,Urban,Fine no high winds,2005,3.0,Cleared junction or waiting/parked at junction exit,Going ahead other,Front,8821,4763
16477,2005,morning rush (5-10),Slight,Daylight,1,Dry,Single carriageway,30.0,Urban,Fine no high winds,2005,2.0,Cleared junction or waiting/parked at junction exit,Parked,Back,8821,309
16479,2005,afternoon rush (15-19),Slight,Darkness - lights lit,2,Wet or damp,Single carriageway,30.0,Urban,Raining no high winds,2005,1.0,Not at or within 20 metres of junction,Slowing or stopping,Front,8821,752
16481,2005,afternoon rush (15-19),Slight,Daylight,1,Dry,Single carriageway,30.0,Urban,Fine no high winds,2005,5.0,Not at or within 20 metres of junction,Waiting to go - held up,Did not impact,8821,851
16483,2005,office hours (10-15),Serious,Daylight,2,Wet or damp,Single carriageway,30.0,Urban,Raining no high winds,2005,2.0,Mid Junction - on roundabout or on main road,Going ahead other,Front,1105,4763
16486,2005,night (23-5),Slight,Darkness - lights lit,4,Dry,Roundabout,30.0,Urban,Fine no high winds,2005,4.0,Entering roundabout,Going ahead other,Nearside,8821,4763
16487,2005,afternoon rush (15-19),Slight,Darkness - lights lit,1,Dry,Single carriageway,30.0,Urban,Fine no high winds,2005,11.0,Mid Junction - on roundabout or on main road,Moving off,Did not impact,8821,251
16488,2005,afternoon rush (15-19),Slight,Daylight,4,Wet or damp,Single carriageway,30.0,Urban,Fine + high winds,2005,9.0,Approaching junction or waiting/parked at junction approach,Slowing or stopping,Front,8821,752
16490,2005,office hours (10-15),Slight,Daylight,1,Wet or damp,Single carriageway,30.0,Urban,Raining no high winds,2005,4.0,Approaching junction or waiting/parked at junction approach,Overtaking moving vehicle - offside,Back,8821,171
16491,2005,afternoon rush (15-19),Slight,Darkness - lights lit,1,Wet or damp,Single carriageway,30.0,Urban,Raining no high winds,2005,12.0,Not at or within 20 metres of junction,Going ahead other,Front,8821,4763
16492,2005,office hours (10-15),Slight,Daylight,1,Wet or damp,Dual carriageway,30.0,Urban,Fine no high winds,2005,3.0,Not at or within 20 metres of junction,Changing lane to left,Nearside,8821,76
16493,2005,office hours (10-15),Slight,Daylight,1,Wet or damp,Dual carriageway,30.0,Urban,Fine no high winds,2005,2.0,Not at or within 20 metres of junction,Going ahead other,Offside,8821,4763
16494,2005,night (23-5),Slight,Darkness - lights lit,3,Dry,Single carriageway,30.0,Urban,Fine no high winds,2005,5.0,Approaching junction or waiting/parked at junction approach,Waiting to turn right,Back,8821,195
16496,2005,morning rush (5-10),Slight,Daylight,1,Wet or damp,Single carriageway,30.0,Urban,Fine no high winds,2005,8.0,Approaching junction or waiting/parked at junction approach,Waiting to turn left,Back,8821,57
16498,2005,evening (19-23),Slight,Daylight,1,Dry,Single carriageway,30.0,Urban,Fine no high winds,2005,10.0,Not at or within 20 metres of junction,Overtaking static vehicle - offside,Front,8821,147
16500,2005,office hours (10-15),Slight,Daylight,1,Wet or damp,Single carriageway,30.0,Urban,Fine no high winds,2005,6.0,Not at or within 20 metres of junction,Going ahead other,Front,8821,4763
16501,2005,office hours (10-15),Slight,Daylight,1,Wet or damp,Single carriageway,30.0,Urban,Fine no high winds,2005,2.0,Entering main road,Turning right,Front,8821,1223
16506,2005,office hours (10-15),Slight,Daylight,2,Dry,Single carriageway,30.0,Urban,Fine no high winds,2005,3.0,Entering main road,Turning right,Did not impact,8821,1223
16507,2005,office hours (10-15),Slight,Daylight,2,Dry,Single carriageway,30.0,Urban,Fine no high winds,2005,14.0,Approaching junction or waiting/parked at junction approach,Parked,Front,8821,309
16508,2005,office hours (10-15),Slight,Daylight,2,Dry,Single carriageway,30.0,Urban,Fine no high winds,2005,21.0,Cleared junction or waiting/parked at junction exit,Parked,Front,8821,309
16510,2005,afternoon rush (15-19),Slight,Daylight,1,Dry,Single carriageway,30.0,Urban,Fine no high winds,2005,8.0,Cleared junction or waiting/parked at junction exit,Waiting to go - held up,Front,8821,851
16513,2005,afternoon rush (15-19),Slight,Daylight,2,Dry,Single carriageway,30.0,Urban,Fine no high winds,2005,1.0,Not at or within 20 metres of junction,Waiting to go - held up,Nearside,8821,851
16514,2005,evening (19-23),Slight,Daylight,2,Wet or damp,Single carriageway,30.0,Urban,Raining no high winds,2005,15.0,Approaching junction or waiting/parked at junction approach,Going ahead other,Front,8821,4763
16515,2005,office hours (10-15),Slight,Daylight,1,Dry,Roundabout,30.0,Urban,Fine no high winds,2005,11.0,Entering roundabout,Going ahead other,Front,8821,4763
16516,2005,morning rush (5-10),Slight,Daylight,1,Dry,Single carriageway,30.0,Urban,Fine no high winds,2005,4.0,Cleared junction or waiting/parked at junction exit,Turning left,Front,8821,324
16517,2005,evening (19-23),Slight,Daylight,1,Dry,One way street,30.0,Urban,Fine no high winds,2005,3.0,Approaching junction or waiting/parked at junction approach,Going ahead other,Nearside,8821,4763
16523,2005,afternoon rush (15-19),Serious,Daylight,1,Dry,Single carriageway,30.0,Urban,Fine no high winds,2005,6.0,Not at or within 20 metres of junction,Overtaking - nearside,Offside,1105,69
16524,2005,morning rush (5-10),Serious,Daylight,1,Dry,Single carriageway,30.0,Urban,Fine no high winds,2005,1.0,Cleared junction or waiting/parked at junction exit,Going ahead other,Front,1105,4763
16525,2005,evening (19-23),Serious,Daylight,1,Wet or damp,Single carriageway,30.0,Urban,Fine no high winds,2005,3.0,Mid Junction - on roundabout or on main road,Going ahead other,Nearside,1105,4763
16527,2005,office hours (10-15),Slight,Daylight,1,Dry,Single carriageway,30.0,Urban,Fine + high winds,2005,14.0,Not at or within 20 metres of junction,Going ahead other,Front,8821,4763
16528,2005,morning rush (5-10),Slight,Daylight,1,Dry,Single carriageway,30.0,Urban,Fine no high winds,2005,8.0,Approaching junction or waiting/parked at junction approach,Slowing or stopping,Back,8821,752
16529,2005,afternoon rush (15-19),Slight,Darkness - lights lit,1,Dry,Single carriageway,30.0,Urban,Fine no high winds,2005,5.0,Leaving main road,Waiting to turn right,Back,8821,195
16530,2005,afternoon rush (15-19),Slight,Darkness - lights lit,1,Dry,Roundabout,30.0,Urban,Fine no high winds,2005,1.0,Leaving roundabout,Changing lane to left,Back,8821,76
16531,2005,evening (19-23),Slight,Darkness - lights lit,4,Wet or damp,Single carriageway,50.0,Urban,Fine no high winds,2005,9.0,Not at or within 20 metres of junction,Overtaking moving vehicle - offside,Offside,8821,171
16532,2005,evening (19-23),Slight,Darkness - lights lit,4,Wet or damp,Single carriageway,50.0,Urban,Fine no high winds,2005,1.0,Not at or within 20 metres of junction,Going ahead other,Offside,8821,4763
16533,2005,office hours (10-15),Slight,Daylight,2,Dry,Single carriageway,30.0,Urban,Fine no high winds,2005,5.0,Mid Junction - on roundabout or on main road,Going ahead other,Front,8821,4763
16534,2005,office hours (10-15),Slight,Daylight,1,Dry,Single carriageway,30.0,Urban,Fine no high winds,2005,5.0,Not at or within 20 metres of junction,Going ahead other,Offside,8821,4763
16535,2005,office hours (10-15),Slight,Daylight,1,Dry,Roundabout,30.0,Urban,Fine no high winds,2005,11.0,Entering roundabout,Turning right,Front,8821,1223
16536,2005,afternoon rush (15-19),Slight,Darkness - lights lit,1,Dry,Single carriageway,30.0,Urban,Fine no high winds,2005,13.0,Approaching junction or waiting/parked at junction approach,Going ahead other,Nearside,8821,4763
16538,2005,office hours (10-15),Slight,Daylight,2,Dry,Single carriageway,30.0,Urban,Fine no high winds,2005,6.0,Not at or within 20 metres of junction,Slowing or stopping,Back,8821,752
16539,2005,night (23-5),Slight,Darkness - lights lit,1,Wet or damp,Roundabout,30.0,Urban,Raining no high winds,2005,12.0,Entering roundabout,Moving off,Offside,8821,251
16540,2005,night (23-5),Slight,Darkness - lights lit,1,Wet or damp,Roundabout,30.0,Urban,Raining no high winds,2005,7.0,Entering roundabout,Going ahead other,Front,8821,4763
16546,2005,office hours (10-15),Slight,Daylight,2,Dry,Single carriageway,30.0,Urban,Fine no high winds,2005,13.0,Cleared junction or waiting/parked at junction exit,Going ahead other,Front,8821,4763