Crash_Ref_Number,Crash_Year,Daytime,Accident_Severity,Light_Conditions,Number_of_Casualties,Road_Surface_Conditions,Road_Type,Speed_limit,Urban_or_Rural_Area,Weather_Conditions,Crash_Year,Age_of_Vehicle,Junction_Location,Vehicle_Manoeuvre,First_Point_of_Impact,count1,count
16547,2005,office hours (10-15),Slight,Daylight,2,Dry,Single carriageway,30.0,Urban,Fine no high winds,2005,8.0,Cleared junction or waiting/parked at junction exit,Parked,Front,8821,309
16549,2005,evening (19-23),Slight,Daylight,2,Dry,Single carriageway,30.0,Urban,Fine no high winds,2005,5.0,Approaching junction or waiting/parked at junction approach,Going ahead other,Front,8821,4763
16551,2005,evening (19-23),Serious,Daylight,1,Dry,Dual carriageway,30.0,Urban,Fine no high winds,2005,1.0,Approaching junction or waiting/parked at junction approach,Slowing or stopping,Front,1105,752
16553,2005,afternoon rush (15-19),Serious,Daylight,1,Dry,Single carriageway,30.0,Rural,Fine no high winds,2005,7.0,Approaching junction or waiting/parked at junction approach,Going ahead other,Nearside,1105,4763
16554,2005,evening (19-23),Slight,Darkness - lights lit,1,Dry,Single carriageway,30.0,Urban,Fine no high winds,2005,2.0,Mid Junction - on roundabout or on main road,Turning right,Front,8821,1223
16555,2005,morning rush (5-10),Slight,Daylight,1,Wet or damp,Single carriageway,30.0,Urban,Raining no high winds,2005,15.0,Not at or within 20 metres of junction,Going ahead other,Front,8821,4763
16556,2005,morning rush (5-10),Slight,Daylight,2,Wet or damp,Single carriageway,30.0,Urban,Raining no high winds,2005,1.0,Approaching junction or waiting/parked at junction approach,Turning right,Nearside,8821,1223
16559,2005,afternoon rush (15-19),Slight,Daylight,1,Dry,Single carriageway,30.0,Urban,Fine no high winds,2005,11.0,Mid Junction - on roundabout or on main road,Going ahead other,Nearside,8821,4763
16564,2005,office hours (10-15),Slight,Daylight,1,Dry,Single carriageway,30.0,Urban,Fine no high winds,2005,4.0,Not at or within 20 metres of junction,Going ahead other,Offside,8821,4763
16565,2005,office hours (10-15),Slight,Daylight,1,Wet or damp,One way street,30.0,Urban,Raining no high winds,2005,9.0,Cleared junction or waiting/parked at junction exit,Turning right,Offside,8821,1223
16569,2005,afternoon rush (15-19),Slight,Daylight,1,Dry,Single carriageway,30.0,Urban,Fine no high winds,2005,4.0,Mid Junction - on roundabout or on main road,Going ahead other,Nearside,8821,4763
16570,2005,afternoon rush (15-19),Slight,Daylight,1,Dry,Single carriageway,30.0,Urban,Fine no high winds,2005,1.0,Mid Junction - on roundabout or on main road,Overtaking - nearside,Front,8821,69
16572,2005,night (23-5),Slight,Darkness - lights lit,1,Dry,Single carriageway,30.0,Urban,Fine no high winds,2005,13.0,Mid Junction - on roundabout or on main road,Going ahead other,Front,8821,4763
16573,2005,evening (19-23),Slight,Daylight,1,Dry,One way street,30.0,Urban,Fine no high winds,2005,3.0,Not at or within 20 metres of junction,Changing lane to right,Offside,8821,87
16575,2005,afternoon rush (15-19),Slight,Daylight,1,Dry,Single carriageway,30.0,Urban,Fine no high winds,2005,2.0,Entering main road,Turning right,Front,8821,1223
16576,2005,afternoon rush (15-19),Slight,Daylight,1,Dry,Single carriageway,30.0,Urban,Fine no high winds,2005,10.0,Mid Junction - on roundabout or on main road,Going ahead other,Front,8821,4763
16578,2005,night (23-5),Slight,Darkness - lights lit,1,Dry,Single carriageway,30.0,Urban,Fine no high winds,2005,2.0,Mid Junction - on roundabout or on main road,Going ahead other,Front,8821,4763
16580,2005,evening (19-23),Slight,Darkness - lights lit,1,Dry,Single carriageway,30.0,Urban,Fine no high winds,2005,4.0,Mid Junction - on roundabout or on main road,Going ahead other,Nearside,8821,4763
16581,2005,morning rush (5-10),Slight,Daylight,1,Dry,Dual carriageway,30.0,Urban,Fine no high winds,2005,7.0,Mid Junction - on roundabout or on main road,Going ahead other,Front,8821,4763
16582,2005,afternoon rush (15-19),Slight,Daylight,1,Dry,Single carriageway,30.0,Urban,Fine no high winds,2005,3.0,Entering roundabout,Waiting to go - held up,Back,8821,851
16584,2005,morning rush (5-10),Slight,Daylight,1,Wet or damp,Single carriageway,30.0,Urban,Fine no high winds,2005,5.0,Mid Junction - on roundabout or on main road,Going ahead other,Offside,8821,4763
16587,2005,afternoon rush (15-19),Slight,Daylight,1,Dry,Single carriageway,30.0,Urban,Fine no high winds,2005,11.0,Approaching junction or waiting/parked at junction approach,Slowing or stopping,Front,8821,752
16591,2005,afternoon rush (15-19),Slight,Daylight,2,Dry,Single carriageway,30.0,Urban,Fine no high winds,2005,2.0,Not at or within 20 metres of junction,Going ahead other,Front,8821,4763
16738,2005,office hours (10-15),Slight,Daylight,2,Dry,Single carriageway,40.0,Rural,Fine no high winds,2005,1.0,Entering main road,Moving off,Front,8821,251
16739,2005,office hours (10-15),Slight,Daylight,1,Dry,Single carriageway,30.0,Urban,Fine no high winds,2005,3.0,Not at or within 20 metres of junction,Moving off,Nearside,8821,251
16740,2005,afternoon rush (15-19),Slight,Daylight,1,Dry,One way street,30.0,Urban,Fine no high winds,2005,5.0,Not at or within 20 metres of junction,Going ahead other,Back,8821,4763
16741,2005,afternoon rush (15-19),Slight,Daylight,1,Dry,One way street,30.0,Urban,Fine no high winds,2005,6.0,Not at or within 20 metres of junction,Going ahead other,Back,8821,4763
16742,2005,office hours (10-15),Slight,Daylight,1,Dry,Single carriageway,30.0,Urban,Fine no high winds,2005,4.0,Not at or within 20 metres of junction,Slowing or stopping,Front,8821,752
16743,2005,afternoon rush (15-19),Slight,Daylight,1,Wet or damp,Single carriageway,60.0,Rural,Raining no high winds,2005,1.0,Approaching junction or waiting/parked at junction approach,Going ahead other,Front,8821,4763
16744,2005,afternoon rush (15-19),Slight,Daylight,1,Wet or damp,Single carriageway,60.0,Rural,Raining no high winds,2005,4.0,Approaching junction or waiting/parked at junction approach,Slowing or stopping,Offside,8821,752
16745,2005,afternoon rush (15-19),Slight,Daylight,1,Wet or damp,Single carriageway,60.0,Rural,Raining no high winds,2005,11.0,Approaching junction or waiting/parked at junction approach,Slowing or stopping,Front,8821,752
16746,2005,morning rush (5-10),Slight,Daylight,1,Dry,Single carriageway,30.0,Urban,Fine no high winds,2005,2.0,Mid Junction - on roundabout or on main road,Turning right,Nearside,8821,1223
16749,2005,afternoon rush (15-19),Slight,Daylight,1,Dry,Single carriageway,30.0,Rural,Fine no high winds,2005,2.0,Not at or within 20 metres of junction,Going ahead other,Front,8821,4763
16750,2005,afternoon rush (15-19),Slight,Daylight,1,Dry,One way street,30.0,Urban,Fine no high winds,2005,2.0,Not at or within 20 metres of junction,Overtaking moving vehicle - offside,Nearside,8821,171
16753,2005,afternoon rush (15-19),Slight,Daylight,1,Dry,Single carriageway,60.0,Rural,Fine no high winds,2005,14.0,Not at or within 20 metres of junction,Going ahead right-hand bend,Offside,8821,242
16755,2005,office hours (10-15),Slight,Daylight,1,Dry,Dual carriageway,70.0,Rural,Fine no high winds,2005,6.0,Not at or within 20 metres of junction,Going ahead other,Front,8821,4763
16756,2005,afternoon rush (15-19),Slight,Daylight,1,Wet or damp,Single carriageway,30.0,Urban,Fine no high winds,2005,1.0,Cleared junction or waiting/parked at junction exit,Slowing or stopping,Back,8821,752
16759,2005,morning rush (5-10),Slight,Daylight,1,Wet or damp,Single carriageway,30.0,Urban,Fine no high winds,2005,5.0,Not at or within 20 metres of junction,Going ahead other,Back,8821,4763
16763,2005,morning rush (5-10),Serious,Daylight,1,Dry,Single carriageway,40.0,Rural,Fine no high winds,2005,1.0,Not at or within 20 metres of junction,Going ahead right-hand bend,Nearside,1105,242
16764,2005,office hours (10-15),Slight,Daylight,3,Dry,Single carriageway,60.0,Rural,Fine no high winds,2005,4.0,Not at or within 20 metres of junction,Going ahead left-hand bend,Front,8821,228
16767,2005,office hours (10-15),Serious,Daylight,2,Dry,Single carriageway,60.0,Rural,Fine no high winds,2005,2.0,Not at or within 20 metres of junction,Going ahead right-hand bend,Front,1105,242
16769,2005,evening (19-23),Slight,Daylight,1,Dry,Single carriageway,60.0,Rural,Fine no high winds,2005,5.0,Not at or within 20 metres of junction,Going ahead left-hand bend,Did not impact,8821,228
16771,2005,evening (19-23),Slight,Daylight,1,Dry,Single carriageway,30.0,Urban,Fine no high winds,2005,9.0,Not at or within 20 metres of junction,Going ahead other,Nearside,8821,4763
16772,2005,office hours (10-15),Serious,Daylight,1,Dry,Dual carriageway,70.0,Rural,Fine no high winds,2005,2.0,Not at or within 20 metres of junction,Going ahead right-hand bend,Front,1105,242
16775,2005,morning rush (5-10),Slight,Daylight,3,Wet or damp,Single carriageway,40.0,Rural,Raining no high winds,2005,8.0,Approaching junction or waiting/parked at junction approach,Overtaking moving vehicle - offside,Nearside,8821,171
16778,2005,afternoon rush (15-19),Slight,Daylight,2,Dry,Single carriageway,30.0,Urban,Fine no high winds,2005,2.0,Not at or within 20 metres of junction,Waiting to go - held up,Back,8821,851
16779,2005,morning rush (5-10),Slight,Daylight,2,Dry,Single carriageway,30.0,Urban,Fine no high winds,2005,2.0,Mid Junction - on roundabout or on main road,Going ahead right-hand bend,Front,8821,242
16781,2005,morning rush (5-10),Slight,Daylight,1,Wet or damp,Single carriageway,30.0,Urban,Raining + high winds,2005,12.0,Approaching junction or waiting/parked at junction approach,Turning left,Back,8821,324
16782,2005,office hours (10-15),Serious,Daylight,1,Dry,One way street,30.0,Urban,Fine no high winds,2005,1.0,Cleared junction or waiting/parked at junction exit,Turning left,Offside,1105,324
16784,2005,office hours (10-15),Serious,Daylight,3,Dry,Single carriageway,40.0,Rural,Fine no high winds,2005,3.0,Not at or within 20 metres of junction,Going ahead other,Offside,1105,4763
16785,2005,office hours (10-15),Serious,Daylight,3,Dry,Single carriageway,40.0,Rural,Fine no high winds,2005,7.0,Not at or within 20 metres of junction,Going ahead other,Front,1105,4763
16786,2005,evening (19-23),Slight,Daylight,1,Dry,Single carriageway,30.0,Urban,Fine no high winds,2005,7.0,Approaching junction or waiting/parked at junction approach,Waiting to go - held up,Back,8821,851
16787,2005,evening (19-23),Slight,Daylight,1,Dry,Single carriageway,30.0,Urban,Fine no high winds,2005,5.0,Approaching junction or waiting/parked at junction approach,Waiting to go - held up,Back,8821,851
16788,2005,evening (19-23),Slight,Daylight,1,Dry,Single carriageway,30.0,Urban,Fine no high winds,2005,3.0,Approaching junction or waiting/parked at junction approach,Slowing or stopping,Front,8821,752
16789,2005,afternoon rush (15-19),Slight,Daylight,2,Dry,One way street,30.0,Urban,Fine no high winds,2005,1.0,Entering main road,Moving off,Front,8821,251
16792,2005,evening (19-23),Slight,Daylight,1,Dry,Single carriageway,30.0,Urban,Fine no high winds,2005,8.0,Not at or within 20 metres of junction,Going ahead other,Front,8821,4763
16793,2005,afternoon rush (15-19),Slight,Daylight,1,Dry,Single carriageway,30.0,Urban,Fine no high winds,2005,15.0,Not at or within 20 metres of junction,Going ahead other,Front,8821,4763
16795,2005,afternoon rush (15-19),Serious,Darkness - lights lit,2,Wet or damp,Single carriageway,30.0,Urban,Fine no high winds,2005,5.0,Mid Junction - on roundabout or on main road,Overtaking moving vehicle - offside,Offside,1105,171
16796,2005,evening (19-23),Slight,Daylight,1,Dry,Single carriageway,30.0,Urban,Fine no high winds,2005,6.0,Mid Junction - on roundabout or on main road,Turning left,Nearside,8821,324
16798,2005,afternoon rush (15-19),Slight,Daylight,1,Dry,Single carriageway,30.0,Rural,Fine no high winds,2005,8.0,Not at or within 20 metres of junction,Slowing or stopping,Front,8821,752
16799,2005,afternoon rush (15-19),Slight,Daylight,1,Dry,Single carriageway,30.0,Rural,Fine no high winds,2005,2.0,Not at or within 20 metres of junction,Slowing or stopping,Back,8821,752
16800,2005,morning rush (5-10),Slight,Daylight,2,Wet or damp,Single carriageway,30.0,Rural,Fine no high winds,2005,7.0,Not at or within 20 metres of junction,Going ahead right-hand bend,Front,8821,242
16802,2005,evening (19-23),Serious,Darkness - lights lit,1,Dry,Single carriageway,30.0,Rural,Fine no high winds,2005,1.0,Not at or within 20 metres of junction,Going ahead other,Front,1105,4763
16805,2005,afternoon rush (15-19),Slight,Daylight,1,Dry,Single carriageway,30.0,Urban,Fine no high winds,2005,11.0,Approaching junction or waiting/parked at junction approach,Slowing or stopping,Back,8821,752
16808,2005,afternoon rush (15-19),Slight,Daylight,1,Wet or damp,Single carriageway,30.0,Rural,Fine no high winds,2005,12.0,Not at or within 20 metres of junction,Slowing or stopping,Front,8821,752
16811,2005,afternoon rush (15-19),Slight,Daylight,1,Wet or damp,Single carriageway,30.0,Rural,Raining no high winds,2005,10.0,Cleared junction or waiting/parked at junction exit,Going ahead other,Front,8821,4763
16813,2005,office hours (10-15),Slight,Daylight,1,Wet or damp,Single carriageway,50.0,Rural,Fine no high winds,2005,5.0,Approaching junction or waiting/parked at junction approach,Waiting to go - held up,Back,8821,851
16814,2005,afternoon rush (15-19),Serious,Daylight,1,Wet or damp,Single carriageway,30.0,Urban,Fine no high winds,2005,13.0,Entering main road,Moving off,Offside,1105,251
16815,2005,afternoon rush (15-19),Slight,Darkness - lights lit,3,Wet or damp,One way street,30.0,Urban,Raining no high winds,2005,5.0,Approaching junction or waiting/parked at junction approach,Waiting to go - held up,Back,8821,851
16816,2005,afternoon rush (15-19),Slight,Darkness - lights lit,3,Wet or damp,One way street,30.0,Urban,Raining no high winds,2005,16.0,Approaching junction or waiting/parked at junction approach,Waiting to go - held up,Back,8821,851
16817,2005,office hours (10-15),Slight,Daylight,1,Wet or damp,Dual carriageway,30.0,Urban,Fine no high winds,2005,1.0,Approaching junction or waiting/parked at junction approach,Going ahead other,Front,8821,4763
16819,2005,evening (19-23),Serious,Darkness - lights lit,2,Wet or damp,Single carriageway,30.0,Urban,Raining no high winds,2005,1.0,Mid Junction - on roundabout or on main road,Going ahead other,Front,1105,4763
16821,2005,afternoon rush (15-19),Slight,Darkness - no lighting,1,Wet or damp,Single carriageway,60.0,Rural,Raining no high winds,2005,1.0,Not at or within 20 metres of junction,Going ahead other,Offside,8821,4763
16823,2005,office hours (10-15),Slight,Daylight,1,Dry,One way street,30.0,Rural,Fine no high winds,2005,4.0,Not at or within 20 metres of junction,Going ahead other,Back,8821,4763
16826,2005,afternoon rush (15-19),Slight,Darkness - lights lit,1,Wet or damp,Single carriageway,30.0,Urban,Fog or mist,2005,3.0,Approaching junction or waiting/parked at junction approach,Waiting to go - held up,Back,8821,851
16827,2005,office hours (10-15),Slight,Daylight,2,Wet or damp,Single carriageway,40.0,Rural,Fine no high winds,2005,4.0,Approaching junction or waiting/parked at junction approach,Going ahead other,Front,8821,4763
16828,2005,office hours (10-15),Slight,Daylight,2,Wet or damp,Single carriageway,40.0,Rural,Fine no high winds,2005,7.0,Approaching junction or waiting/parked at junction approach,Going ahead other,Back,8821,4763
16832,2005,afternoon rush (15-19),Slight,Darkness - no lighting,1,Dry,Single carriageway,60.0,Rural,Fine no high winds,2005,6.0,Not at or within 20 metres of junction,Going ahead other,Front,8821,4763
16833,2005,morning rush (5-10),Slight,Daylight,1,Wet or damp,Roundabout,60.0,Rural,Fine no high winds,2005,4.0,Leaving roundabout,Slowing or stopping,Offside,8821,752
16834,2005,night (23-5),Slight,Darkness - lights lit,1,Wet or damp,One way street,40.0,Rural,Fine no high winds,2005,6.0,Mid Junction - on roundabout or on main road,Going ahead other,Front,8821,4763
16838,2005,office hours (10-15),Slight,Daylight,1,Dry,Single carriageway,30.0,Urban,Fine no high winds,2005,5.0,Entering main road,Turning right,Nearside,8821,1223
16839,2005,afternoon rush (15-19),Slight,Daylight,1,Dry,Single carriageway,30.0,Urban,Fine no high winds,2005,3.0,Mid Junction - on roundabout or on main road,Overtaking static vehicle - offside,Front,8821,147
16841,2005,office hours (10-15),Fatal,Daylight,1,Wet or damp,Single carriageway,30.0,Urban,Fine no high winds,2005,16.0,Not at or within 20 metres of junction,Going ahead right-hand bend,Front,73,242
16843,2005,afternoon rush (15-19),Slight,Daylight,1,Wet or damp,Single carriageway,30.0,Urban,Raining no high winds,2005,5.0,Mid Junction - on roundabout or on main road,Going ahead other,Front,8821,4763
16844,2005,afternoon rush (15-19),Slight,Daylight,1,Wet or damp,Single carriageway,30.0,Urban,Raining no high winds,2005,5.0,Entering main road,Waiting to turn right,Nearside,8821,195
16847,2005,afternoon rush (15-19),Serious,Daylight,1,Dry,Single carriageway,30.0,Urban,Fine no high winds,2005,5.0,Not at or within 20 metres of junction,Going ahead other,Front,1105,4763
16849,2005,evening (19-23),Slight,Darkness - lights lit,1,Dry,Roundabout,30.0,Rural,Fine no high winds,2005,4.0,Mid Junction - on roundabout or on main road,Going ahead other,Offside,8821,4763
16850,2005,afternoon rush (15-19),Serious,Daylight,1,Dry,Single carriageway,30.0,Rural,Fine no high winds,2005,1.0,Not at or within 20 metres of junction,Going ahead other,Nearside,1105,4763
16852,2005,morning rush (5-10),Slight,Daylight,1,Wet or damp,Single carriageway,60.0,Rural,Raining no high winds,2005,7.0,Not at or within 20 metres of junction,Going ahead left-hand bend,Offside,8821,228
16856,2005,evening (19-23),Slight,Darkness - lights lit,1,Wet or damp,Dual carriageway,40.0,Rural,Raining no high winds,2005,6.0,Leaving main road,Turning right,Did not impact,8821,1223
16857,2005,evening (19-23),Serious,Darkness - lights lit,1,Dry,One way street,30.0,Urban,Fine no high winds,2005,1.0,Not at or within 20 metres of junction,Going ahead other,Offside,1105,4763
16858,2005,evening (19-23),Slight,Darkness - lights lit,1,Dry,Single carriageway,30.0,Rural,Fine no high winds,2005,4.0,Entering main road,Turning right,Front,8821,1223
16864,2005,afternoon rush (15-19),Serious,Daylight,1,Dry,Single carriageway,30.0,Urban,Fine no high winds,2005,9.0,Approaching junction or waiting/parked at junction approach,Going ahead other,Front,1105,4763
16865,2005,morning rush (5-10),Slight,Daylight,1,Dry,Single carriageway,30.0,Urban,Fine no high winds,2005,8.0,Leaving main road,Turning left,Front,8821,324
16866,2005,office hours (10-15),Slight,Daylight,2,Dry,Single carriageway,30.0,Rural,Fine no high winds,2005,2.0,Approaching junction or waiting/parked at junction approach,Going ahead other,Front,8821,4763
16867,2005,afternoon rush (15-19),Slight,Daylight,3,Dry,Single carriageway,30.0,Urban,Fine no high winds,2005,8.0,Mid Junction - on roundabout or on main road,Turning right,Nearside,8821,1223
16869,2005,morning rush (5-10),Serious,Daylight,1,Dry,Single carriageway,40.0,Rural,Fine no high winds,2005,4.0,Not at or within 20 metres of junction,Going ahead other,Did not impact,1105,4763
16870,2005,afternoon rush (15-19),Slight,Daylight,2,Dry,Single carriageway,30.0,Urban,Fine no high winds,2005,7.0,Mid Junction - on roundabout or on main road,Overtaking - nearside,Front,8821,69
16871,2005,office hours (10-15),Slight,Daylight,2,Wet or damp,Single carriageway,30.0,Rural,Raining no high winds,2005,1.0,Mid Junction - on roundabout or on main road,Going ahead other,Front,8821,4763
16872,2005,morning rush (5-10),Slight,Daylight,1,Wet or damp,Single carriageway,30.0,Urban,Raining no high winds,2005,2.0,Cleared junction or waiting/parked at junction exit,Turning left,Offside,8821,324
16874,2005,office hours (10-15),Slight,Daylight,1,Dry,Single carriageway,30.0,Rural,Fine no high winds,2005,10.0,Approaching junction or waiting/parked at junction approach,Waiting to go - held up,Back,8821,851
16876,2005,afternoon rush (15-19),Slight,Daylight,1,Flood over 3cm. deep,Single carriageway,60.0,Rural,Raining + high winds,2005,3.0,Not at or within 20 metres of junction,Slowing or stopping,Front,8821,752
16878,2005,afternoon rush (15-19),Slight,Darkness - lights lit,1,Wet or damp,Single carriageway,30.0,Urban,Raining no high winds,2005,5.0,Cleared junction or waiting/parked at junction exit,Overtaking static vehicle - offside,Front,8821,147
16881,2005,morning rush (5-10),Slight,Daylight,1,Wet or damp,Single carriageway,50.0,Rural,Raining no high winds,2005,4.0,Not at or within 20 metres of junction,Going ahead other,Nearside,8821,4763
16882,2005,office hours (10-15),Serious,Daylight,2,Dry,Single carriageway,30.0,Rural,Fine no high winds,2005,1.0,Mid Junction - on roundabout or on main road,Going ahead other,Front,1105,4763
16883,2005,office hours (10-15),Serious,Daylight,2,Dry,Single carriageway,30.0,Rural,Fine no high winds,2005,14.0,Approaching junction or waiting/parked at junction approach,Turning right,Did not impact,1105,1223
16884,2005,morning rush (5-10),Slight,Daylight,2,Dry,Single carriageway,30.0,Rural,Fine no high winds,2005,1.0,Not at or within 20 metres of junction,Going ahead right-hand bend,Front,8821,242
16885,2005,morning rush (5-10),Slight,Daylight,2,Wet or damp,Single carriageway,60.0,Rural,Fine no high winds,2005,5.0,Not at or within 20 metres of junction,Going ahead left-hand bend,Nearside,8821,228
16886,2005,morning rush (5-10),Slight,Daylight,2,Dry,Single carriageway,30.0,Rural,Fine no high winds,2005,3.0,Mid Junction - on roundabout or on main road,Turning right,Front,8821,1223
16888,2005,afternoon rush (15-19),Slight,Darkness - lights lit,1,Dry,Single carriageway,30.0,Urban,Raining no high winds,2005,5.0,Leaving main road,Turning right,Nearside,8821,1223
16891,2005,morning rush (5-10),Fatal,Daylight,1,Wet or damp,Single carriageway,50.0,Rural,Fog or mist,2005,4.0,Not at or within 20 metres of junction,Going ahead other,Front,73,4763
16892,2005,afternoon rush (15-19),Slight,Darkness - lights lit,1,Dry,Single carriageway,30.0,Rural,Fine no high winds,2005,9.0,Entering main road,Turning right,Front,8821,1223
16893,2005,morning rush (5-10),Slight,Daylight,1,Wet or damp,Single carriageway,30.0,Urban,Fine no high winds,2005,1.0,Entering main road,Turning right,Did not impact,8821,1223
16895,2005,afternoon rush (15-19),Slight,Darkness - lights lit,1,Dry,Single carriageway,30.0,Rural,Fine no high winds,2005,1.0,Not at or within 20 metres of junction,Waiting to go - held up,Back,8821,851
16896,2005,afternoon rush (15-19),Slight,Darkness - lights lit,1,Dry,Single carriageway,30.0,Rural,Fine no high winds,2005,7.0,Not at or within 20 metres of junction,Slowing or stopping,Front,8821,752
16897,2005,afternoon rush (15-19),Serious,Darkness - lights lit,1,Wet or damp,Single carriageway,40.0,Rural,Fine no high winds,2005,3.0,Mid Junction - on roundabout or on main road,Turning right,Offside,1105,1223
16899,2005,office hours (10-15),Slight,Daylight,5,Dry,Single carriageway,60.0,Rural,Fine no high winds,2005,8.0,Approaching junction or waiting/parked at junction approach,Going ahead other,Front,8821,4763
16901,2005,evening (19-23),Slight,Darkness - no lighting,7,Frost or ice,Single carriageway,60.0,Rural,Fine no high winds,2005,2.0,Not at or within 20 metres of junction,Slowing or stopping,Front,8821,752
16902,2005,afternoon rush (15-19),Slight,Daylight,1,Wet or damp,Single carriageway,30.0,Rural,Raining no high winds,2005,4.0,Not at or within 20 metres of junction,Slowing or stopping,Nearside,8821,752
16903,2005,afternoon rush (15-19),Slight,Daylight,1,Wet or damp,Single carriageway,30.0,Rural,Raining no high winds,2005,2.0,Not at or within 20 metres of junction,Going ahead other,Front,8821,4763
16904,2005,office hours (10-15),Slight,Daylight,1,Dry,Dual carriageway,40.0,Urban,Fine no high winds,2005,12.0,Approaching junction or waiting/parked at junction approach,Waiting to turn right,Front,8821,195
16905,2005,afternoon rush (15-19),Slight,Darkness - lights lit,1,Dry,Single carriageway,30.0,Rural,Fine no high winds,2005,1.0,Mid Junction - on roundabout or on main road,Going ahead other,Front,8821,4763
16906,2005,office hours (10-15),Fatal,Daylight,1,Dry,Single carriageway,60.0,Rural,Fine + high winds,2005,1.0,Not at or within 20 metres of junction,Overtaking moving vehicle - offside,Front,73,171
16907,2005,office hours (10-15),Slight,Daylight,1,Wet or damp,Single carriageway,60.0,Rural,Raining no high winds,2005,1.0,Not at or within 20 metres of junction,Going ahead left-hand bend,Nearside,8821,228
16908,2005,office hours (10-15),Slight,Daylight,1,Dry,Single carriageway,30.0,Urban,Fine no high winds,2005,3.0,Not at or within 20 metres of junction,Going ahead other,Back,8821,4763
16910,2005,night (23-5),Slight,Darkness - lights lit,3,Dry,Single carriageway,50.0,Rural,Fine no high winds,2005,12.0,Approaching junction or waiting/parked at junction approach,Turning right,Front,8821,1223
16913,2005,morning rush (5-10),Slight,Daylight,1,Wet or damp,Single carriageway,60.0,Rural,Raining no high winds,2005,4.0,Not at or within 20 metres of junction,Going ahead other,Did not impact,8821,4763
16915,2005,evening (19-23),Slight,Daylight,2,Dry,Single carriageway,30.0,Urban,Fine no high winds,2005,2.0,Not at or within 20 metres of junction,Parked,Back,8821,309
16919,2005,evening (19-23),Slight,Daylight,1,Wet or damp,Single carriageway,30.0,Urban,Fine no high winds,2005,14.0,Not at or within 20 metres of junction,Turning left,Front,8821,324
16920,2005,afternoon rush (15-19),Slight,Daylight,1,Dry,Single carriageway,30.0,Urban,Fine no high winds,2005,10.0,Cleared junction or waiting/parked at junction exit,Going ahead other,Front,8821,4763
16922,2005,afternoon rush (15-19),Slight,Daylight,1,Wet or damp,Single carriageway,30.0,Urban,Fine no high winds,2005,14.0,Cleared junction or waiting/parked at junction exit,Slowing or stopping,Back,8821,752
16923,2005,afternoon rush (15-19),Slight,Daylight,1,Wet or damp,Single carriageway,30.0,Urban,Fine no high winds,2005,1.0,Cleared junction or waiting/parked at junction exit,Slowing or stopping,Back,8821,752
16925,2005,office hours (10-15),Slight,Daylight,1,Dry,Single carriageway,40.0,Rural,Fine no high winds,2005,5.0,Approaching junction or waiting/parked at junction approach,Moving off,Front,8821,251
16926,2005,office hours (10-15),Slight,Daylight,1,Dry,Single carriageway,40.0,Rural,Fine no high winds,2005,13.0,Approaching junction or waiting/parked at junction approach,Waiting to go - held up,Back,8821,851
16928,2005,afternoon rush (15-19),Slight,Daylight,1,Dry,Single carriageway,30.0,Rural,Fine no high winds,2005,1.0,Not at or within 20 metres of junction,Going ahead other,Front,8821,4763
16932,2005,office hours (10-15),Slight,Daylight,2,Dry,Single carriageway,60.0,Rural,Fine no high winds,2005,6.0,Not at or within 20 metres of junction,Going ahead left-hand bend,Front,8821,228
16933,2005,office hours (10-15),Slight,Daylight,2,Dry,Single carriageway,60.0,Rural,Fine no high winds,2005,2.0,Not at or within 20 metres of junction,Going ahead left-hand bend,Front,8821,228
16935,2005,office hours (10-15),Slight,Daylight,2,Dry,Roundabout,40.0,Urban,Fine + high winds,2005,1.0,Approaching junction or waiting/parked at junction approach,Waiting to go - held up,Back,8821,851
16939,2005,morning rush (5-10),Slight,Daylight,1,Dry,Roundabout,40.0,Rural,Fine no high winds,2005,10.0,Entering roundabout,Going ahead other,Back,8821,4763
16940,2005,office hours (10-15),Slight,Daylight,1,Dry,Single carriageway,60.0,Rural,Fine no high winds,2005,16.0,Not at or within 20 metres of junction,Going ahead left-hand bend,Front,8821,228
16941,2005,morning rush (5-10),Slight,Daylight,1,Dry,Single carriageway,30.0,Urban,Fine no high winds,2005,11.0,Cleared junction or waiting/parked at junction exit,Going ahead other,Front,8821,4763
16944,2005,afternoon rush (15-19),Slight,Daylight,1,Dry,One way street,30.0,Urban,Fine no high winds,2005,11.0,Not at or within 20 metres of junction,Moving off,Front,8821,251
16945,2005,office hours (10-15),Slight,Daylight,3,Dry,Single carriageway,30.0,Urban,Fine no high winds,2005,1.0,Approaching junction or waiting/parked at junction approach,Waiting to go - held up,Back,8821,851
16948,2005,office hours (10-15),Slight,Daylight,1,Dry,Dual carriageway,70.0,Rural,Fine no high winds,2005,1.0,Not at or within 20 metres of junction,Going ahead other,Front,8821,4763
16950,2005,office hours (10-15),Slight,Daylight,2,Dry,Single carriageway,30.0,Urban,Fine no high winds,2005,10.0,Approaching junction or waiting/parked at junction approach,Turning right,Front,8821,1223