Crash_Ref_Number,Crash_Year,Daytime,Accident_Severity,Light_Conditions,Number_of_Casualties,Road_Surface_Conditions,Road_Type,Speed_limit,Urban_or_Rural_Area,Weather_Conditions,Crash_Year,Age_of_Vehicle,Junction_Location,Vehicle_Manoeuvre,First_Point_of_Impact,count1,count
17425,2005,office hours (10-15),Slight,Daylight,2,Wet or damp,Single carriageway,60.0,Rural,Fine no high winds,2005,13.0,Mid Junction - on roundabout or on main road,Going ahead other,Front,8821,4763
17427,2005,morning rush (5-10),Fatal,Darkness - lights lit,1,Wet or damp,Single carriageway,40.0,Rural,Fine no high winds,2005,9.0,Entering main road,Turning right,Offside,73,1223
17431,2005,office hours (10-15),Slight,Daylight,1,Dry,Single carriageway,40.0,Rural,Fine no high winds,2005,2.0,Entering main road,Turning right,Front,8821,1223
17432,2005,afternoon rush (15-19),Slight,Daylight,1,Dry,Single carriageway,30.0,Rural,Fine no high winds,2005,5.0,Not at or within 20 metres of junction,Going ahead other,Front,8821,4763
17433,2005,office hours (10-15),Slight,Daylight,1,Dry,Single carriageway,30.0,Rural,Fine no high winds,2005,7.0,Approaching junction or waiting/parked at junction approach,Going ahead other,Front,8821,4763
17435,2005,office hours (10-15),Slight,Daylight,1,Dry,Single carriageway,30.0,Rural,Fine no high winds,2005,6.0,Not at or within 20 metres of junction,Going ahead other,Front,8821,4763
17436,2005,afternoon rush (15-19),Slight,Daylight,1,Dry,Single carriageway,60.0,Rural,Fine no high winds,2005,12.0,Not at or within 20 metres of junction,Going ahead other,Did not impact,8821,4763
17437,2005,evening (19-23),Slight,Daylight,3,Dry,Single carriageway,60.0,Rural,Fine no high winds,2005,7.0,Entering main road,Turning right,Offside,8821,1223
17438,2005,office hours (10-15),Slight,Daylight,2,Dry,Single carriageway,30.0,Rural,Fine no high winds,2005,14.0,Entering main road,Turning right,Offside,8821,1223
17439,2005,office hours (10-15),Slight,Daylight,2,Dry,Single carriageway,30.0,Rural,Fine no high winds,2005,6.0,Mid Junction - on roundabout or on main road,Going ahead right-hand bend,Front,8821,242
17440,2005,morning rush (5-10),Slight,Daylight,1,Dry,Single carriageway,30.0,Rural,Fine no high winds,2005,7.0,Not at or within 20 metres of junction,Reversing,Back,8821,108
17441,2005,morning rush (5-10),Slight,Daylight,1,Dry,Single carriageway,30.0,Rural,Fine no high winds,2005,1.0,Not at or within 20 metres of junction,Waiting to turn right,Back,8821,195
17442,2005,office hours (10-15),Slight,Daylight,1,Dry,Single carriageway,30.0,Rural,Fine no high winds,2005,3.0,Not at or within 20 metres of junction,Waiting to turn left,Did not impact,8821,57
17443,2005,afternoon rush (15-19),Slight,Daylight,2,Dry,Single carriageway,30.0,Rural,Fine no high winds,2005,9.0,Not at or within 20 metres of junction,Slowing or stopping,Front,8821,752
17444,2005,morning rush (5-10),Slight,Daylight,1,Dry,Dual carriageway,50.0,Rural,Fine no high winds,2005,2.0,Mid Junction - on roundabout or on main road,Going ahead other,Offside,8821,4763
17446,2005,office hours (10-15),Slight,Daylight,2,Dry,Roundabout,30.0,Rural,Fine no high winds,2005,1.0,Mid Junction - on roundabout or on main road,Turning right,Front,8821,1223
17447,2005,office hours (10-15),Slight,Daylight,2,Dry,Single carriageway,30.0,Rural,Fine no high winds,2005,12.0,Cleared junction or waiting/parked at junction exit,Turning right,Nearside,8821,1223
17449,2005,afternoon rush (15-19),Slight,Daylight,1,Dry,Single carriageway,30.0,Rural,Fine no high winds,2005,3.0,Approaching junction or waiting/parked at junction approach,Going ahead other,Nearside,8821,4763
17451,2005,office hours (10-15),Slight,Daylight,1,Wet or damp,Single carriageway,30.0,Rural,Raining no high winds,2005,6.0,Approaching junction or waiting/parked at junction approach,Moving off,Front,8821,251
17455,2005,office hours (10-15),Slight,Daylight,1,Wet or damp,Single carriageway,60.0,Rural,Raining no high winds,2005,2.0,Approaching junction or waiting/parked at junction approach,Going ahead left-hand bend,Front,8821,228
17456,2005,afternoon rush (15-19),Slight,Daylight,1,Wet or damp,Dual carriageway,40.0,Urban,Fine no high winds,2005,7.0,Approaching junction or waiting/parked at junction approach,Waiting to go - held up,Back,8821,851
17458,2005,morning rush (5-10),Serious,Daylight,3,Dry,Single carriageway,40.0,Urban,Fine no high winds,2005,1.0,Mid Junction - on roundabout or on main road,Going ahead other,Front,1105,4763
17459,2005,afternoon rush (15-19),Slight,Daylight,1,Dry,Single carriageway,40.0,Rural,Fine no high winds,2005,3.0,Approaching junction or waiting/parked at junction approach,Turning right,Front,8821,1223
17460,2005,afternoon rush (15-19),Slight,Daylight,2,Dry,Dual carriageway,70.0,Rural,Fine no high winds,2005,1.0,Not at or within 20 metres of junction,Changing lane to right,Offside,8821,87
17461,2005,evening (19-23),Slight,Daylight,1,Dry,Dual carriageway,40.0,Urban,Fine no high winds,2005,4.0,Not at or within 20 metres of junction,Going ahead other,Back,8821,4763
17462,2005,evening (19-23),Serious,Daylight,8,Wet or damp,Single carriageway,40.0,Urban,Raining no high winds,2005,2.0,Not at or within 20 metres of junction,Going ahead other,Nearside,1105,4763
17464,2005,afternoon rush (15-19),Slight,Daylight,1,Dry,One way street,40.0,Urban,Fine no high winds,2005,1.0,Leaving main road,Turning right,Offside,8821,1223
17465,2005,morning rush (5-10),Slight,Daylight,3,Dry,Dual carriageway,40.0,Urban,Fine no high winds,2005,6.0,Approaching junction or waiting/parked at junction approach,Slowing or stopping,Back,8821,752
17466,2005,morning rush (5-10),Slight,Daylight,3,Dry,Dual carriageway,40.0,Urban,Fine no high winds,2005,4.0,Approaching junction or waiting/parked at junction approach,Slowing or stopping,Back,8821,752
17468,2005,evening (19-23),Slight,Daylight,2,Dry,Single carriageway,60.0,Rural,Fine no high winds,2005,4.0,Entering main road,Reversing,Did not impact,8821,108
17469,2005,evening (19-23),Slight,Daylight,2,Dry,Single carriageway,60.0,Rural,Fine no high winds,2005,1.0,Approaching junction or waiting/parked at junction approach,Going ahead left-hand bend,Did not impact,8821,228
17471,2005,afternoon rush (15-19),Slight,Daylight,2,Dry,Single carriageway,30.0,Urban,Fine no high winds,2005,1.0,Mid Junction - on roundabout or on main road,Turning right,Offside,8821,1223
17473,2005,afternoon rush (15-19),Fatal,Daylight,4,Wet or damp,Single carriageway,60.0,Rural,Raining no high winds,2005,14.0,Not at or within 20 metres of junction,Parked,Did not impact,73,309
17475,2005,afternoon rush (15-19),Slight,Daylight,1,Wet or damp,Single carriageway,40.0,Rural,Raining no high winds,2005,5.0,Approaching junction or waiting/parked at junction approach,Waiting to go - held up,Back,8821,851
17476,2005,evening (19-23),Serious,Daylight,1,Dry,Dual carriageway,70.0,Rural,Fine no high winds,2005,8.0,Mid Junction - on roundabout or on main road,Going ahead other,Nearside,1105,4763
17479,2005,morning rush (5-10),Slight,Darkness - lights lit,2,Dry,Roundabout,40.0,Rural,Fine no high winds,2005,7.0,Entering roundabout,Moving off,Front,8821,251
17480,2005,morning rush (5-10),Slight,Darkness - lights lit,2,Dry,Roundabout,40.0,Rural,Fine no high winds,2005,3.0,Entering roundabout,Waiting to go - held up,Back,8821,851
17481,2005,morning rush (5-10),Slight,Daylight,1,Wet or damp,Slip road,50.0,Rural,Fine no high winds,2005,5.0,Not at or within 20 metres of junction,Going ahead left-hand bend,Front,8821,228
17485,2005,office hours (10-15),Slight,Daylight,3,Wet or damp,One way street,40.0,Rural,Fine no high winds,2005,11.0,Not at or within 20 metres of junction,Going ahead left-hand bend,Front,8821,228
17494,2005,office hours (10-15),Slight,Daylight,1,Dry,Single carriageway,60.0,Rural,Fine no high winds,2005,1.0,Not at or within 20 metres of junction,Going ahead right-hand bend,Front,8821,242
17499,2005,night (23-5),Serious,Darkness - lights lit,2,Wet or damp,Single carriageway,30.0,Urban,Fine no high winds,2005,6.0,Mid Junction - on roundabout or on main road,Going ahead right-hand bend,Front,1105,242
17500,2005,office hours (10-15),Serious,Daylight,1,Wet or damp,Roundabout,40.0,Rural,Raining no high winds,2005,5.0,Entering roundabout,Going ahead other,Back,1105,4763
17501,2005,morning rush (5-10),Slight,Daylight,2,Wet or damp,Single carriageway,30.0,Rural,Fine no high winds,2005,7.0,Approaching junction or waiting/parked at junction approach,Going ahead other,Front,8821,4763
17503,2005,afternoon rush (15-19),Slight,Daylight,1,Wet or damp,Single carriageway,60.0,Rural,Fine no high winds,2005,2.0,Not at or within 20 metres of junction,Slowing or stopping,Back,8821,752
17504,2005,afternoon rush (15-19),Serious,Daylight,1,Dry,Single carriageway,30.0,Urban,Fine no high winds,2005,3.0,Not at or within 20 metres of junction,Going ahead other,Front,1105,4763
17505,2005,morning rush (5-10),Slight,Darkness - lights lit,1,Wet or damp,Single carriageway,40.0,Rural,Raining + high winds,2005,7.0,Cleared junction or waiting/parked at junction exit,Going ahead left-hand bend,Offside,8821,228
17507,2005,afternoon rush (15-19),Slight,Daylight,1,Dry,Single carriageway,60.0,Rural,Fine no high winds,2005,5.0,Not at or within 20 metres of junction,Going ahead right-hand bend,Offside,8821,242
17508,2005,afternoon rush (15-19),Slight,Darkness - lights lit,1,Wet or damp,Single carriageway,30.0,Urban,Raining no high winds,2005,6.0,Not at or within 20 metres of junction,Going ahead other,Nearside,8821,4763
17509,2005,night (23-5),Slight,Darkness - lights lit,1,Dry,Single carriageway,30.0,Urban,Fine no high winds,2005,11.0,Not at or within 20 metres of junction,Going ahead other,Front,8821,4763
17510,2005,evening (19-23),Slight,Daylight,1,Dry,Single carriageway,60.0,Rural,Fine no high winds,2005,10.0,Approaching junction or waiting/parked at junction approach,Going ahead other,Front,8821,4763
17512,2005,afternoon rush (15-19),Slight,Daylight,1,Dry,Single carriageway,60.0,Rural,Fine no high winds,2005,4.0,Not at or within 20 metres of junction,Going ahead other,Front,8821,4763
17516,2005,morning rush (5-10),Slight,Daylight,1,Dry,Single carriageway,60.0,Rural,Fine no high winds,2005,7.0,Approaching junction or waiting/parked at junction approach,Going ahead other,Front,8821,4763
17517,2005,morning rush (5-10),Slight,Daylight,2,Dry,Single carriageway,30.0,Urban,Fine no high winds,2005,1.0,Mid Junction - on roundabout or on main road,Going ahead other,Back,8821,4763
17518,2005,night (23-5),Slight,Darkness - lights lit,4,Dry,Single carriageway,40.0,Rural,Fine no high winds,2005,8.0,Not at or within 20 metres of junction,Overtaking moving vehicle - offside,Offside,8821,171
17520,2005,night (23-5),Slight,Darkness - lights lit,1,Dry,Single carriageway,40.0,Urban,Fine no high winds,2005,5.0,Mid Junction - on roundabout or on main road,Going ahead other,Front,8821,4763
17525,2005,evening (19-23),Slight,Daylight,1,Wet or damp,Single carriageway,40.0,Urban,Raining no high winds,2005,10.0,Approaching junction or waiting/parked at junction approach,Going ahead other,Front,8821,4763
17526,2005,afternoon rush (15-19),Slight,Daylight,2,Wet or damp,Single carriageway,60.0,Rural,Raining no high winds,2005,1.0,Entering main road,Moving off,Front,8821,251
17527,2005,afternoon rush (15-19),Slight,Daylight,2,Wet or damp,Single carriageway,60.0,Rural,Raining no high winds,2005,11.0,Mid Junction - on roundabout or on main road,Going ahead other,Front,8821,4763
17529,2005,afternoon rush (15-19),Serious,Daylight,7,Dry,Single carriageway,30.0,Urban,Fine no high winds,2005,1.0,Not at or within 20 metres of junction,Slowing or stopping,Front,1105,752
17530,2005,afternoon rush (15-19),Serious,Daylight,7,Dry,Single carriageway,30.0,Urban,Fine no high winds,2005,3.0,Not at or within 20 metres of junction,Slowing or stopping,Back,1105,752
17532,2005,evening (19-23),Slight,Darkness - lights lit,1,Dry,Single carriageway,60.0,Rural,Fine no high winds,2005,4.0,Not at or within 20 metres of junction,Going ahead other,Offside,8821,4763
17536,2005,office hours (10-15),Serious,Daylight,5,Dry,Single carriageway,40.0,Rural,Fine no high winds,2005,11.0,Approaching junction or waiting/parked at junction approach,Going ahead left-hand bend,Front,1105,228
17537,2005,morning rush (5-10),Slight,Daylight,1,Dry,Single carriageway,40.0,Rural,Fine no high winds,2005,1.0,Mid Junction - on roundabout or on main road,Turning right,Front,8821,1223
17539,2005,office hours (10-15),Slight,Daylight,1,Dry,Single carriageway,30.0,Urban,Fine no high winds,2005,1.0,Cleared junction or waiting/parked at junction exit,Going ahead other,Back,8821,4763
17542,2005,office hours (10-15),Slight,Daylight,1,Dry,Single carriageway,30.0,Rural,Fine no high winds,2005,5.0,Approaching junction or waiting/parked at junction approach,Overtaking static vehicle - offside,Front,8821,147
17543,2005,office hours (10-15),Slight,Daylight,1,Dry,Single carriageway,30.0,Rural,Fine no high winds,2005,1.0,Approaching junction or waiting/parked at junction approach,Overtaking moving vehicle - offside,Back,8821,171
17544,2005,morning rush (5-10),Serious,Daylight,6,Wet or damp,Single carriageway,40.0,Rural,Fine no high winds,2005,5.0,Not at or within 20 metres of junction,Going ahead left-hand bend,Front,1105,228
17548,2005,office hours (10-15),Slight,Daylight,1,Wet or damp,Single carriageway,60.0,Rural,Fine no high winds,2005,3.0,Not at or within 20 metres of junction,Going ahead left-hand bend,Front,8821,228
17551,2005,office hours (10-15),Slight,Daylight,1,Wet or damp,Single carriageway,40.0,Urban,Raining no high winds,2005,8.0,Approaching junction or waiting/parked at junction approach,Going ahead other,Front,8821,4763
17555,2005,office hours (10-15),Slight,Daylight,2,Dry,Single carriageway,40.0,Urban,Fine no high winds,2005,4.0,Not at or within 20 metres of junction,U-turn,Did not impact,8821,146
17556,2005,night (23-5),Slight,Darkness - lights lit,1,Dry,Single carriageway,60.0,Rural,Fine no high winds,2005,6.0,Not at or within 20 metres of junction,Going ahead other,Front,8821,4763
17557,2005,afternoon rush (15-19),Serious,Daylight,2,Dry,Single carriageway,60.0,Rural,Fine no high winds,2005,4.0,Not at or within 20 metres of junction,Going ahead other,Front,1105,4763
17558,2005,afternoon rush (15-19),Serious,Daylight,2,Dry,Single carriageway,60.0,Rural,Fine no high winds,2005,16.0,Not at or within 20 metres of junction,Going ahead other,Front,1105,4763
17560,2005,afternoon rush (15-19),Slight,Daylight,1,Wet or damp,Single carriageway,40.0,Urban,Fine no high winds,2005,1.0,Not at or within 20 metres of junction,Going ahead other,Offside,8821,4763
17563,2005,afternoon rush (15-19),Serious,Darkness - lights lit,4,Dry,Single carriageway,30.0,Rural,Fine no high winds,2005,5.0,Not at or within 20 metres of junction,Going ahead other,Front,1105,4763
17564,2005,afternoon rush (15-19),Serious,Darkness - lights lit,4,Dry,Single carriageway,30.0,Rural,Fine no high winds,2005,6.0,Not at or within 20 metres of junction,Slowing or stopping,Back,1105,752
17565,2005,office hours (10-15),Slight,Daylight,2,Wet or damp,Single carriageway,60.0,Rural,Fine no high winds,2005,1.0,Not at or within 20 metres of junction,Going ahead left-hand bend,Offside,8821,228
17566,2005,office hours (10-15),Slight,Daylight,2,Dry,Single carriageway,30.0,Urban,Fine no high winds,2005,6.0,Not at or within 20 metres of junction,Parked,Back,8821,309
17569,2005,afternoon rush (15-19),Serious,Darkness - lights lit,1,Dry,Single carriageway,40.0,Rural,Fine no high winds,2005,3.0,Approaching junction or waiting/parked at junction approach,Going ahead other,Front,1105,4763
17570,2005,afternoon rush (15-19),Slight,Darkness - lights lit,2,Dry,Single carriageway,40.0,Urban,Fine no high winds,2005,6.0,Not at or within 20 metres of junction,Going ahead other,Front,8821,4763
17571,2005,office hours (10-15),Slight,Daylight,1,Dry,Single carriageway,40.0,Rural,Fine no high winds,2005,2.0,Mid Junction - on roundabout or on main road,Slowing or stopping,Front,8821,752
17572,2005,afternoon rush (15-19),Slight,Daylight,5,Dry,Single carriageway,40.0,Urban,Fine no high winds,2005,1.0,Approaching junction or waiting/parked at junction approach,Moving off,Front,8821,251
17574,2005,evening (19-23),Slight,Darkness - lights lit,2,Wet or damp,Single carriageway,30.0,Urban,Fog or mist,2005,7.0,Approaching junction or waiting/parked at junction approach,Going ahead other,Front,8821,4763
17575,2005,evening (19-23),Slight,Darkness - lights lit,2,Wet or damp,Single carriageway,30.0,Urban,Fog or mist,2005,4.0,Approaching junction or waiting/parked at junction approach,Waiting to go - held up,Offside,8821,851
17576,2005,morning rush (5-10),Slight,Daylight,2,Wet or damp,Single carriageway,60.0,Rural,Raining no high winds,2005,2.0,Mid Junction - on roundabout or on main road,Turning right,Front,8821,1223
17579,2005,office hours (10-15),Slight,Daylight,1,Dry,Single carriageway,30.0,Urban,Fine no high winds,2005,6.0,Not at or within 20 metres of junction,Going ahead other,Front,8821,4763
17582,2005,morning rush (5-10),Slight,Daylight,1,Dry,Single carriageway,30.0,Urban,Fine no high winds,2005,6.0,Mid Junction - on roundabout or on main road,Going ahead other,Nearside,8821,4763
17583,2005,office hours (10-15),Slight,Daylight,1,Dry,Single carriageway,30.0,Urban,Fine no high winds,2005,2.0,Not at or within 20 metres of junction,Waiting to go - held up,Back,8821,851
17584,2005,office hours (10-15),Slight,Daylight,1,Dry,Single carriageway,30.0,Urban,Fine no high winds,2005,1.0,Not at or within 20 metres of junction,Waiting to go - held up,Front,8821,851
17585,2005,afternoon rush (15-19),Slight,Daylight,1,Dry,Single carriageway,30.0,Urban,Fine no high winds,2005,9.0,Entering from slip road,Going ahead other,Nearside,8821,4763
17587,2005,afternoon rush (15-19),Slight,Daylight,5,Dry,One way street,30.0,Urban,Fine no high winds,2005,9.0,Mid Junction - on roundabout or on main road,Turning left,Front,8821,324
17592,2005,evening (19-23),Slight,Daylight,1,Dry,Single carriageway,60.0,Rural,Fine no high winds,2005,17.0,Mid Junction - on roundabout or on main road,Moving off,Nearside,8821,251
17593,2005,morning rush (5-10),Slight,Daylight,1,Dry,Single carriageway,60.0,Rural,Fine no high winds,2005,4.0,Entering main road,Moving off,Offside,8821,251
17595,2005,office hours (10-15),Slight,Daylight,1,Wet or damp,Single carriageway,30.0,Urban,Raining no high winds,2005,9.0,Entering main road,Turning left,Offside,8821,324
17598,2005,morning rush (5-10),Slight,Daylight,2,Wet or damp,Single carriageway,30.0,Urban,Fine no high winds,2005,9.0,Mid Junction - on roundabout or on main road,Turning right,Front,8821,1223
17599,2005,morning rush (5-10),Slight,Daylight,2,Wet or damp,Single carriageway,30.0,Urban,Fine no high winds,2005,8.0,Mid Junction - on roundabout or on main road,Going ahead other,Front,8821,4763
17600,2005,office hours (10-15),Slight,Daylight,2,Dry,Single carriageway,50.0,Rural,Fine no high winds,2005,7.0,Approaching junction or waiting/parked at junction approach,Changing lane to left,Front,8821,76
17603,2005,afternoon rush (15-19),Slight,Daylight,2,Wet or damp,Single carriageway,30.0,Urban,Raining no high winds,2005,3.0,Mid Junction - on roundabout or on main road,Going ahead other,Back,8821,4763
17605,2005,office hours (10-15),Serious,Daylight,2,Dry,Single carriageway,30.0,Urban,Fine no high winds,2005,2.0,Entering main road,Turning right,Offside,1105,1223
17608,2005,afternoon rush (15-19),Serious,Daylight,3,Wet or damp,Single carriageway,60.0,Rural,Fine no high winds,2005,12.0,Not at or within 20 metres of junction,Going ahead other,Offside,1105,4763
17610,2005,office hours (10-15),Slight,Daylight,1,Dry,Roundabout,60.0,Rural,Fine no high winds,2005,8.0,Mid Junction - on roundabout or on main road,Going ahead other,Did not impact,8821,4763
17612,2005,evening (19-23),Slight,Darkness - lights lit,2,Wet or damp,Single carriageway,30.0,Rural,Fine no high winds,2005,6.0,Approaching junction or waiting/parked at junction approach,Slowing or stopping,Front,8821,752
17615,2005,afternoon rush (15-19),Slight,Daylight,2,Wet or damp,Single carriageway,30.0,Urban,Raining no high winds,2005,3.0,Approaching junction or waiting/parked at junction approach,Going ahead other,Nearside,8821,4763
17616,2005,afternoon rush (15-19),Slight,Daylight,2,Wet or damp,Single carriageway,30.0,Urban,Raining no high winds,2005,13.0,Approaching junction or waiting/parked at junction approach,Waiting to turn right,Front,8821,195
17617,2005,afternoon rush (15-19),Serious,Darkness - lights lit,1,Dry,Single carriageway,30.0,Urban,Fine no high winds,2005,11.0,Not at or within 20 metres of junction,Going ahead other,Front,1105,4763
17620,2005,evening (19-23),Slight,Daylight,1,Dry,Single carriageway,30.0,Urban,Fine no high winds,2005,3.0,Mid Junction - on roundabout or on main road,Turning right,Front,8821,1223
17621,2005,afternoon rush (15-19),Slight,Darkness - lights lit,2,Dry,Single carriageway,30.0,Urban,Fine no high winds,2005,2.0,Approaching junction or waiting/parked at junction approach,Waiting to go - held up,Back,8821,851
17622,2005,afternoon rush (15-19),Slight,Daylight,1,Wet or damp,Single carriageway,30.0,Urban,Fine no high winds,2005,11.0,Mid Junction - on roundabout or on main road,Going ahead other,Offside,8821,4763
17625,2005,office hours (10-15),Slight,Daylight,1,Wet or damp,Dual carriageway,60.0,Rural,Raining no high winds,2005,1.0,Entering roundabout,Slowing or stopping,Back,8821,752
17626,2005,morning rush (5-10),Slight,Daylight,1,Wet or damp,Single carriageway,30.0,Urban,Fine no high winds,2005,8.0,Mid Junction - on roundabout or on main road,Turning right,Front,8821,1223
17627,2005,office hours (10-15),Slight,Daylight,1,Frost or ice,Single carriageway,30.0,Urban,Fine no high winds,2005,1.0,Entering roundabout,Going ahead other,Front,8821,4763
17628,2005,office hours (10-15),Slight,Daylight,2,Dry,Roundabout,30.0,Rural,Fine no high winds,2005,8.0,Entering roundabout,Moving off,Front,8821,251
17629,2005,afternoon rush (15-19),Slight,Daylight,1,Dry,Dual carriageway,70.0,Rural,Fine + high winds,2005,4.0,Not at or within 20 metres of junction,Changing lane to left,Did not impact,8821,76
17630,2005,night (23-5),Serious,Darkness - lights lit,4,Dry,Single carriageway,40.0,Rural,Fine no high winds,2005,4.0,Not at or within 20 metres of junction,Going ahead other,Front,1105,4763
17634,2005,afternoon rush (15-19),Slight,Daylight,4,Dry,Roundabout,60.0,Urban,Fine no high winds,2005,12.0,Mid Junction - on roundabout or on main road,Slowing or stopping,Back,8821,752
17637,2005,morning rush (5-10),Slight,Daylight,2,Dry,Single carriageway,30.0,Urban,Fine no high winds,2005,5.0,Mid Junction - on roundabout or on main road,Moving off,Did not impact,8821,251
17639,2005,office hours (10-15),Slight,Daylight,1,Dry,Roundabout,60.0,Rural,Fine no high winds,2005,3.0,Approaching junction or waiting/parked at junction approach,Slowing or stopping,Front,8821,752
17640,2005,office hours (10-15),Slight,Daylight,2,Dry,Roundabout,30.0,Rural,Fine no high winds,2005,1.0,Entering roundabout,Going ahead right-hand bend,Nearside,8821,242
17642,2005,office hours (10-15),Serious,Daylight,2,Dry,Dual carriageway,40.0,Rural,Fine no high winds,2005,1.0,Approaching junction or waiting/parked at junction approach,Going ahead other,Front,1105,4763
17643,2005,afternoon rush (15-19),Slight,Daylight,2,Dry,Single carriageway,30.0,Urban,Fine no high winds,2005,9.0,Not at or within 20 metres of junction,Slowing or stopping,Back,8821,752
17644,2005,office hours (10-15),Slight,Daylight,1,Wet or damp,Single carriageway,30.0,Urban,Fine no high winds,2005,2.0,Leaving main road,Turning right,Front,8821,1223
17645,2005,office hours (10-15),Slight,Daylight,1,Dry,Single carriageway,60.0,Urban,Fine no high winds,2005,7.0,Approaching junction or waiting/parked at junction approach,Waiting to go - held up,Back,8821,851
17646,2005,office hours (10-15),Slight,Daylight,1,Dry,Single carriageway,60.0,Urban,Fine no high winds,2005,4.0,Approaching junction or waiting/parked at junction approach,Waiting to go - held up,Back,8821,851
17648,2005,afternoon rush (15-19),Slight,Daylight,1,Dry,Roundabout,30.0,Rural,Fine no high winds,2005,6.0,Entering roundabout,Moving off,Back,8821,251
17649,2005,afternoon rush (15-19),Slight,Daylight,3,Dry,Dual carriageway,70.0,Rural,Fine no high winds,2005,16.0,Not at or within 20 metres of junction,Going ahead other,Back,8821,4763
17650,2005,evening (19-23),Serious,Daylight,1,Dry,Dual carriageway,30.0,Urban,Fine no high winds,2005,2.0,Not at or within 20 metres of junction,Going ahead other,Front,1105,4763
17651,2005,office hours (10-15),Slight,Daylight,2,Dry,Slip road,70.0,Rural,Fine no high winds,2005,1.0,Approaching junction or waiting/parked at junction approach,Overtaking - nearside,Back,8821,69
17652,2005,afternoon rush (15-19),Slight,Daylight,3,Dry,Single carriageway,60.0,Rural,Fine no high winds,2005,8.0,Not at or within 20 metres of junction,Overtaking moving vehicle - offside,Front,8821,171
17653,2005,office hours (10-15),Slight,Daylight,2,Dry,Dual carriageway,60.0,Rural,Fine no high winds,2005,6.0,Mid Junction - on roundabout or on main road,U-turn,Offside,8821,146
17655,2005,office hours (10-15),Slight,Daylight,1,Dry,Single carriageway,30.0,Urban,Fine no high winds,2005,4.0,Not at or within 20 metres of junction,Going ahead other,Front,8821,4763
17658,2005,afternoon rush (15-19),Slight,Daylight,1,Dry,Dual carriageway,70.0,Rural,Fine no high winds,2005,10.0,Entering roundabout,Waiting to go - held up,Back,8821,851
17659,2005,morning rush (5-10),Serious,Daylight,17,Dry,Dual carriageway,70.0,Rural,Fine no high winds,2005,7.0,Not at or within 20 metres of junction,Going ahead other,Front,1105,4763
17661,2005,afternoon rush (15-19),Serious,Daylight,5,Dry,Single carriageway,60.0,Rural,Fine no high winds,2005,2.0,Not at or within 20 metres of junction,Waiting to go - held up,Back,1105,851
17665,2005,afternoon rush (15-19),Slight,Daylight,1,Dry,Dual carriageway,70.0,Rural,Fine no high winds,2005,2.0,Not at or within 20 metres of junction,Changing lane to right,Offside,8821,87
17668,2005,night (23-5),Serious,Darkness - lights lit,1,Dry,Single carriageway,30.0,Urban,Fine no high winds,2005,9.0,Approaching junction or waiting/parked at junction approach,Overtaking - nearside,Front,1105,69
17669,2005,office hours (10-15),Slight,Daylight,3,Dry,Single carriageway,30.0,Urban,Fine no high winds,2005,12.0,Not at or within 20 metres of junction,Waiting to go - held up,Back,8821,851
17670,2005,office hours (10-15),Slight,Daylight,3,Dry,Single carriageway,30.0,Urban,Fine no high winds,2005,4.0,Not at or within 20 metres of junction,Waiting to go - held up,Back,8821,851
17674,2005,morning rush (5-10),Slight,Daylight,1,Wet or damp,Roundabout,70.0,Rural,Fine no high winds,2005,10.0,Leaving roundabout,Going ahead other,Offside,8821,4763
17675,2005,office hours (10-15),Slight,Daylight,1,Dry,Roundabout,30.0,Rural,Fine no high winds,2005,8.0,Leaving roundabout,Moving off,Back,8821,251
17676,2005,afternoon rush (15-19),Fatal,Daylight,2,Wet or damp,Dual carriageway,70.0,Rural,Fine no high winds,2005,1.0,Not at or within 20 metres of junction,Changing lane to left,Nearside,73,76
17677,2005,office hours (10-15),Slight,Daylight,4,Dry,Single carriageway,30.0,Rural,Fine no high winds,2005,4.0,Entering roundabout,Moving off,Back,8821,251
17678,2005,evening (19-23),Slight,Darkness - lights lit,1,Wet or damp,Single carriageway,30.0,Urban,Raining no high winds,2005,9.0,Approaching junction or waiting/parked at junction approach,Turning right,Nearside,8821,1223
17679,2005,office hours (10-15),Slight,Daylight,2,Dry,Roundabout,30.0,Urban,Fine no high winds,2005,6.0,Entering roundabout,Going ahead other,Front,8821,4763
17680,2005,afternoon rush (15-19),Slight,Daylight,2,Dry,Dual carriageway,70.0,Rural,Fine no high winds,2005,2.0,Entering roundabout,Changing lane to right,Front,8821,87
17682,2005,office hours (10-15),Slight,Daylight,1,Dry,Single carriageway,60.0,Rural,Fine no high winds,2005,2.0,Cleared junction or waiting/parked at junction exit,Going ahead left-hand bend,Offside,8821,228
17683,2005,morning rush (5-10),Slight,Daylight,2,Wet or damp,Dual carriageway,30.0,Urban,Fine no high winds,2005,2.0,Mid Junction - on roundabout or on main road,Going ahead other,Front,8821,4763
17687,2005,afternoon rush (15-19),Slight,Daylight,4,Dry,Dual carriageway,30.0,Rural,Fine no high winds,2005,5.0,Mid Junction - on roundabout or on main road,Turning right,Nearside,8821,1223
17689,2005,evening (19-23),Slight,Darkness - lights lit,1,Wet or damp,Roundabout,30.0,Rural,Fine no high winds,2005,6.0,Mid Junction - on roundabout or on main road,Going ahead right-hand bend,Offside,8821,242