Crash_Ref_Number,Crash_Year,Daytime,Accident_Severity,Light_Conditions,Number_of_Casualties,Road_Surface_Conditions,Road_Type,Speed_limit,Urban_or_Rural_Area,Weather_Conditions,Crash_Year,Age_of_Vehicle,Junction_Location,Vehicle_Manoeuvre,First_Point_of_Impact,count1,count
18928,2005,morning rush (5-10),Serious,Daylight,1,Wet or damp,Single carriageway,60.0,Rural,Raining no high winds,2005,2.0,Not at or within 20 metres of junction,Going ahead left-hand bend,Front,1105,228
18930,2005,office hours (10-15),Slight,Daylight,1,Wet or damp,Single carriageway,30.0,Urban,Raining no high winds,2005,13.0,Not at or within 20 metres of junction,Going ahead other,Nearside,8821,4763
18931,2005,morning rush (5-10),Slight,Daylight,2,Dry,Single carriageway,30.0,Urban,Fine no high winds,2005,10.0,Not at or within 20 metres of junction,Going ahead left-hand bend,Nearside,8821,228
18935,2005,afternoon rush (15-19),Serious,Daylight,1,Dry,Single carriageway,30.0,Urban,Fine no high winds,2005,11.0,Mid Junction - on roundabout or on main road,Going ahead other,Nearside,1105,4763
18937,2005,office hours (10-15),Slight,Daylight,2,Dry,Single carriageway,30.0,Urban,Fine no high winds,2005,11.0,Approaching junction or waiting/parked at junction approach,Going ahead other,Front,8821,4763
18939,2005,office hours (10-15),Slight,Daylight,1,Dry,Roundabout,60.0,Rural,Fine no high winds,2005,1.0,Mid Junction - on roundabout or on main road,Turning right,Offside,8821,1223
18941,2005,afternoon rush (15-19),Serious,Daylight,2,Dry,Single carriageway,60.0,Rural,Fine no high winds,2005,9.0,Not at or within 20 metres of junction,Going ahead left-hand bend,Front,1105,228
18942,2005,afternoon rush (15-19),Slight,Daylight,2,Dry,Single carriageway,30.0,Urban,Fine no high winds,2005,1.0,Entering main road,Turning left,Front,8821,324
18943,2005,afternoon rush (15-19),Slight,Daylight,5,Dry,Single carriageway,60.0,Rural,Fine no high winds,2005,4.0,Mid Junction - on roundabout or on main road,Going ahead other,Front,8821,4763
18944,2005,morning rush (5-10),Slight,Daylight,1,Wet or damp,Single carriageway,30.0,Urban,Raining no high winds,2005,2.0,Mid Junction - on roundabout or on main road,Parked,Offside,8821,309
18945,2005,afternoon rush (15-19),Slight,Daylight,3,Dry,Single carriageway,40.0,Urban,Fine no high winds,2005,1.0,Not at or within 20 metres of junction,Parked,Back,8821,309
18946,2005,office hours (10-15),Slight,Daylight,2,Dry,Dual carriageway,30.0,Urban,Fine no high winds,2005,2.0,Not at or within 20 metres of junction,Going ahead left-hand bend,Front,8821,228
18947,2005,evening (19-23),Slight,Darkness - lights lit,1,Wet or damp,Single carriageway,30.0,Urban,Fine no high winds,2005,3.0,Not at or within 20 metres of junction,Going ahead other,Nearside,8821,4763
18948,2005,afternoon rush (15-19),Slight,Daylight,1,Dry,Single carriageway,30.0,Urban,Fine no high winds,2005,9.0,Not at or within 20 metres of junction,Waiting to go - held up,Back,8821,851
18951,2005,office hours (10-15),Slight,Daylight,1,Dry,Roundabout,30.0,Rural,Fine no high winds,2005,1.0,Mid Junction - on roundabout or on main road,Going ahead right-hand bend,Offside,8821,242
18953,2005,office hours (10-15),Serious,Daylight,5,Dry,Single carriageway,40.0,Rural,Fine no high winds,2005,6.0,Mid Junction - on roundabout or on main road,Going ahead other,Front,1105,4763
18955,2005,afternoon rush (15-19),Slight,Daylight,5,Wet or damp,Roundabout,60.0,Rural,Raining no high winds,2005,1.0,Mid Junction - on roundabout or on main road,Going ahead other,Back,8821,4763
18956,2005,night (23-5),Slight,Darkness - lights lit,1,Wet or damp,Single carriageway,40.0,Urban,Raining no high winds,2005,2.0,Not at or within 20 metres of junction,Moving off,Front,8821,251
18958,2005,morning rush (5-10),Slight,Daylight,2,Wet or damp,Dual carriageway,70.0,Rural,Fine no high winds,2005,4.0,Not at or within 20 metres of junction,Slowing or stopping,Front,8821,752
18959,2005,morning rush (5-10),Slight,Daylight,2,Wet or damp,Dual carriageway,70.0,Rural,Fine no high winds,2005,2.0,Not at or within 20 metres of junction,Waiting to go - held up,Back,8821,851
18962,2005,night (23-5),Slight,Darkness - lights lit,2,Wet or damp,Roundabout,30.0,Urban,Fine no high winds,2005,9.0,Mid Junction - on roundabout or on main road,Going ahead other,Nearside,8821,4763
18965,2005,morning rush (5-10),Slight,Daylight,1,Wet or damp,Single carriageway,30.0,Urban,Fine no high winds,2005,11.0,Approaching junction or waiting/parked at junction approach,Going ahead other,Front,8821,4763
18970,2005,afternoon rush (15-19),Slight,Darkness - lights lit,3,Wet or damp,Single carriageway,30.0,Rural,Fine no high winds,2005,3.0,Entering main road,Turning left,Front,8821,324
18972,2005,evening (19-23),Slight,Darkness - lights lit,2,Dry,Single carriageway,30.0,Urban,Fine no high winds,2005,3.0,Approaching junction or waiting/parked at junction approach,Overtaking moving vehicle - offside,Front,8821,171
18973,2005,office hours (10-15),Slight,Daylight,1,Dry,Roundabout,30.0,Urban,Fine no high winds,2005,11.0,Mid Junction - on roundabout or on main road,Turning right,Front,8821,1223
18974,2005,office hours (10-15),Slight,Daylight,1,Dry,Roundabout,30.0,Urban,Fine no high winds,2005,7.0,Mid Junction - on roundabout or on main road,Going ahead other,Front,8821,4763
18975,2005,afternoon rush (15-19),Serious,Daylight,3,Dry,Single carriageway,60.0,Rural,Fine no high winds,2005,3.0,Approaching junction or waiting/parked at junction approach,Going ahead left-hand bend,Front,1105,228
18976,2005,morning rush (5-10),Slight,Daylight,2,Dry,Dual carriageway,70.0,Rural,Fine no high winds,2005,1.0,Approaching junction or waiting/parked at junction approach,Slowing or stopping,Front,8821,752
18977,2005,morning rush (5-10),Slight,Daylight,2,Dry,Dual carriageway,70.0,Rural,Fine no high winds,2005,3.0,Approaching junction or waiting/parked at junction approach,Waiting to go - held up,Back,8821,851
18978,2005,afternoon rush (15-19),Slight,Daylight,2,Wet or damp,Single carriageway,30.0,Urban,Raining no high winds,2005,6.0,Mid Junction - on roundabout or on main road,Going ahead other,Front,8821,4763
18982,2005,afternoon rush (15-19),Slight,Daylight,1,Dry,Single carriageway,30.0,Urban,Fine no high winds,2005,9.0,Entering main road,Going ahead other,Nearside,8821,4763
18985,2005,afternoon rush (15-19),Slight,Daylight,1,Wet or damp,One way street,70.0,Rural,Fine no high winds,2005,5.0,Approaching junction or waiting/parked at junction approach,Slowing or stopping,Back,8821,752
18987,2005,night (23-5),Slight,Daylight,1,Dry,Single carriageway,30.0,Urban,Fine no high winds,2005,1.0,Mid Junction - on roundabout or on main road,Going ahead other,Offside,8821,4763
18988,2005,office hours (10-15),Slight,Daylight,3,Dry,Single carriageway,60.0,Rural,Fine no high winds,2005,10.0,Leaving main road,Waiting to turn right,Back,8821,195
18989,2005,office hours (10-15),Slight,Daylight,1,Dry,Single carriageway,60.0,Rural,Fine no high winds,2005,1.0,Not at or within 20 metres of junction,U-turn,Did not impact,8821,146
18990,2005,office hours (10-15),Slight,Daylight,1,Dry,Single carriageway,60.0,Rural,Fine no high winds,2005,3.0,Not at or within 20 metres of junction,Overtaking static vehicle - offside,Did not impact,8821,147
18991,2005,office hours (10-15),Slight,Daylight,1,Dry,Single carriageway,30.0,Urban,Fine no high winds,2005,3.0,Mid Junction - on roundabout or on main road,Going ahead other,Nearside,8821,4763
18994,2005,morning rush (5-10),Slight,Daylight,1,Dry,Single carriageway,30.0,Urban,Fine no high winds,2005,3.0,Not at or within 20 metres of junction,Parked,Did not impact,8821,309
18995,2005,office hours (10-15),Slight,Daylight,2,Dry,Roundabout,30.0,Urban,Fine no high winds,2005,3.0,Leaving roundabout,Waiting to go - held up,Back,8821,851
18997,2005,office hours (10-15),Slight,Daylight,3,Dry,Single carriageway,30.0,Urban,Fine no high winds,2005,10.0,Not at or within 20 metres of junction,Going ahead other,Front,8821,4763
18998,2005,evening (19-23),Slight,Darkness - lights lit,1,Dry,Single carriageway,30.0,Rural,Fine no high winds,2005,2.0,Mid Junction - on roundabout or on main road,Going ahead other,Nearside,8821,4763
19001,2005,night (23-5),Slight,Darkness - lights lit,2,Dry,Single carriageway,30.0,Rural,Fine no high winds,2005,3.0,Cleared junction or waiting/parked at junction exit,Parked,Back,8821,309
19003,2005,office hours (10-15),Slight,Daylight,2,Dry,Single carriageway,30.0,Urban,Fine no high winds,2005,6.0,Mid Junction - on roundabout or on main road,Going ahead other,Front,8821,4763
19004,2005,afternoon rush (15-19),Slight,Daylight,1,Dry,One way street,30.0,Urban,Fine no high winds,2005,2.0,Cleared junction or waiting/parked at junction exit,Going ahead other,Front,8821,4763
19006,2005,office hours (10-15),Slight,Daylight,3,Wet or damp,Single carriageway,60.0,Rural,Raining no high winds,2005,12.0,Not at or within 20 metres of junction,Going ahead other,Front,8821,4763
19007,2005,afternoon rush (15-19),Slight,Darkness - lights lit,1,Dry,Single carriageway,30.0,Urban,Fine no high winds,2005,3.0,Approaching junction or waiting/parked at junction approach,Going ahead other,Front,8821,4763
19009,2005,office hours (10-15),Slight,Daylight,1,Wet or damp,Single carriageway,60.0,Rural,Fine no high winds,2005,2.0,Not at or within 20 metres of junction,Going ahead right-hand bend,Front,8821,242
19011,2005,night (23-5),Slight,Darkness - no lighting,2,Wet or damp,Single carriageway,60.0,Rural,Raining + high winds,2005,5.0,Mid Junction - on roundabout or on main road,Changing lane to right,Front,8821,87
19013,2005,evening (19-23),Slight,Darkness - no lighting,2,Wet or damp,Single carriageway,60.0,Rural,Fine no high winds,2005,14.0,Not at or within 20 metres of junction,Going ahead other,Front,8821,4763
19016,2005,morning rush (5-10),Slight,Daylight,1,Wet or damp,Single carriageway,60.0,Rural,Fine no high winds,2005,2.0,Not at or within 20 metres of junction,Going ahead other,Front,8821,4763
19017,2005,morning rush (5-10),Slight,Daylight,1,Wet or damp,Single carriageway,60.0,Rural,Fine no high winds,2005,19.0,Not at or within 20 metres of junction,Slowing or stopping,Back,8821,752
19018,2005,evening (19-23),Serious,Darkness - lights lit,1,Wet or damp,One way street,30.0,Urban,Raining + high winds,2005,6.0,Approaching junction or waiting/parked at junction approach,Going ahead other,Front,1105,4763
19019,2005,evening (19-23),Serious,Darkness - no lighting,1,Frost or ice,Single carriageway,60.0,Rural,Fog or mist,2005,4.0,Not at or within 20 metres of junction,Going ahead right-hand bend,Nearside,1105,242
19020,2005,evening (19-23),Slight,Darkness - lights lit,1,Dry,Single carriageway,30.0,Rural,Fine no high winds,2005,10.0,Approaching junction or waiting/parked at junction approach,Waiting to go - held up,Back,8821,851
19022,2005,evening (19-23),Slight,Darkness - no lighting,1,Dry,Single carriageway,60.0,Rural,Fine no high winds,2005,1.0,Not at or within 20 metres of junction,Waiting to go - held up,Front,8821,851
19026,2005,morning rush (5-10),Slight,Daylight,1,Wet or damp,Single carriageway,60.0,Rural,Fine no high winds,2005,4.0,Not at or within 20 metres of junction,Going ahead left-hand bend,Front,8821,228
19027,2005,office hours (10-15),Slight,Daylight,1,Wet or damp,Single carriageway,30.0,Rural,Fine no high winds,2005,4.0,Entering main road,Turning right,Offside,8821,1223
19028,2005,morning rush (5-10),Slight,Daylight,3,Wet or damp,Single carriageway,30.0,Urban,Fine no high winds,2005,9.0,Mid Junction - on roundabout or on main road,Going ahead other,Nearside,8821,4763
19036,2005,evening (19-23),Slight,Daylight,5,Dry,Roundabout,30.0,Urban,Fine no high winds,2005,8.0,Entering roundabout,Going ahead other,Front,8821,4763
19037,2005,evening (19-23),Slight,Daylight,5,Dry,Roundabout,30.0,Urban,Fine no high winds,2005,12.0,Entering roundabout,Going ahead other,Offside,8821,4763
19038,2005,afternoon rush (15-19),Slight,Daylight,2,Dry,Single carriageway,50.0,Rural,Fine no high winds,2005,13.0,Approaching junction or waiting/parked at junction approach,Overtaking static vehicle - offside,Back,8821,147
19040,2005,afternoon rush (15-19),Slight,Daylight,1,Dry,Single carriageway,30.0,Urban,Fine no high winds,2005,1.0,Approaching junction or waiting/parked at junction approach,Waiting to go - held up,Back,8821,851
19041,2005,evening (19-23),Slight,Daylight,1,Dry,Single carriageway,30.0,Urban,Fine no high winds,2005,11.0,Approaching junction or waiting/parked at junction approach,Going ahead other,Nearside,8821,4763
19046,2005,afternoon rush (15-19),Slight,Daylight,3,Dry,Single carriageway,30.0,Urban,Fine no high winds,2005,3.0,Approaching junction or waiting/parked at junction approach,Going ahead other,Front,8821,4763
19047,2005,afternoon rush (15-19),Slight,Daylight,3,Dry,Single carriageway,30.0,Urban,Fine no high winds,2005,9.0,Approaching junction or waiting/parked at junction approach,Waiting to go - held up,Back,8821,851
19051,2005,office hours (10-15),Slight,Daylight,1,Dry,Single carriageway,30.0,Urban,Fine no high winds,2005,13.0,Entering main road,Going ahead other,Front,8821,4763
19052,2005,office hours (10-15),Slight,Daylight,1,Dry,Single carriageway,30.0,Urban,Fine no high winds,2005,9.0,Approaching junction or waiting/parked at junction approach,Going ahead other,Front,8821,4763
19056,2005,office hours (10-15),Slight,Daylight,1,Wet or damp,Roundabout,30.0,Rural,Fine no high winds,2005,7.0,Mid Junction - on roundabout or on main road,Going ahead other,Offside,8821,4763
19060,2005,afternoon rush (15-19),Slight,Daylight,1,Dry,Single carriageway,30.0,Urban,Fine no high winds,2005,11.0,Approaching junction or waiting/parked at junction approach,Overtaking static vehicle - offside,Front,8821,147
19061,2005,morning rush (5-10),Serious,Daylight,1,Dry,Dual carriageway,30.0,Urban,Fine no high winds,2005,7.0,Not at or within 20 metres of junction,Going ahead other,Front,1105,4763
19062,2005,afternoon rush (15-19),Slight,Daylight,1,Dry,Single carriageway,30.0,Urban,Fine no high winds,2005,11.0,Entering main road,Turning right,Offside,8821,1223
19066,2005,afternoon rush (15-19),Slight,Daylight,4,Dry,Single carriageway,50.0,Rural,Fine no high winds,2005,4.0,Mid Junction - on roundabout or on main road,Going ahead other,Front,8821,4763
19067,2005,evening (19-23),Slight,Darkness - lights lit,1,Wet or damp,Single carriageway,30.0,Urban,Raining no high winds,2005,3.0,Mid Junction - on roundabout or on main road,Going ahead other,Front,8821,4763
19068,2005,evening (19-23),Slight,Darkness - lights lit,3,Dry,Single carriageway,30.0,Urban,Fine no high winds,2005,6.0,Not at or within 20 metres of junction,Waiting to go - held up,Front,8821,851
19070,2005,afternoon rush (15-19),Slight,Daylight,1,Dry,Single carriageway,30.0,Urban,Fine no high winds,2005,4.0,Mid Junction - on roundabout or on main road,Going ahead other,Back,8821,4763
19071,2005,office hours (10-15),Slight,Daylight,2,Dry,Single carriageway,50.0,Rural,Fine no high winds,2005,1.0,Not at or within 20 metres of junction,Going ahead other,Front,8821,4763
19072,2005,office hours (10-15),Slight,Daylight,2,Dry,Single carriageway,50.0,Rural,Fine no high winds,2005,2.0,Not at or within 20 metres of junction,Going ahead other,Offside,8821,4763
19073,2005,afternoon rush (15-19),Slight,Daylight,1,Dry,Single carriageway,30.0,Urban,Fine no high winds,2005,8.0,Leaving main road,Turning left,Nearside,8821,324
19074,2005,afternoon rush (15-19),Serious,Daylight,1,Dry,Single carriageway,30.0,Urban,Fine no high winds,2005,5.0,Mid Junction - on roundabout or on main road,Going ahead other,Front,1105,4763
19076,2005,evening (19-23),Slight,Darkness - lights lit,2,Dry,Single carriageway,30.0,Urban,Fine no high winds,2005,10.0,Approaching junction or waiting/parked at junction approach,Waiting to go - held up,Back,8821,851
19077,2005,morning rush (5-10),Slight,Daylight,1,Dry,Single carriageway,30.0,Urban,Fine no high winds,2005,3.0,Approaching junction or waiting/parked at junction approach,Waiting to turn left,Back,8821,57
19078,2005,morning rush (5-10),Slight,Daylight,1,Dry,Single carriageway,30.0,Urban,Fine no high winds,2005,4.0,Approaching junction or waiting/parked at junction approach,Waiting to turn left,Front,8821,57
19079,2005,afternoon rush (15-19),Slight,Darkness - lights lit,1,Dry,Single carriageway,30.0,Urban,Fine no high winds,2005,5.0,Approaching junction or waiting/parked at junction approach,Waiting to turn right,Front,8821,195
19081,2005,afternoon rush (15-19),Slight,Daylight,1,Dry,Single carriageway,30.0,Urban,Fine no high winds,2005,3.0,Approaching junction or waiting/parked at junction approach,Going ahead other,Front,8821,4763
19082,2005,evening (19-23),Slight,Darkness - lights lit,2,Wet or damp,Single carriageway,30.0,Urban,Fine no high winds,2005,10.0,Mid Junction - on roundabout or on main road,Going ahead other,Front,8821,4763
19083,2005,afternoon rush (15-19),Slight,Darkness - lights lit,3,Wet or damp,Single carriageway,30.0,Urban,Fine no high winds,2005,3.0,Approaching junction or waiting/parked at junction approach,Going ahead other,Offside,8821,4763
19085,2005,night (23-5),Slight,Darkness - lights lit,2,Wet or damp,Roundabout,30.0,Rural,Raining no high winds,2005,1.0,Entering roundabout,Going ahead other,Back,8821,4763
19086,2005,afternoon rush (15-19),Slight,Darkness - lights unlit,1,Wet or damp,Single carriageway,30.0,Urban,Fine no high winds,2005,5.0,Cleared junction or waiting/parked at junction exit,Turning right,Front,8821,1223
19090,2005,afternoon rush (15-19),Slight,Daylight,2,Dry,Single carriageway,30.0,Urban,Fine no high winds,2005,7.0,Approaching junction or waiting/parked at junction approach,Changing lane to left,Nearside,8821,76
19091,2005,night (23-5),Serious,Darkness - lights lit,1,Wet or damp,Single carriageway,30.0,Urban,Raining no high winds,2005,5.0,Mid Junction - on roundabout or on main road,Going ahead other,Front,1105,4763
19093,2005,afternoon rush (15-19),Slight,Daylight,1,Dry,Single carriageway,30.0,Urban,Fine no high winds,2005,1.0,Not at or within 20 metres of junction,Reversing,Back,8821,108
19096,2005,office hours (10-15),Serious,Daylight,2,Dry,Single carriageway,30.0,Urban,Fine no high winds,2005,14.0,Mid Junction - on roundabout or on main road,Going ahead other,Front,1105,4763
19097,2005,afternoon rush (15-19),Serious,Daylight,2,Dry,Single carriageway,60.0,Rural,Fine no high winds,2005,6.0,Not at or within 20 metres of junction,Going ahead left-hand bend,Did not impact,1105,228
19100,2005,evening (19-23),Slight,Darkness - lights lit,1,Dry,Single carriageway,30.0,Urban,Fine no high winds,2005,3.0,Not at or within 20 metres of junction,Going ahead other,Nearside,8821,4763
19102,2005,office hours (10-15),Slight,Daylight,1,Dry,Single carriageway,30.0,Urban,Fine no high winds,2005,10.0,Not at or within 20 metres of junction,Waiting to go - held up,Back,8821,851
19103,2005,afternoon rush (15-19),Slight,Daylight,7,Dry,Single carriageway,30.0,Urban,Fine no high winds,2005,3.0,Cleared junction or waiting/parked at junction exit,Waiting to go - held up,Back,8821,851
19104,2005,afternoon rush (15-19),Slight,Daylight,7,Dry,Single carriageway,30.0,Urban,Fine no high winds,2005,5.0,Cleared junction or waiting/parked at junction exit,Waiting to go - held up,Back,8821,851
19105,2005,afternoon rush (15-19),Slight,Darkness - lights lit,4,Wet or damp,Single carriageway,30.0,Urban,Raining no high winds,2005,5.0,Cleared junction or waiting/parked at junction exit,Slowing or stopping,Front,8821,752
19106,2005,afternoon rush (15-19),Slight,Darkness - lights lit,4,Wet or damp,Single carriageway,30.0,Urban,Raining no high winds,2005,8.0,Cleared junction or waiting/parked at junction exit,Waiting to go - held up,Back,8821,851
19108,2005,office hours (10-15),Fatal,Daylight,1,Dry,Single carriageway,30.0,Urban,Fine no high winds,2005,10.0,Mid Junction - on roundabout or on main road,Going ahead other,Front,73,4763
19109,2005,afternoon rush (15-19),Slight,Darkness - lights lit,1,Wet or damp,Single carriageway,30.0,Urban,Raining no high winds,2005,1.0,Approaching junction or waiting/parked at junction approach,Going ahead other,Front,8821,4763
19110,2005,afternoon rush (15-19),Slight,Darkness - lights lit,1,Wet or damp,Single carriageway,30.0,Urban,Raining no high winds,2005,2.0,Approaching junction or waiting/parked at junction approach,Waiting to go - held up,Back,8821,851
19111,2005,afternoon rush (15-19),Slight,Daylight,1,Dry,Single carriageway,30.0,Urban,Fine no high winds,2005,8.0,Approaching junction or waiting/parked at junction approach,Going ahead other,Front,8821,4763
19112,2005,afternoon rush (15-19),Slight,Daylight,1,Dry,Single carriageway,30.0,Urban,Fine no high winds,2005,13.0,Approaching junction or waiting/parked at junction approach,Waiting to turn left,Front,8821,57
19113,2005,night (23-5),Serious,Daylight,1,Wet or damp,Single carriageway,30.0,Urban,Fine no high winds,2005,7.0,Not at or within 20 metres of junction,Going ahead left-hand bend,Offside,1105,228
19116,2005,evening (19-23),Serious,Daylight,3,Wet or damp,Single carriageway,60.0,Rural,Raining no high winds,2005,5.0,Not at or within 20 metres of junction,Going ahead left-hand bend,Front,1105,228
19117,2005,evening (19-23),Serious,Daylight,3,Wet or damp,Single carriageway,60.0,Rural,Raining no high winds,2005,7.0,Not at or within 20 metres of junction,Going ahead other,Offside,1105,4763
19118,2005,afternoon rush (15-19),Slight,Daylight,1,Dry,Single carriageway,30.0,Urban,Fine no high winds,2005,10.0,Mid Junction - on roundabout or on main road,Reversing,Back,8821,108
19119,2005,afternoon rush (15-19),Slight,Daylight,1,Wet or damp,Dual carriageway,70.0,Rural,Fine no high winds,2005,2.0,Mid Junction - on roundabout or on main road,Going ahead other,Back,8821,4763
19120,2005,morning rush (5-10),Slight,Daylight,1,Wet or damp,Roundabout,70.0,Rural,Fine no high winds,2005,6.0,Entering roundabout,Waiting to go - held up,Back,8821,851
19122,2005,office hours (10-15),Slight,Daylight,2,Wet or damp,Dual carriageway,70.0,Rural,Raining no high winds,2005,2.0,Not at or within 20 metres of junction,Turning left,Front,8821,324
19123,2005,afternoon rush (15-19),Slight,Daylight,1,Dry,Single carriageway,30.0,Urban,Fine no high winds,2005,5.0,Not at or within 20 metres of junction,Waiting to go - held up,Back,8821,851
19124,2005,morning rush (5-10),Slight,Daylight,2,Dry,Dual carriageway,70.0,Rural,Fine no high winds,2005,7.0,Entering from slip road,Changing lane to right,Front,8821,87
19125,2005,afternoon rush (15-19),Serious,Daylight,1,Dry,Single carriageway,40.0,Urban,Fine no high winds,2005,1.0,Not at or within 20 metres of junction,Going ahead right-hand bend,Front,1105,242
19126,2005,office hours (10-15),Slight,Daylight,1,Wet or damp,Single carriageway,30.0,Urban,Raining no high winds,2005,11.0,Leaving roundabout,Turning left,Offside,8821,324
19128,2005,afternoon rush (15-19),Slight,Daylight,2,Wet or damp,Single carriageway,50.0,Rural,Fine no high winds,2005,15.0,Not at or within 20 metres of junction,Going ahead other,Offside,8821,4763
19129,2005,afternoon rush (15-19),Slight,Daylight,2,Wet or damp,Single carriageway,50.0,Rural,Fine no high winds,2005,10.0,Not at or within 20 metres of junction,Going ahead other,Offside,8821,4763
19130,2005,office hours (10-15),Slight,Daylight,2,Dry,Single carriageway,30.0,Urban,Fine no high winds,2005,2.0,Approaching junction or waiting/parked at junction approach,Going ahead other,Front,8821,4763
19133,2005,afternoon rush (15-19),Slight,Daylight,1,Dry,Single carriageway,30.0,Rural,Fine no high winds,2005,6.0,Not at or within 20 metres of junction,Going ahead other,Front,8821,4763
19134,2005,afternoon rush (15-19),Slight,Daylight,1,Dry,Single carriageway,30.0,Urban,Fine no high winds,2005,1.0,Not at or within 20 metres of junction,Going ahead left-hand bend,Offside,8821,228
19136,2005,afternoon rush (15-19),Slight,Daylight,3,Dry,Single carriageway,40.0,Urban,Fine no high winds,2005,11.0,Mid Junction - on roundabout or on main road,Going ahead other,Front,8821,4763
19138,2005,evening (19-23),Slight,Darkness - lights lit,1,Wet or damp,Single carriageway,30.0,Urban,Raining no high winds,2005,3.0,Entering roundabout,Slowing or stopping,Front,8821,752
19141,2005,evening (19-23),Slight,Darkness - lights lit,2,Dry,Single carriageway,30.0,Urban,Fine no high winds,2005,4.0,Approaching junction or waiting/parked at junction approach,Parked,Offside,8821,309
19143,2005,morning rush (5-10),Slight,Daylight,1,Dry,Single carriageway,30.0,Rural,Fine no high winds,2005,1.0,Approaching junction or waiting/parked at junction approach,Turning right,Nearside,8821,1223
19147,2005,office hours (10-15),Slight,Daylight,2,Wet or damp,Single carriageway,30.0,Urban,Fine no high winds,2005,2.0,Approaching junction or waiting/parked at junction approach,Going ahead other,Back,8821,4763
19149,2005,afternoon rush (15-19),Slight,Daylight,2,Dry,Single carriageway,30.0,Rural,Fine no high winds,2005,2.0,Not at or within 20 metres of junction,Going ahead right-hand bend,Offside,8821,242
19152,2005,evening (19-23),Slight,Daylight,1,Dry,Single carriageway,30.0,Urban,Fine no high winds,2005,2.0,Leaving main road,Turning right,Did not impact,8821,1223
19153,2005,night (23-5),Slight,Darkness - lights lit,1,Dry,Dual carriageway,60.0,Rural,Fine no high winds,2005,11.0,Not at or within 20 metres of junction,Going ahead other,Front,8821,4763
19154,2005,afternoon rush (15-19),Slight,Daylight,1,Dry,Single carriageway,30.0,Urban,Fine no high winds,2005,12.0,Approaching junction or waiting/parked at junction approach,Waiting to go - held up,Back,8821,851
19155,2005,office hours (10-15),Slight,Daylight,1,Dry,Slip road,70.0,Urban,Fine no high winds,2005,2.0,Leaving main road,Going ahead left-hand bend,Nearside,8821,228
19157,2005,night (23-5),Slight,Darkness - lights lit,1,Dry,Slip road,30.0,Urban,Fine no high winds,2005,5.0,Cleared junction or waiting/parked at junction exit,Parked,Back,8821,309
19159,2005,night (23-5),Slight,Darkness - lights lit,1,Dry,Slip road,30.0,Urban,Fine no high winds,2005,6.0,Cleared junction or waiting/parked at junction exit,Parked,Back,8821,309
19161,2005,office hours (10-15),Serious,Daylight,1,Wet or damp,Single carriageway,40.0,Rural,Fine no high winds,2005,9.0,Approaching junction or waiting/parked at junction approach,Moving off,Offside,1105,251
19162,2005,afternoon rush (15-19),Slight,Daylight,2,Dry,Single carriageway,50.0,Rural,Fine no high winds,2005,11.0,Not at or within 20 metres of junction,Slowing or stopping,Back,8821,752
19163,2005,afternoon rush (15-19),Slight,Daylight,1,Dry,Dual carriageway,70.0,Rural,Fine no high winds,2005,3.0,Not at or within 20 metres of junction,Going ahead other,Front,8821,4763
19164,2005,afternoon rush (15-19),Slight,Daylight,3,Dry,Single carriageway,30.0,Urban,Fine no high winds,2005,7.0,Approaching junction or waiting/parked at junction approach,Going ahead other,Nearside,8821,4763
19165,2005,office hours (10-15),Fatal,Daylight,1,Wet or damp,Single carriageway,30.0,Urban,Fine no high winds,2005,28.0,Not at or within 20 metres of junction,Going ahead other,Nearside,73,4763
19166,2005,office hours (10-15),Slight,Daylight,1,Dry,Single carriageway,30.0,Urban,Fine no high winds,2005,5.0,Mid Junction - on roundabout or on main road,Going ahead right-hand bend,Front,8821,242
19169,2005,afternoon rush (15-19),Slight,Daylight,2,Wet or damp,Single carriageway,30.0,Urban,Fine no high winds,2005,2.0,Mid Junction - on roundabout or on main road,Going ahead other,Offside,8821,4763
19171,2005,afternoon rush (15-19),Slight,Daylight,4,Wet or damp,Dual carriageway,30.0,Urban,Fine no high winds,2005,4.0,Approaching junction or waiting/parked at junction approach,Waiting to go - held up,Back,8821,851
19173,2005,office hours (10-15),Slight,Daylight,2,Dry,Slip road,70.0,Urban,Fine no high winds,2005,19.0,Not at or within 20 metres of junction,Slowing or stopping,Back,8821,752
19174,2005,evening (19-23),Slight,Darkness - no lighting,1,Dry,Single carriageway,30.0,Urban,Fine no high winds,2005,2.0,Not at or within 20 metres of junction,Reversing,Back,8821,108
19175,2005,night (23-5),Serious,Daylight,3,Dry,Dual carriageway,30.0,Urban,Fine no high winds,2005,10.0,Mid Junction - on roundabout or on main road,Going ahead right-hand bend,Nearside,1105,242
19176,2005,office hours (10-15),Slight,Daylight,2,Dry,Single carriageway,30.0,Urban,Fine no high winds,2005,9.0,Not at or within 20 metres of junction,Reversing,Back,8821,108
19178,2005,morning rush (5-10),Serious,Daylight,2,Wet or damp,Single carriageway,60.0,Rural,Raining no high winds,2005,8.0,Mid Junction - on roundabout or on main road,Going ahead other,Front,1105,4763
19183,2005,office hours (10-15),Slight,Daylight,2,Frost or ice,Single carriageway,30.0,Urban,Fine no high winds,2005,5.0,Approaching junction or waiting/parked at junction approach,Going ahead right-hand bend,Nearside,8821,242