Crash_Ref_Number,Crash_Year,Daytime,Accident_Severity,Light_Conditions,Number_of_Casualties,Road_Surface_Conditions,Road_Type,Speed_limit,Urban_or_Rural_Area,Weather_Conditions,Crash_Year,Age_of_Vehicle,Junction_Location,Vehicle_Manoeuvre,First_Point_of_Impact,count1,count
19456,2005,evening (19-23),Serious,Darkness - lights lit,1,Dry,Single carriageway,30.0,Urban,Fine no high winds,2005,4.0,Not at or within 20 metres of junction,Going ahead other,Front,1105,4763
19457,2005,night (23-5),Slight,Daylight,1,Dry,Single carriageway,30.0,Urban,Fine + high winds,2005,4.0,Approaching junction or waiting/parked at junction approach,Going ahead other,Front,8821,4763
19458,2005,afternoon rush (15-19),Slight,Darkness - lights lit,1,Dry,Single carriageway,30.0,Urban,Fine no high winds,2005,10.0,Mid Junction - on roundabout or on main road,Going ahead other,Front,8821,4763
19463,2005,morning rush (5-10),Slight,Daylight,5,Wet or damp,Single carriageway,30.0,Urban,Raining no high winds,2005,2.0,Entering main road,Turning right,Front,8821,1223
19464,2005,afternoon rush (15-19),Slight,Darkness - lights lit,1,Dry,Single carriageway,30.0,Urban,Fine no high winds,2005,5.0,Approaching junction or waiting/parked at junction approach,Going ahead other,Front,8821,4763
19465,2005,office hours (10-15),Serious,Daylight,2,Dry,Single carriageway,30.0,Urban,Fine no high winds,2005,4.0,Approaching junction or waiting/parked at junction approach,Going ahead other,Front,1105,4763
19467,2005,afternoon rush (15-19),Slight,Daylight,3,Dry,Roundabout,30.0,Urban,Fine no high winds,2005,12.0,Approaching junction or waiting/parked at junction approach,Going ahead other,Back,8821,4763
19468,2005,afternoon rush (15-19),Slight,Daylight,3,Dry,Roundabout,30.0,Urban,Fine no high winds,2005,9.0,Approaching junction or waiting/parked at junction approach,Going ahead other,Front,8821,4763
19470,2005,morning rush (5-10),Slight,Daylight,1,Wet or damp,Single carriageway,60.0,Urban,Fine no high winds,2005,7.0,Not at or within 20 metres of junction,Going ahead other,Back,8821,4763
19473,2005,office hours (10-15),Slight,Daylight,2,Wet or damp,Single carriageway,30.0,Urban,Fine no high winds,2005,8.0,Approaching junction or waiting/parked at junction approach,Going ahead other,Front,8821,4763
19474,2005,afternoon rush (15-19),Serious,Darkness - no lighting,1,Wet or damp,Single carriageway,60.0,Rural,Fine no high winds,2005,2.0,Not at or within 20 metres of junction,Going ahead other,Front,1105,4763
19475,2005,evening (19-23),Slight,Darkness - lights lit,1,Dry,Single carriageway,50.0,Rural,Fine no high winds,2005,7.0,Approaching junction or waiting/parked at junction approach,Going ahead other,Front,8821,4763
19476,2005,evening (19-23),Slight,Darkness - lights lit,1,Dry,Single carriageway,50.0,Rural,Fine no high winds,2005,2.0,Approaching junction or waiting/parked at junction approach,Waiting to turn right,Did not impact,8821,195
19477,2005,office hours (10-15),Slight,Daylight,2,Dry,Single carriageway,30.0,Urban,Fine no high winds,2005,9.0,Not at or within 20 metres of junction,Reversing,Back,8821,108
19478,2005,office hours (10-15),Slight,Daylight,2,Dry,Single carriageway,30.0,Urban,Fine no high winds,2005,4.0,Not at or within 20 metres of junction,Going ahead other,Front,8821,4763
19479,2005,office hours (10-15),Slight,Daylight,1,Dry,Single carriageway,30.0,Urban,Fine no high winds,2005,12.0,Approaching junction or waiting/parked at junction approach,Moving off,Did not impact,8821,251
19480,2005,evening (19-23),Slight,Darkness - lights lit,1,Wet or damp,Single carriageway,30.0,Urban,Fine + high winds,2005,13.0,Leaving roundabout,Going ahead other,Offside,8821,4763
19481,2005,morning rush (5-10),Slight,Darkness - lights lit,1,Dry,Dual carriageway,60.0,Rural,Fine + high winds,2005,12.0,Not at or within 20 metres of junction,Going ahead left-hand bend,Front,8821,228
19482,2005,office hours (10-15),Slight,Daylight,1,Dry,Dual carriageway,40.0,Urban,Fine no high winds,2005,2.0,Mid Junction - on roundabout or on main road,Going ahead other,Front,8821,4763
19486,2005,evening (19-23),Slight,Darkness - lights lit,2,Wet or damp,Single carriageway,30.0,Urban,Fine no high winds,2005,5.0,Mid Junction - on roundabout or on main road,Moving off,Did not impact,8821,251
19487,2005,evening (19-23),Slight,Darkness - lights lit,2,Wet or damp,Single carriageway,30.0,Urban,Fine no high winds,2005,12.0,Mid Junction - on roundabout or on main road,Going ahead other,Front,8821,4763
19488,2005,evening (19-23),Slight,Darkness - lights lit,2,Wet or damp,Single carriageway,30.0,Urban,Fine no high winds,2005,3.0,Approaching junction or waiting/parked at junction approach,Parked,Front,8821,309
19489,2005,afternoon rush (15-19),Slight,Daylight,1,Wet or damp,Single carriageway,60.0,Rural,Fine no high winds,2005,10.0,Not at or within 20 metres of junction,Going ahead other,Front,8821,4763
19490,2005,evening (19-23),Slight,Darkness - lights unlit,1,Wet or damp,Single carriageway,30.0,Urban,Raining no high winds,2005,3.0,Not at or within 20 metres of junction,Overtaking - nearside,Front,8821,69
19491,2005,evening (19-23),Slight,Darkness - lights unlit,1,Wet or damp,Single carriageway,30.0,Urban,Raining no high winds,2005,5.0,Not at or within 20 metres of junction,Parked,Offside,8821,309
19492,2005,evening (19-23),Slight,Darkness - lights unlit,1,Wet or damp,Single carriageway,30.0,Urban,Raining no high winds,2005,7.0,Not at or within 20 metres of junction,Parked,Back,8821,309
19493,2005,evening (19-23),Slight,Darkness - lights unlit,1,Wet or damp,Single carriageway,30.0,Urban,Raining no high winds,2005,11.0,Not at or within 20 metres of junction,Going ahead other,Front,8821,4763
19495,2005,office hours (10-15),Slight,Daylight,1,Dry,Single carriageway,30.0,Urban,Fine + high winds,2005,3.0,Not at or within 20 metres of junction,Going ahead other,Front,8821,4763
19496,2005,office hours (10-15),Serious,Daylight,2,Wet or damp,Single carriageway,30.0,Urban,Raining + high winds,2005,6.0,Mid Junction - on roundabout or on main road,Going ahead other,Offside,1105,4763
19497,2005,office hours (10-15),Serious,Daylight,2,Wet or damp,Single carriageway,30.0,Urban,Raining + high winds,2005,11.0,Mid Junction - on roundabout or on main road,Going ahead other,Did not impact,1105,4763
19499,2005,morning rush (5-10),Slight,Daylight,1,Wet or damp,Single carriageway,60.0,Rural,Fine no high winds,2005,5.0,Not at or within 20 metres of junction,Going ahead other,Front,8821,4763
19504,2005,office hours (10-15),Slight,Daylight,1,Wet or damp,Single carriageway,30.0,Rural,Fine no high winds,2005,6.0,Mid Junction - on roundabout or on main road,Going ahead other,Nearside,8821,4763
19506,2005,afternoon rush (15-19),Slight,Darkness - lights lit,3,Dry,Single carriageway,30.0,Urban,Fine no high winds,2005,10.0,Not at or within 20 metres of junction,U-turn,Front,8821,146
19508,2005,evening (19-23),Slight,Darkness - lights lit,1,Wet or damp,Single carriageway,30.0,Urban,Fine no high winds,2005,4.0,Approaching junction or waiting/parked at junction approach,Going ahead other,Front,8821,4763
19509,2005,morning rush (5-10),Slight,Daylight,3,Wet or damp,Dual carriageway,70.0,Rural,Raining + high winds,2005,3.0,Not at or within 20 metres of junction,Going ahead other,Back,8821,4763
19510,2005,morning rush (5-10),Slight,Daylight,2,Dry,Single carriageway,30.0,Urban,Fine no high winds,2005,2.0,Cleared junction or waiting/parked at junction exit,Going ahead other,Front,8821,4763
19512,2005,office hours (10-15),Slight,Daylight,2,Dry,Roundabout,30.0,Urban,Fine no high winds,2005,3.0,Entering roundabout,Waiting to go - held up,Back,8821,851
19513,2005,office hours (10-15),Slight,Daylight,5,Dry,Dual carriageway,40.0,Urban,Fine no high winds,2005,2.0,Mid Junction - on roundabout or on main road,Turning right,Nearside,8821,1223
19518,2005,office hours (10-15),Slight,Daylight,1,Wet or damp,Single carriageway,40.0,Urban,Raining no high winds,2005,1.0,Approaching junction or waiting/parked at junction approach,Waiting to turn right,Did not impact,8821,195
19519,2005,night (23-5),Slight,Darkness - lights lit,1,Wet or damp,Single carriageway,30.0,Urban,Fine no high winds,2005,9.0,Not at or within 20 metres of junction,Going ahead other,Front,8821,4763
19520,2005,afternoon rush (15-19),Slight,Darkness - lights lit,1,Dry,Single carriageway,30.0,Urban,Fine no high winds,2005,8.0,Entering main road,Turning right,Front,8821,1223
19521,2005,morning rush (5-10),Slight,Darkness - lights lit,1,Wet or damp,Single carriageway,30.0,Urban,Fine no high winds,2005,1.0,Approaching junction or waiting/parked at junction approach,Waiting to turn right,Back,8821,195
19522,2005,office hours (10-15),Slight,Daylight,1,Dry,Single carriageway,30.0,Urban,Fine no high winds,2005,2.0,Cleared junction or waiting/parked at junction exit,Waiting to go - held up,Back,8821,851
19523,2005,office hours (10-15),Slight,Daylight,1,Dry,Dual carriageway,30.0,Urban,Fine no high winds,2005,12.0,Approaching junction or waiting/parked at junction approach,Slowing or stopping,Did not impact,8821,752
19525,2005,afternoon rush (15-19),Slight,Daylight,1,Wet or damp,Single carriageway,60.0,Rural,Fine no high winds,2005,10.0,Not at or within 20 metres of junction,Going ahead other,Front,8821,4763
19526,2005,evening (19-23),Serious,Daylight,2,Dry,Single carriageway,30.0,Urban,Fine no high winds,2005,12.0,Not at or within 20 metres of junction,Parked,Front,1105,309
19527,2005,morning rush (5-10),Slight,Daylight,2,Wet or damp,Single carriageway,30.0,Urban,Fine no high winds,2005,14.0,Not at or within 20 metres of junction,Going ahead right-hand bend,Front,8821,242
19531,2005,morning rush (5-10),Slight,Daylight,1,Dry,Roundabout,40.0,Rural,Fine no high winds,2005,7.0,Leaving roundabout,Going ahead left-hand bend,Offside,8821,228
19533,2005,office hours (10-15),Slight,Daylight,2,Dry,Slip road,30.0,Rural,Fine no high winds,2005,1.0,Entering roundabout,Waiting to go - held up,Back,8821,851
19534,2005,afternoon rush (15-19),Slight,Daylight,1,Dry,Single carriageway,30.0,Urban,Fine no high winds,2005,1.0,Not at or within 20 metres of junction,Overtaking moving vehicle - offside,Front,8821,171
19536,2005,office hours (10-15),Slight,Daylight,1,Dry,Single carriageway,30.0,Urban,Fine no high winds,2005,13.0,Not at or within 20 metres of junction,Turning right,Nearside,8821,1223
19537,2005,office hours (10-15),Slight,Daylight,1,Wet or damp,Roundabout,30.0,Urban,Fine no high winds,2005,7.0,Approaching junction or waiting/parked at junction approach,Slowing or stopping,Front,8821,752
19538,2005,office hours (10-15),Slight,Daylight,1,Wet or damp,Roundabout,30.0,Urban,Fine no high winds,2005,8.0,Approaching junction or waiting/parked at junction approach,Slowing or stopping,Back,8821,752
19539,2005,night (23-5),Fatal,Darkness - lights lit,7,Wet or damp,Single carriageway,50.0,Rural,Raining + high winds,2005,10.0,Cleared junction or waiting/parked at junction exit,Going ahead left-hand bend,Front,73,228
19540,2005,office hours (10-15),Serious,Daylight,5,Wet or damp,Roundabout,30.0,Urban,Fine + high winds,2005,3.0,Approaching junction or waiting/parked at junction approach,Going ahead other,Front,1105,4763
19541,2005,afternoon rush (15-19),Serious,Daylight,1,Dry,Single carriageway,30.0,Urban,Fine no high winds,2005,10.0,Entering main road,Turning right,Front,1105,1223
19543,2005,afternoon rush (15-19),Slight,Darkness - lights lit,2,Wet or damp,Single carriageway,30.0,Urban,Raining no high winds,2005,3.0,Mid Junction - on roundabout or on main road,Going ahead other,Front,8821,4763
19544,2005,evening (19-23),Slight,Darkness - lights lit,1,Wet or damp,Slip road,70.0,Rural,Raining no high winds,2005,9.0,Not at or within 20 metres of junction,Going ahead left-hand bend,Front,8821,228
19545,2005,morning rush (5-10),Slight,Daylight,1,Dry,Single carriageway,30.0,Urban,Fine no high winds,2005,15.0,Approaching junction or waiting/parked at junction approach,Turning left,Back,8821,324
19547,2005,office hours (10-15),Serious,Daylight,1,Dry,Roundabout,40.0,Rural,Fine no high winds,2005,8.0,Leaving roundabout,Overtaking moving vehicle - offside,Offside,1105,171
19548,2005,office hours (10-15),Serious,Daylight,1,Dry,Single carriageway,30.0,Urban,Fine no high winds,2005,3.0,Entering main road,Turning right,Nearside,1105,1223
19549,2005,afternoon rush (15-19),Slight,Daylight,2,Dry,Single carriageway,30.0,Urban,Fine no high winds,2005,1.0,Approaching junction or waiting/parked at junction approach,Slowing or stopping,Back,8821,752
19550,2005,afternoon rush (15-19),Slight,Daylight,1,Dry,Single carriageway,30.0,Urban,Fine no high winds,2005,2.0,Leaving roundabout,Waiting to go - held up,Back,8821,851
19551,2005,morning rush (5-10),Slight,Daylight,1,Dry,Single carriageway,30.0,Urban,Fine no high winds,2005,6.0,Approaching junction or waiting/parked at junction approach,Waiting to go - held up,Back,8821,851
19552,2005,afternoon rush (15-19),Slight,Daylight,2,Dry,Single carriageway,30.0,Urban,Fine no high winds,2005,5.0,Approaching junction or waiting/parked at junction approach,Waiting to go - held up,Back,8821,851
19554,2005,morning rush (5-10),Slight,Daylight,2,Dry,Single carriageway,30.0,Urban,Fine no high winds,2005,3.0,Not at or within 20 metres of junction,Going ahead left-hand bend,Front,8821,228
19557,2005,afternoon rush (15-19),Serious,Darkness - lights lit,1,Dry,Single carriageway,30.0,Urban,Fine no high winds,2005,5.0,Approaching junction or waiting/parked at junction approach,Going ahead other,Front,1105,4763
19558,2005,afternoon rush (15-19),Serious,Darkness - lights lit,1,Dry,Single carriageway,30.0,Urban,Fine no high winds,2005,1.0,Approaching junction or waiting/parked at junction approach,Turning right,Front,1105,1223
19559,2005,office hours (10-15),Serious,Daylight,1,Dry,Single carriageway,30.0,Urban,Fine no high winds,2005,2.0,Not at or within 20 metres of junction,Going ahead other,Front,1105,4763
19560,2005,evening (19-23),Slight,Darkness - no lighting,3,Wet or damp,Dual carriageway,30.0,Rural,Fine no high winds,2005,11.0,Not at or within 20 metres of junction,Going ahead other,Front,8821,4763
19561,2005,office hours (10-15),Slight,Daylight,1,Dry,Single carriageway,30.0,Urban,Fine no high winds,2005,1.0,Leaving main road,Going ahead other,Offside,8821,4763
19562,2005,morning rush (5-10),Slight,Daylight,3,Dry,Single carriageway,60.0,Rural,Fine no high winds,2005,9.0,Cleared junction or waiting/parked at junction exit,Going ahead other,Front,8821,4763
19565,2005,office hours (10-15),Slight,Daylight,2,Dry,Single carriageway,30.0,Urban,Fine no high winds,2005,7.0,Mid Junction - on roundabout or on main road,Going ahead other,Front,8821,4763
19568,2005,afternoon rush (15-19),Slight,Darkness - lights lit,3,Wet or damp,Single carriageway,30.0,Urban,Fine no high winds,2005,9.0,Approaching junction or waiting/parked at junction approach,Going ahead other,Front,8821,4763
19570,2005,afternoon rush (15-19),Slight,Daylight,1,Dry,Roundabout,30.0,Urban,Fine no high winds,2005,2.0,Approaching junction or waiting/parked at junction approach,Waiting to go - held up,Back,8821,851
19571,2005,office hours (10-15),Slight,Daylight,1,Dry,Single carriageway,30.0,Urban,Fine no high winds,2005,10.0,Approaching junction or waiting/parked at junction approach,Turning right,Offside,8821,1223
19576,2005,evening (19-23),Slight,Darkness - lights lit,2,Dry,Single carriageway,30.0,Urban,Fine no high winds,2005,5.0,Mid Junction - on roundabout or on main road,Waiting to turn right,Nearside,8821,195
19578,2005,morning rush (5-10),Slight,Daylight,1,Dry,Dual carriageway,40.0,Urban,Fine no high winds,2005,3.0,Not at or within 20 metres of junction,Going ahead other,Offside,8821,4763
19579,2005,afternoon rush (15-19),Slight,Daylight,3,Dry,Single carriageway,30.0,Urban,Fine no high winds,2005,10.0,Approaching junction or waiting/parked at junction approach,Waiting to turn right,Back,8821,195
19580,2005,afternoon rush (15-19),Slight,Daylight,1,Dry,Single carriageway,30.0,Urban,Fine no high winds,2005,10.0,Mid Junction - on roundabout or on main road,Turning right,Nearside,8821,1223
19583,2005,evening (19-23),Serious,Darkness - lights lit,4,Wet or damp,Single carriageway,30.0,Urban,Fine no high winds,2005,11.0,Not at or within 20 metres of junction,Overtaking moving vehicle - offside,Nearside,1105,171
19585,2005,evening (19-23),Serious,Darkness - lighting unknown,2,Dry,Single carriageway,30.0,Urban,Fine no high winds,2005,2.0,Not at or within 20 metres of junction,Going ahead other,Front,1105,4763
19586,2005,office hours (10-15),Slight,Daylight,1,Dry,Single carriageway,30.0,Urban,Fine no high winds,2005,2.0,Approaching junction or waiting/parked at junction approach,Waiting to go - held up,Did not impact,8821,851
19588,2005,office hours (10-15),Slight,Daylight,1,Dry,Single carriageway,30.0,Urban,Fine no high winds,2005,1.0,Cleared junction or waiting/parked at junction exit,Reversing,Back,8821,108
19589,2005,morning rush (5-10),Serious,Daylight,1,Wet or damp,Dual carriageway,70.0,Rural,Fine no high winds,2005,7.0,Not at or within 20 metres of junction,Going ahead left-hand bend,Nearside,1105,228
19590,2005,evening (19-23),Slight,Darkness - lights lit,1,Dry,Single carriageway,30.0,Urban,Fine no high winds,2005,2.0,Mid Junction - on roundabout or on main road,Going ahead other,Front,8821,4763
19594,2005,evening (19-23),Slight,Daylight,3,Dry,Dual carriageway,30.0,Urban,Fine no high winds,2005,2.0,Approaching junction or waiting/parked at junction approach,Going ahead other,Nearside,8821,4763
19601,2005,evening (19-23),Slight,Darkness - lights lit,1,Dry,Single carriageway,30.0,Urban,Fine no high winds,2005,11.0,Cleared junction or waiting/parked at junction exit,Going ahead other,Front,8821,4763
19603,2005,night (23-5),Slight,Darkness - lights lit,2,Dry,Dual carriageway,30.0,Urban,Fine no high winds,2005,15.0,Approaching junction or waiting/parked at junction approach,Going ahead other,Nearside,8821,4763
19604,2005,evening (19-23),Serious,Darkness - lights lit,3,Dry,Single carriageway,30.0,Rural,Fine no high winds,2005,3.0,Entering roundabout,Going ahead other,Front,1105,4763
19605,2005,morning rush (5-10),Slight,Daylight,2,Wet or damp,Dual carriageway,30.0,Urban,Fine no high winds,2005,1.0,Mid Junction - on roundabout or on main road,Turning right,Nearside,8821,1223
19606,2005,afternoon rush (15-19),Slight,Daylight,2,Dry,Single carriageway,30.0,Urban,Fine no high winds,2005,4.0,Mid Junction - on roundabout or on main road,Going ahead other,Offside,8821,4763
19609,2005,office hours (10-15),Slight,Daylight,1,Dry,Single carriageway,30.0,Urban,Fine no high winds,2005,4.0,Not at or within 20 metres of junction,Going ahead other,Front,8821,4763
19610,2005,office hours (10-15),Slight,Daylight,2,Wet or damp,Single carriageway,30.0,Urban,Raining no high winds,2005,3.0,Approaching junction or waiting/parked at junction approach,Waiting to turn right,Back,8821,195
19615,2005,office hours (10-15),Serious,Daylight,1,Wet or damp,Single carriageway,30.0,Urban,Fine no high winds,2005,2.0,Not at or within 20 metres of junction,Going ahead other,Nearside,1105,4763
19616,2005,afternoon rush (15-19),Slight,Daylight,2,Dry,Dual carriageway,30.0,Urban,Fine no high winds,2005,3.0,Mid Junction - on roundabout or on main road,Going ahead other,Front,8821,4763
19617,2005,afternoon rush (15-19),Slight,Daylight,1,Dry,Single carriageway,30.0,Urban,Fine no high winds,2005,4.0,Entering main road,Turning right,Offside,8821,1223
19619,2005,office hours (10-15),Slight,Daylight,3,Wet or damp,Single carriageway,30.0,Urban,Raining no high winds,2005,2.0,Entering main road,Turning right,Offside,8821,1223
19620,2005,afternoon rush (15-19),Slight,Daylight,1,Wet or damp,Dual carriageway,40.0,Urban,Fine no high winds,2005,3.0,Not at or within 20 metres of junction,Going ahead other,Back,8821,4763
19621,2005,afternoon rush (15-19),Slight,Daylight,1,Wet or damp,Single carriageway,30.0,Urban,Raining + high winds,2005,1.0,Mid Junction - on roundabout or on main road,Turning right,Front,8821,1223
19622,2005,office hours (10-15),Slight,Daylight,1,Dry,Single carriageway,30.0,Urban,Fine no high winds,2005,1.0,Not at or within 20 metres of junction,Reversing,Back,8821,108
19623,2005,afternoon rush (15-19),Slight,Daylight,2,Dry,Single carriageway,30.0,Urban,Fine no high winds,2005,5.0,Not at or within 20 metres of junction,Going ahead other,Back,8821,4763
19625,2005,afternoon rush (15-19),Serious,Daylight,2,Dry,Single carriageway,30.0,Urban,Fine no high winds,2005,4.0,Mid Junction - on roundabout or on main road,Going ahead other,Nearside,1105,4763
19627,2005,evening (19-23),Serious,Darkness - lights lit,1,Dry,Single carriageway,30.0,Urban,Fine no high winds,2005,2.0,Not at or within 20 metres of junction,Parked,Back,1105,309
19628,2005,evening (19-23),Serious,Darkness - no lighting,3,Dry,Single carriageway,60.0,Rural,Fine + high winds,2005,6.0,Not at or within 20 metres of junction,Going ahead other,Front,1105,4763
19629,2005,afternoon rush (15-19),Slight,Daylight,2,Dry,Single carriageway,30.0,Rural,Fine no high winds,2005,2.0,Approaching junction or waiting/parked at junction approach,Going ahead other,Nearside,8821,4763
19630,2005,afternoon rush (15-19),Slight,Daylight,1,Dry,Single carriageway,30.0,Urban,Fine no high winds,2005,1.0,Approaching junction or waiting/parked at junction approach,Waiting to go - held up,Offside,8821,851
19633,2005,evening (19-23),Slight,Darkness - lights lit,1,Dry,Single carriageway,30.0,Urban,Fine no high winds,2005,11.0,Approaching junction or waiting/parked at junction approach,Parked,Back,8821,309
19635,2005,afternoon rush (15-19),Slight,Daylight,1,Dry,Single carriageway,30.0,Urban,Fine no high winds,2005,11.0,Mid Junction - on roundabout or on main road,Overtaking moving vehicle - offside,Nearside,8821,171
19636,2005,office hours (10-15),Slight,Daylight,3,Wet or damp,Single carriageway,30.0,Rural,Fine no high winds,2005,2.0,Cleared junction or waiting/parked at junction exit,Going ahead right-hand bend,Front,8821,242
19638,2005,office hours (10-15),Slight,Daylight,3,Wet or damp,Single carriageway,30.0,Urban,Fine no high winds,2005,12.0,Not at or within 20 metres of junction,Going ahead other,Front,8821,4763
19639,2005,afternoon rush (15-19),Serious,Daylight,1,Dry,Single carriageway,30.0,Urban,Fine no high winds,2005,2.0,Mid Junction - on roundabout or on main road,Going ahead other,Nearside,1105,4763
19640,2005,evening (19-23),Serious,Daylight,1,Dry,Single carriageway,30.0,Urban,Fine no high winds,2005,14.0,Not at or within 20 metres of junction,Moving off,Nearside,1105,251
19641,2005,office hours (10-15),Slight,Daylight,1,Dry,Single carriageway,30.0,Urban,Fine no high winds,2005,8.0,Not at or within 20 metres of junction,Going ahead other,Offside,8821,4763
19643,2005,afternoon rush (15-19),Slight,Daylight,1,Wet or damp,Single carriageway,30.0,Urban,Raining no high winds,2005,3.0,Cleared junction or waiting/parked at junction exit,Going ahead other,Back,8821,4763
19644,2005,afternoon rush (15-19),Slight,Daylight,1,Wet or damp,Single carriageway,30.0,Urban,Raining no high winds,2005,1.0,Cleared junction or waiting/parked at junction exit,Going ahead other,Front,8821,4763
19645,2005,morning rush (5-10),Slight,Daylight,1,Dry,Single carriageway,30.0,Urban,Fine no high winds,2005,3.0,Approaching junction or waiting/parked at junction approach,Going ahead other,Front,8821,4763
19647,2005,evening (19-23),Slight,Darkness - lights lit,2,Dry,Single carriageway,30.0,Urban,Fine no high winds,2005,11.0,Approaching junction or waiting/parked at junction approach,Going ahead other,Front,8821,4763
19648,2005,office hours (10-15),Slight,Daylight,1,Dry,One way street,30.0,Urban,Fine no high winds,2005,1.0,Mid Junction - on roundabout or on main road,Reversing,Back,8821,108
19649,2005,office hours (10-15),Slight,Daylight,1,Dry,Single carriageway,30.0,Urban,Fine no high winds,2005,3.0,Not at or within 20 metres of junction,Going ahead other,Nearside,8821,4763
19650,2005,office hours (10-15),Slight,Daylight,1,Dry,Single carriageway,30.0,Urban,Fine no high winds,2005,8.0,Approaching junction or waiting/parked at junction approach,Going ahead other,Front,8821,4763
19651,2005,afternoon rush (15-19),Slight,Daylight,2,Dry,Roundabout,30.0,Urban,Fine no high winds,2005,5.0,Entering roundabout,Waiting to go - held up,Back,8821,851
19652,2005,afternoon rush (15-19),Slight,Daylight,2,Dry,Single carriageway,30.0,Urban,Fine no high winds,2005,1.0,Not at or within 20 metres of junction,Waiting to go - held up,Back,8821,851
19658,2005,morning rush (5-10),Slight,Daylight,2,Dry,Dual carriageway,50.0,Urban,Fine no high winds,2005,9.0,Not at or within 20 metres of junction,Going ahead right-hand bend,Front,8821,242
19659,2005,afternoon rush (15-19),Fatal,Daylight,1,Dry,Single carriageway,30.0,Urban,Fine no high winds,2005,9.0,Not at or within 20 metres of junction,Going ahead other,Did not impact,73,4763
19664,2005,morning rush (5-10),Slight,Daylight,2,Dry,Single carriageway,30.0,Urban,Fine no high winds,2005,2.0,Mid Junction - on roundabout or on main road,Going ahead other,Front,8821,4763
19666,2005,afternoon rush (15-19),Slight,Daylight,1,Dry,Single carriageway,30.0,Urban,Fine no high winds,2005,7.0,Not at or within 20 metres of junction,Waiting to go - held up,Back,8821,851
19667,2005,afternoon rush (15-19),Slight,Daylight,3,Dry,Single carriageway,30.0,Urban,Fine no high winds,2005,2.0,Approaching junction or waiting/parked at junction approach,Going ahead other,Nearside,8821,4763
19668,2005,afternoon rush (15-19),Slight,Daylight,5,Dry,Single carriageway,30.0,Urban,Fine no high winds,2005,4.0,Mid Junction - on roundabout or on main road,Turning right,Front,8821,1223
19669,2005,office hours (10-15),Slight,Daylight,1,Dry,Single carriageway,30.0,Urban,Fine no high winds,2005,2.0,Not at or within 20 metres of junction,Slowing or stopping,Front,8821,752
19671,2005,office hours (10-15),Slight,Daylight,1,Dry,Single carriageway,30.0,Urban,Fine no high winds,2005,10.0,Approaching junction or waiting/parked at junction approach,Moving off,Front,8821,251
19672,2005,morning rush (5-10),Slight,Daylight,1,Dry,Single carriageway,30.0,Urban,Fine no high winds,2005,14.0,Not at or within 20 metres of junction,Going ahead other,Front,8821,4763
19673,2005,afternoon rush (15-19),Slight,Daylight,1,Dry,Single carriageway,30.0,Urban,Fine no high winds,2005,1.0,Approaching junction or waiting/parked at junction approach,Slowing or stopping,Did not impact,8821,752
19674,2005,afternoon rush (15-19),Slight,Daylight,1,Dry,Single carriageway,30.0,Urban,Fine no high winds,2005,2.0,Not at or within 20 metres of junction,Going ahead other,Offside,8821,4763
19680,2005,afternoon rush (15-19),Serious,Daylight,1,Dry,Single carriageway,30.0,Urban,Fine no high winds,2005,13.0,Mid Junction - on roundabout or on main road,Overtaking moving vehicle - offside,Nearside,1105,171
19681,2005,afternoon rush (15-19),Serious,Daylight,1,Dry,Single carriageway,30.0,Urban,Fine no high winds,2005,5.0,Mid Junction - on roundabout or on main road,Turning right,Offside,1105,1223
19682,2005,afternoon rush (15-19),Slight,Daylight,1,Dry,Dual carriageway,70.0,Rural,Fine no high winds,2005,6.0,Approaching junction or waiting/parked at junction approach,Going ahead other,Back,8821,4763
19683,2005,evening (19-23),Slight,Daylight,1,Dry,Single carriageway,30.0,Urban,Raining no high winds,2005,13.0,Not at or within 20 metres of junction,Changing lane to right,Offside,8821,87
19685,2005,afternoon rush (15-19),Slight,Daylight,1,Dry,Single carriageway,30.0,Rural,Fine no high winds,2005,1.0,Not at or within 20 metres of junction,Going ahead other,Front,8821,4763
19687,2005,office hours (10-15),Slight,Daylight,2,Dry,Single carriageway,30.0,Urban,Fine no high winds,2005,2.0,Cleared junction or waiting/parked at junction exit,Overtaking static vehicle - offside,Nearside,8821,147
19689,2005,office hours (10-15),Slight,Daylight,1,Wet or damp,Single carriageway,30.0,Urban,Raining no high winds,2005,1.0,Mid Junction - on roundabout or on main road,Turning right,Nearside,8821,1223
19692,2005,afternoon rush (15-19),Slight,Daylight,5,Dry,Single carriageway,30.0,Urban,Fine no high winds,2005,8.0,Approaching junction or waiting/parked at junction approach,Going ahead other,Front,8821,4763
19693,2005,evening (19-23),Slight,Daylight,3,Dry,Single carriageway,30.0,Urban,Fine no high winds,2005,1.0,Entering main road,Turning right,Nearside,8821,1223
19694,2005,afternoon rush (15-19),Slight,Daylight,1,Dry,Single carriageway,30.0,Urban,Fine no high winds,2005,8.0,Leaving main road,Going ahead other,Front,8821,4763
19695,2005,afternoon rush (15-19),Slight,Daylight,1,Wet or damp,Single carriageway,50.0,Rural,Raining no high winds,2005,1.0,Not at or within 20 metres of junction,Slowing or stopping,Front,8821,752