Crash_Ref_Number,Crash_Year,Daytime,Accident_Severity,Light_Conditions,Number_of_Casualties,Road_Surface_Conditions,Road_Type,Speed_limit,Urban_or_Rural_Area,Weather_Conditions,Crash_Year,Age_of_Vehicle,Junction_Location,Vehicle_Manoeuvre,First_Point_of_Impact,count1,count
19984,2005,morning rush (5-10),Slight,Darkness - lights lit,1,Wet or damp,Roundabout,30.0,Urban,Fine no high winds,2005,5.0,Entering roundabout,Slowing or stopping,Back,8821,752
19987,2005,afternoon rush (15-19),Slight,Darkness - lights lit,4,Wet or damp,Dual carriageway,30.0,Urban,Fine no high winds,2005,4.0,Mid Junction - on roundabout or on main road,Going ahead other,Nearside,8821,4763
19990,2005,office hours (10-15),Slight,Daylight,1,Wet or damp,Dual carriageway,30.0,Urban,Fine no high winds,2005,1.0,Mid Junction - on roundabout or on main road,Going ahead other,Front,8821,4763
19991,2005,afternoon rush (15-19),Slight,Darkness - lights lit,1,Dry,Single carriageway,30.0,Urban,Fine no high winds,2005,1.0,Approaching junction or waiting/parked at junction approach,Waiting to go - held up,Back,8821,851
19992,2005,evening (19-23),Slight,Daylight,2,Dry,Single carriageway,30.0,Rural,Fine no high winds,2005,2.0,Approaching junction or waiting/parked at junction approach,Waiting to go - held up,Back,8821,851
19993,2005,evening (19-23),Slight,Darkness - lights lit,1,Dry,Single carriageway,30.0,Urban,Fine no high winds,2005,6.0,Approaching junction or waiting/parked at junction approach,Parked,Offside,8821,309
19994,2005,night (23-5),Slight,Darkness - lights lit,1,Dry,Single carriageway,30.0,Urban,Fine no high winds,2005,6.0,Not at or within 20 metres of junction,Going ahead left-hand bend,Offside,8821,228
19998,2005,afternoon rush (15-19),Slight,Daylight,2,Wet or damp,Single carriageway,30.0,Rural,Raining no high winds,2005,5.0,Not at or within 20 metres of junction,Parked,Nearside,8821,309
20001,2005,office hours (10-15),Slight,Daylight,1,Dry,Dual carriageway,40.0,Rural,Fine no high winds,2005,2.0,Approaching junction or waiting/parked at junction approach,Slowing or stopping,Front,8821,752
20002,2005,afternoon rush (15-19),Slight,Darkness - lights lit,1,Dry,Roundabout,30.0,Urban,Fine no high winds,2005,5.0,Leaving roundabout,Going ahead other,Front,8821,4763
20005,2005,office hours (10-15),Serious,Daylight,3,Wet or damp,Dual carriageway,30.0,Urban,Raining + high winds,2005,1.0,Approaching junction or waiting/parked at junction approach,Turning right,Front,1105,1223
20007,2005,evening (19-23),Slight,Darkness - lights lit,3,Wet or damp,Dual carriageway,70.0,Rural,Raining + high winds,2005,1.0,Mid Junction - on roundabout or on main road,Going ahead right-hand bend,Back,8821,242
20009,2005,afternoon rush (15-19),Slight,Darkness - lights lit,1,Dry,Single carriageway,30.0,Urban,Fine no high winds,2005,2.0,Cleared junction or waiting/parked at junction exit,Waiting to go - held up,Front,8821,851
20010,2005,office hours (10-15),Slight,Daylight,1,Dry,Single carriageway,30.0,Urban,Fine no high winds,2005,2.0,Not at or within 20 metres of junction,Going ahead other,Front,8821,4763
20011,2005,office hours (10-15),Slight,Daylight,1,Dry,Single carriageway,30.0,Urban,Fine no high winds,2005,1.0,Not at or within 20 metres of junction,Going ahead other,Back,8821,4763
20014,2005,night (23-5),Slight,Darkness - lights lit,1,Dry,Single carriageway,30.0,Urban,Fine no high winds,2005,7.0,Not at or within 20 metres of junction,Turning right,Front,8821,1223
20016,2005,office hours (10-15),Slight,Daylight,1,Dry,Single carriageway,30.0,Urban,Fine no high winds,2005,12.0,Not at or within 20 metres of junction,Parked,Front,8821,309
20021,2005,morning rush (5-10),Slight,Daylight,1,Wet or damp,Single carriageway,30.0,Urban,Raining no high winds,2005,1.0,Not at or within 20 metres of junction,Going ahead other,Front,8821,4763
20022,2005,office hours (10-15),Slight,Daylight,1,Dry,Single carriageway,30.0,Urban,Fine no high winds,2005,4.0,Leaving main road,Turning right,Front,8821,1223
20023,2005,morning rush (5-10),Slight,Daylight,1,Dry,Single carriageway,30.0,Urban,Fine no high winds,2005,2.0,Cleared junction or waiting/parked at junction exit,Turning right,Nearside,8821,1223
20024,2005,afternoon rush (15-19),Slight,Darkness - lights lit,1,Dry,Single carriageway,30.0,Urban,Fine no high winds,2005,17.0,Approaching junction or waiting/parked at junction approach,Going ahead other,Offside,8821,4763
20026,2005,afternoon rush (15-19),Slight,Daylight,1,Dry,Single carriageway,30.0,Urban,Fine no high winds,2005,11.0,Cleared junction or waiting/parked at junction exit,Going ahead other,Offside,8821,4763
20028,2005,office hours (10-15),Serious,Daylight,1,Dry,Single carriageway,30.0,Urban,Fine no high winds,2005,2.0,Not at or within 20 metres of junction,Reversing,Back,1105,108
20032,2005,afternoon rush (15-19),Slight,Darkness - lights lit,1,Wet or damp,Single carriageway,30.0,Urban,Fine no high winds,2005,2.0,Approaching junction or waiting/parked at junction approach,Going ahead other,Front,8821,4763
20034,2005,evening (19-23),Slight,Darkness - lights lit,1,Wet or damp,Single carriageway,30.0,Urban,Raining no high winds,2005,4.0,Cleared junction or waiting/parked at junction exit,Turning right,Offside,8821,1223
20035,2005,afternoon rush (15-19),Slight,Daylight,2,Dry,Single carriageway,30.0,Urban,Fine no high winds,2005,4.0,Mid Junction - on roundabout or on main road,Slowing or stopping,Back,8821,752
20038,2005,morning rush (5-10),Serious,Daylight,3,Dry,Dual carriageway,40.0,Urban,Fine no high winds,2005,6.0,Cleared junction or waiting/parked at junction exit,Waiting to go - held up,Front,1105,851
20040,2005,morning rush (5-10),Slight,Daylight,1,Wet or damp,Dual carriageway,40.0,Urban,Fine no high winds,2005,5.0,Not at or within 20 metres of junction,Going ahead other,Front,8821,4763
20042,2005,office hours (10-15),Slight,Daylight,1,Dry,One way street,30.0,Urban,Fine no high winds,2005,4.0,Approaching junction or waiting/parked at junction approach,Going ahead other,Front,8821,4763
20045,2005,office hours (10-15),Slight,Daylight,1,Dry,Roundabout,40.0,Urban,Fine no high winds,2005,11.0,Mid Junction - on roundabout or on main road,Moving off,Back,8821,251
20048,2005,night (23-5),Slight,Darkness - lights lit,1,Wet or damp,Single carriageway,30.0,Urban,Fine no high winds,2005,15.0,Not at or within 20 metres of junction,Parked,Back,8821,309
20049,2005,morning rush (5-10),Slight,Daylight,1,Dry,Single carriageway,30.0,Urban,Fine no high winds,2005,11.0,Cleared junction or waiting/parked at junction exit,Going ahead other,Nearside,8821,4763
20050,2005,evening (19-23),Slight,Darkness - lights lit,1,Dry,Single carriageway,30.0,Urban,Fine no high winds,2005,3.0,Mid Junction - on roundabout or on main road,Parked,Offside,8821,309
20051,2005,office hours (10-15),Slight,Daylight,1,Dry,Single carriageway,30.0,Urban,Fine no high winds,2005,3.0,Not at or within 20 metres of junction,Waiting to go - held up,Nearside,8821,851
20053,2005,afternoon rush (15-19),Slight,Daylight,1,Dry,Single carriageway,30.0,Urban,Fine no high winds,2005,3.0,Not at or within 20 metres of junction,Going ahead other,Front,8821,4763
20055,2005,evening (19-23),Slight,Darkness - lights lit,1,Dry,One way street,30.0,Urban,Fine no high winds,2005,7.0,Not at or within 20 metres of junction,Moving off,Did not impact,8821,251
20056,2005,evening (19-23),Slight,Darkness - lights lit,2,Dry,Roundabout,50.0,Rural,Fine no high winds,2005,11.0,Approaching junction or waiting/parked at junction approach,Going ahead other,Nearside,8821,4763
20058,2005,afternoon rush (15-19),Slight,Daylight,8,Dry,Dual carriageway,40.0,Urban,Fine no high winds,2005,6.0,Mid Junction - on roundabout or on main road,Going ahead other,Front,8821,4763
20060,2005,afternoon rush (15-19),Slight,Daylight,1,Dry,Single carriageway,30.0,Urban,Fine no high winds,2005,12.0,Not at or within 20 metres of junction,Turning right,Offside,8821,1223
20061,2005,afternoon rush (15-19),Slight,Daylight,1,Dry,Roundabout,30.0,Rural,Fine no high winds,2005,7.0,Leaving roundabout,Turning right,Nearside,8821,1223
20066,2005,afternoon rush (15-19),Slight,Daylight,1,Dry,Single carriageway,50.0,Rural,Fine no high winds,2005,4.0,Not at or within 20 metres of junction,Waiting to go - held up,Back,8821,851
20067,2005,evening (19-23),Slight,Darkness - lights lit,1,Wet or damp,Roundabout,30.0,Urban,Fine no high winds,2005,3.0,Leaving roundabout,Turning left,Offside,8821,324
20068,2005,morning rush (5-10),Slight,Daylight,1,Wet or damp,Single carriageway,60.0,Rural,Raining no high winds,2005,3.0,Approaching junction or waiting/parked at junction approach,Going ahead other,Did not impact,8821,4763
20069,2005,afternoon rush (15-19),Slight,Daylight,1,Wet or damp,Single carriageway,30.0,Urban,Raining no high winds,2005,6.0,Mid Junction - on roundabout or on main road,Going ahead other,Front,8821,4763
20074,2005,office hours (10-15),Serious,Daylight,1,Dry,Single carriageway,30.0,Urban,Fine no high winds,2005,10.0,Not at or within 20 metres of junction,Reversing,Back,1105,108
20078,2005,afternoon rush (15-19),Slight,Daylight,1,Dry,Single carriageway,30.0,Urban,Fine no high winds,2005,6.0,Not at or within 20 metres of junction,Changing lane to right,Offside,8821,87
20081,2005,office hours (10-15),Slight,Daylight,3,Dry,Single carriageway,30.0,Urban,Fine no high winds,2005,1.0,Mid Junction - on roundabout or on main road,Going ahead other,Nearside,8821,4763
20082,2005,morning rush (5-10),Slight,Daylight,3,Wet or damp,Single carriageway,50.0,Urban,Fine no high winds,2005,1.0,Approaching junction or waiting/parked at junction approach,Waiting to go - held up,Back,8821,851
20083,2005,afternoon rush (15-19),Slight,Daylight,1,Wet or damp,Single carriageway,30.0,Urban,Raining no high winds,2005,2.0,Entering main road,Turning right,Front,8821,1223
20084,2005,office hours (10-15),Slight,Daylight,1,Dry,Roundabout,30.0,Urban,Fine no high winds,2005,9.0,Mid Junction - on roundabout or on main road,Going ahead other,Nearside,8821,4763
20085,2005,afternoon rush (15-19),Slight,Daylight,1,Wet or damp,Single carriageway,30.0,Urban,Fine no high winds,2005,3.0,Not at or within 20 metres of junction,Waiting to turn left,Offside,8821,57
20088,2005,morning rush (5-10),Slight,Daylight,1,Wet or damp,Dual carriageway,40.0,Urban,Fine no high winds,2005,5.0,Approaching junction or waiting/parked at junction approach,Slowing or stopping,Front,8821,752
20089,2005,afternoon rush (15-19),Slight,Daylight,2,Dry,Dual carriageway,40.0,Urban,Fine no high winds,2005,1.0,Mid Junction - on roundabout or on main road,Going ahead other,Front,8821,4763
20090,2005,office hours (10-15),Slight,Daylight,1,Wet or damp,Single carriageway,30.0,Urban,Raining no high winds,2005,7.0,Approaching junction or waiting/parked at junction approach,Going ahead other,Front,8821,4763
20091,2005,afternoon rush (15-19),Slight,Daylight,1,Wet or damp,Single carriageway,30.0,Urban,Raining no high winds,2005,11.0,Mid Junction - on roundabout or on main road,Going ahead other,Front,8821,4763
20092,2005,afternoon rush (15-19),Slight,Daylight,1,Dry,Slip road,30.0,Urban,Fine no high winds,2005,2.0,Mid Junction - on roundabout or on main road,Going ahead left-hand bend,Back,8821,228
20094,2005,night (23-5),Slight,Darkness - no lighting,1,Dry,Single carriageway,50.0,Rural,Fine no high winds,2005,22.0,Not at or within 20 metres of junction,Overtaking moving vehicle - offside,Front,8821,171
20095,2005,office hours (10-15),Slight,Daylight,2,Dry,Dual carriageway,40.0,Urban,Fine no high winds,2005,12.0,Approaching junction or waiting/parked at junction approach,Waiting to turn right,Back,8821,195
20097,2005,afternoon rush (15-19),Slight,Daylight,1,Dry,Dual carriageway,40.0,Urban,Fine no high winds,2005,4.0,Mid Junction - on roundabout or on main road,Slowing or stopping,Back,8821,752
20098,2005,morning rush (5-10),Slight,Daylight,1,Wet or damp,Single carriageway,30.0,Rural,Raining no high winds,2005,9.0,Cleared junction or waiting/parked at junction exit,Moving off,Nearside,8821,251
20099,2005,afternoon rush (15-19),Slight,Daylight,1,Dry,Roundabout,40.0,Urban,Fine no high winds,2005,3.0,Mid Junction - on roundabout or on main road,Going ahead left-hand bend,Front,8821,228
20100,2005,afternoon rush (15-19),Slight,Daylight,1,Dry,Single carriageway,30.0,Urban,Fine no high winds,2005,10.0,Approaching junction or waiting/parked at junction approach,Turning right,Offside,8821,1223
20102,2005,office hours (10-15),Slight,Daylight,1,Dry,Single carriageway,30.0,Urban,Fine no high winds,2005,6.0,Cleared junction or waiting/parked at junction exit,Slowing or stopping,Back,8821,752
20103,2005,afternoon rush (15-19),Slight,Daylight,2,Dry,Dual carriageway,30.0,Rural,Fine no high winds,2005,9.0,Mid Junction - on roundabout or on main road,Waiting to go - held up,Back,8821,851
20105,2005,morning rush (5-10),Slight,Daylight,1,Dry,Roundabout,30.0,Urban,Fine no high winds,2005,3.0,Approaching junction or waiting/parked at junction approach,Slowing or stopping,Back,8821,752
20108,2005,office hours (10-15),Slight,Daylight,1,Dry,Single carriageway,30.0,Urban,Fine no high winds,2005,6.0,Not at or within 20 metres of junction,Waiting to go - held up,Nearside,8821,851
20111,2005,afternoon rush (15-19),Slight,Daylight,4,Dry,Single carriageway,30.0,Urban,Fine no high winds,2005,7.0,Approaching junction or waiting/parked at junction approach,Going ahead other,Front,8821,4763
20112,2005,office hours (10-15),Slight,Daylight,1,Dry,Slip road,30.0,Urban,Fine no high winds,2005,9.0,Entering main road,Moving off,Nearside,8821,251
20113,2005,afternoon rush (15-19),Slight,Daylight,1,Dry,Dual carriageway,30.0,Urban,Fine no high winds,2005,2.0,Approaching junction or waiting/parked at junction approach,Slowing or stopping,Back,8821,752
20114,2005,office hours (10-15),Slight,Daylight,1,Dry,Single carriageway,30.0,Urban,Fine no high winds,2005,12.0,Approaching junction or waiting/parked at junction approach,Going ahead other,Front,8821,4763
20115,2005,morning rush (5-10),Slight,Daylight,1,Dry,Single carriageway,30.0,Urban,Fine no high winds,2005,1.0,Approaching junction or waiting/parked at junction approach,Waiting to turn right,Front,8821,195
20116,2005,night (23-5),Slight,Darkness - lights lit,1,Dry,Single carriageway,30.0,Urban,Fine no high winds,2005,3.0,Not at or within 20 metres of junction,Going ahead other,Offside,8821,4763
20117,2005,night (23-5),Slight,Darkness - lights lit,4,Wet or damp,Single carriageway,30.0,Urban,Raining no high winds,2005,7.0,Mid Junction - on roundabout or on main road,Going ahead other,Front,8821,4763
20119,2005,office hours (10-15),Slight,Daylight,1,Dry,Single carriageway,30.0,Urban,Fine no high winds,2005,9.0,Not at or within 20 metres of junction,Waiting to go - held up,Back,8821,851
20120,2005,afternoon rush (15-19),Slight,Daylight,2,Dry,Single carriageway,30.0,Urban,Fine no high winds,2005,2.0,Mid Junction - on roundabout or on main road,Going ahead other,Front,8821,4763
20121,2005,office hours (10-15),Slight,Daylight,1,Dry,Single carriageway,30.0,Urban,Fine no high winds,2005,5.0,Not at or within 20 metres of junction,Going ahead other,Front,8821,4763
20123,2005,office hours (10-15),Slight,Daylight,1,Dry,Single carriageway,30.0,Urban,Fine no high winds,2005,5.0,Approaching junction or waiting/parked at junction approach,Turning left,Back,8821,324
20124,2005,office hours (10-15),Slight,Daylight,1,Dry,Single carriageway,30.0,Urban,Fine no high winds,2005,14.0,Approaching junction or waiting/parked at junction approach,Turning left,Front,8821,324
20125,2005,morning rush (5-10),Slight,Daylight,1,Wet or damp,Single carriageway,40.0,Rural,Raining no high winds,2005,6.0,Not at or within 20 metres of junction,Going ahead other,Back,8821,4763
20126,2005,morning rush (5-10),Slight,Daylight,1,Wet or damp,Single carriageway,40.0,Rural,Raining no high winds,2005,3.0,Not at or within 20 metres of junction,Going ahead other,Front,8821,4763
20133,2005,office hours (10-15),Slight,Daylight,1,Dry,Single carriageway,30.0,Urban,Fine no high winds,2005,16.0,Entering main road,Turning left,Nearside,8821,324
20135,2005,afternoon rush (15-19),Serious,Daylight,1,Dry,Single carriageway,30.0,Urban,Fine no high winds,2005,4.0,Mid Junction - on roundabout or on main road,Going ahead other,Front,1105,4763
20137,2005,afternoon rush (15-19),Slight,Daylight,3,Dry,Single carriageway,30.0,Urban,Fine no high winds,2005,2.0,Approaching junction or waiting/parked at junction approach,Slowing or stopping,Back,8821,752
20140,2005,afternoon rush (15-19),Slight,Daylight,1,Dry,Single carriageway,30.0,Urban,Fine no high winds,2005,2.0,Mid Junction - on roundabout or on main road,Parked,Back,8821,309
20141,2005,office hours (10-15),Slight,Daylight,2,Dry,Single carriageway,30.0,Urban,Fine no high winds,2005,3.0,Approaching junction or waiting/parked at junction approach,Going ahead other,Front,8821,4763
20144,2005,afternoon rush (15-19),Slight,Daylight,3,Dry,Dual carriageway,70.0,Rural,Fine no high winds,2005,10.0,Not at or within 20 metres of junction,Going ahead other,Front,8821,4763
20145,2005,afternoon rush (15-19),Slight,Daylight,5,Dry,Single carriageway,30.0,Urban,Fine no high winds,2005,1.0,Approaching junction or waiting/parked at junction approach,Slowing or stopping,Back,8821,752
20146,2005,afternoon rush (15-19),Slight,Daylight,5,Dry,Single carriageway,30.0,Urban,Fine no high winds,2005,4.0,Approaching junction or waiting/parked at junction approach,Going ahead other,Front,8821,4763
20149,2005,evening (19-23),Slight,Daylight,1,Wet or damp,Roundabout,30.0,Urban,Raining no high winds,2005,7.0,Leaving roundabout,Turning left,Front,8821,324
20150,2005,office hours (10-15),Slight,Daylight,1,Dry,Dual carriageway,40.0,Rural,Fine no high winds,2005,5.0,Mid Junction - on roundabout or on main road,Going ahead other,Did not impact,8821,4763
20152,2005,office hours (10-15),Slight,Daylight,1,Dry,Single carriageway,50.0,Urban,Fine no high winds,2005,3.0,Approaching junction or waiting/parked at junction approach,Slowing or stopping,Back,8821,752
20157,2005,evening (19-23),Slight,Daylight,1,Wet or damp,Dual carriageway,30.0,Urban,Fine no high winds,2005,2.0,Mid Junction - on roundabout or on main road,Going ahead other,Nearside,8821,4763
20159,2005,office hours (10-15),Slight,Daylight,1,Dry,Single carriageway,30.0,Urban,Fine no high winds,2005,6.0,Not at or within 20 metres of junction,Parked,Front,8821,309
20160,2005,afternoon rush (15-19),Slight,Daylight,1,Dry,Dual carriageway,40.0,Urban,Fine no high winds,2005,8.0,Approaching junction or waiting/parked at junction approach,Turning right,Nearside,8821,1223
20161,2005,afternoon rush (15-19),Slight,Daylight,4,Dry,Single carriageway,30.0,Urban,Fine no high winds,2005,4.0,Approaching junction or waiting/parked at junction approach,Going ahead other,Front,8821,4763
20162,2005,morning rush (5-10),Slight,Daylight,2,Dry,Single carriageway,30.0,Urban,Fine no high winds,2005,12.0,Mid Junction - on roundabout or on main road,Turning right,Back,8821,1223
20164,2005,afternoon rush (15-19),Slight,Daylight,1,Dry,Single carriageway,30.0,Urban,Fine no high winds,2005,1.0,Approaching junction or waiting/parked at junction approach,Overtaking moving vehicle - offside,Front,8821,171
20166,2005,morning rush (5-10),Slight,Daylight,1,Wet or damp,Single carriageway,50.0,Rural,Raining no high winds,2005,5.0,Not at or within 20 metres of junction,Slowing or stopping,Front,8821,752
20167,2005,morning rush (5-10),Slight,Daylight,1,Wet or damp,Single carriageway,50.0,Rural,Raining no high winds,2005,5.0,Not at or within 20 metres of junction,Slowing or stopping,Back,8821,752
20169,2005,evening (19-23),Slight,Daylight,1,Wet or damp,Single carriageway,30.0,Urban,Raining no high winds,2005,4.0,Mid Junction - on roundabout or on main road,Going ahead other,Offside,8821,4763
20171,2005,morning rush (5-10),Slight,Daylight,1,Dry,Dual carriageway,40.0,Rural,Fine no high winds,2005,6.0,Not at or within 20 metres of junction,Moving off,Front,8821,251
20173,2005,office hours (10-15),Slight,Daylight,1,Dry,Roundabout,30.0,Urban,Fine no high winds,2005,2.0,Entering roundabout,Going ahead left-hand bend,Nearside,8821,228
20174,2005,afternoon rush (15-19),Slight,Daylight,1,Dry,Single carriageway,30.0,Urban,Fine no high winds,2005,6.0,Approaching junction or waiting/parked at junction approach,Waiting to go - held up,Back,8821,851
20175,2005,evening (19-23),Slight,Darkness - lights lit,1,Dry,Single carriageway,30.0,Urban,Fine no high winds,2005,1.0,Approaching junction or waiting/parked at junction approach,Going ahead other,Offside,8821,4763
20176,2005,office hours (10-15),Slight,Daylight,1,Dry,Single carriageway,30.0,Urban,Fine no high winds,2005,7.0,Not at or within 20 metres of junction,Reversing,Back,8821,108
20178,2005,evening (19-23),Slight,Daylight,1,Dry,Single carriageway,30.0,Urban,Fine no high winds,2005,10.0,Approaching junction or waiting/parked at junction approach,Going ahead other,Nearside,8821,4763
20182,2005,afternoon rush (15-19),Slight,Daylight,1,Dry,Dual carriageway,30.0,Urban,Fine no high winds,2005,2.0,Not at or within 20 metres of junction,Slowing or stopping,Offside,8821,752
20184,2005,office hours (10-15),Slight,Daylight,1,Wet or damp,Dual carriageway,30.0,Urban,Raining no high winds,2005,2.0,Approaching junction or waiting/parked at junction approach,Waiting to go - held up,Back,8821,851
20186,2005,afternoon rush (15-19),Slight,Daylight,4,Dry,Dual carriageway,30.0,Rural,Fine no high winds,2005,3.0,Leaving roundabout,Waiting to go - held up,Back,8821,851
20187,2005,evening (19-23),Slight,Daylight,1,Dry,Single carriageway,30.0,Urban,Fine no high winds,2005,6.0,Approaching junction or waiting/parked at junction approach,Slowing or stopping,Offside,8821,752
20188,2005,office hours (10-15),Slight,Daylight,2,Dry,Single carriageway,30.0,Urban,Fine no high winds,2005,8.0,Mid Junction - on roundabout or on main road,Going ahead other,Front,8821,4763
20190,2005,afternoon rush (15-19),Serious,Daylight,3,Dry,Single carriageway,30.0,Urban,Fine no high winds,2005,5.0,Mid Junction - on roundabout or on main road,Going ahead other,Front,1105,4763
20191,2005,office hours (10-15),Slight,Daylight,1,Dry,Single carriageway,30.0,Urban,Fine no high winds,2005,6.0,Not at or within 20 metres of junction,Waiting to go - held up,Back,8821,851
20192,2005,evening (19-23),Slight,Daylight,2,Wet or damp,Single carriageway,30.0,Urban,Raining no high winds,2005,7.0,Not at or within 20 metres of junction,Going ahead other,Nearside,8821,4763
20194,2005,evening (19-23),Slight,Daylight,2,Dry,Dual carriageway,40.0,Urban,Fine no high winds,2005,14.0,Mid Junction - on roundabout or on main road,Going ahead other,Front,8821,4763
20197,2005,evening (19-23),Slight,Daylight,1,Wet or damp,Single carriageway,30.0,Urban,Raining no high winds,2005,9.0,Approaching junction or waiting/parked at junction approach,Turning left,Front,8821,324
20198,2005,evening (19-23),Slight,Daylight,1,Wet or damp,Single carriageway,30.0,Urban,Raining no high winds,2005,4.0,Approaching junction or waiting/parked at junction approach,Going ahead other,Front,8821,4763
20202,2005,afternoon rush (15-19),Slight,Daylight,1,Dry,Dual carriageway,30.0,Urban,Fine no high winds,2005,3.0,Not at or within 20 metres of junction,Waiting to go - held up,Back,8821,851
20203,2005,morning rush (5-10),Slight,Daylight,1,Dry,Dual carriageway,30.0,Urban,Fine no high winds,2005,3.0,Not at or within 20 metres of junction,Reversing,Back,8821,108
20205,2005,afternoon rush (15-19),Slight,Daylight,1,Dry,Single carriageway,30.0,Urban,Fine no high winds,2005,7.0,Not at or within 20 metres of junction,Waiting to turn right,Offside,8821,195
20206,2005,office hours (10-15),Slight,Daylight,1,Dry,Single carriageway,30.0,Urban,Fine no high winds,2005,2.0,Approaching junction or waiting/parked at junction approach,Going ahead other,Front,8821,4763
20207,2005,afternoon rush (15-19),Slight,Daylight,1,Dry,Roundabout,30.0,Urban,Fine no high winds,2005,5.0,Approaching junction or waiting/parked at junction approach,Slowing or stopping,Back,8821,752
20209,2005,afternoon rush (15-19),Slight,Daylight,2,Dry,Dual carriageway,70.0,Rural,Fine no high winds,2005,1.0,Not at or within 20 metres of junction,Going ahead other,Offside,8821,4763
20212,2005,afternoon rush (15-19),Slight,Daylight,1,Dry,Dual carriageway,30.0,Urban,Fine no high winds,2005,8.0,Mid Junction - on roundabout or on main road,Overtaking - nearside,Front,8821,69
20214,2005,night (23-5),Serious,Darkness - lights lit,2,Dry,Single carriageway,30.0,Urban,Fine no high winds,2005,2.0,Approaching junction or waiting/parked at junction approach,Waiting to go - held up,Back,1105,851
20218,2005,office hours (10-15),Slight,Daylight,1,Dry,Single carriageway,30.0,Urban,Fine no high winds,2005,13.0,Cleared junction or waiting/parked at junction exit,Waiting to go - held up,Back,8821,851
20220,2005,afternoon rush (15-19),Slight,Daylight,1,Dry,Dual carriageway,40.0,Urban,Fine no high winds,2005,5.0,Mid Junction - on roundabout or on main road,Waiting to turn right,Front,8821,195
20221,2005,morning rush (5-10),Slight,Daylight,1,Dry,Roundabout,30.0,Urban,Fine no high winds,2005,8.0,Entering roundabout,Going ahead other,Front,8821,4763
20225,2005,afternoon rush (15-19),Slight,Daylight,2,Wet or damp,Dual carriageway,30.0,Rural,Raining no high winds,2005,7.0,Approaching junction or waiting/parked at junction approach,Going ahead other,Back,8821,4763
20226,2005,afternoon rush (15-19),Slight,Daylight,2,Wet or damp,Dual carriageway,30.0,Rural,Raining no high winds,2005,2.0,Cleared junction or waiting/parked at junction exit,Going ahead other,Front,8821,4763
20227,2005,morning rush (5-10),Slight,Daylight,1,Dry,One way street,30.0,Urban,Fine no high winds,2005,7.0,Not at or within 20 metres of junction,Waiting to go - held up,Front,8821,851
20229,2005,night (23-5),Slight,Darkness - lights lit,1,Dry,Single carriageway,30.0,Urban,Fine no high winds,2005,1.0,Mid Junction - on roundabout or on main road,Turning right,Front,8821,1223
20230,2005,night (23-5),Slight,Darkness - lights lit,1,Dry,Single carriageway,30.0,Urban,Fine no high winds,2005,7.0,Mid Junction - on roundabout or on main road,Moving off,Nearside,8821,251
20231,2005,office hours (10-15),Slight,Daylight,1,Dry,Dual carriageway,30.0,Urban,Fine no high winds,2005,3.0,Approaching junction or waiting/parked at junction approach,Going ahead other,Offside,8821,4763
20232,2005,morning rush (5-10),Slight,Daylight,1,Wet or damp,Single carriageway,30.0,Urban,Raining no high winds,2005,4.0,Approaching junction or waiting/parked at junction approach,Going ahead other,Nearside,8821,4763
20233,2005,evening (19-23),Slight,Daylight,1,Dry,Single carriageway,30.0,Urban,Fine no high winds,2005,7.0,Approaching junction or waiting/parked at junction approach,Going ahead other,Offside,8821,4763
20234,2005,morning rush (5-10),Slight,Daylight,1,Dry,Dual carriageway,40.0,Urban,Fine no high winds,2005,5.0,Cleared junction or waiting/parked at junction exit,Overtaking moving vehicle - offside,Offside,8821,171
20236,2005,night (23-5),Slight,Daylight,6,Dry,Single carriageway,30.0,Urban,Fine no high winds,2005,1.0,Mid Junction - on roundabout or on main road,Going ahead other,Front,8821,4763
20241,2005,office hours (10-15),Slight,Daylight,1,Dry,One way street,30.0,Urban,Fine no high winds,2005,11.0,Approaching junction or waiting/parked at junction approach,Going ahead other,Nearside,8821,4763
20244,2005,evening (19-23),Slight,Darkness - lights lit,1,Dry,Dual carriageway,60.0,Urban,Fine no high winds,2005,2.0,Entering main road,Turning right,Front,8821,1223
20246,2005,afternoon rush (15-19),Slight,Daylight,2,Dry,Single carriageway,30.0,Urban,Fine no high winds,2005,7.0,Approaching junction or waiting/parked at junction approach,Going ahead right-hand bend,Front,8821,242
20250,2005,evening (19-23),Slight,Darkness - lights lit,1,Dry,Single carriageway,20.0,Urban,Fine no high winds,2005,4.0,Not at or within 20 metres of junction,Going ahead other,Nearside,8821,4763
20252,2005,office hours (10-15),Slight,Daylight,1,Wet or damp,Roundabout,30.0,Rural,Raining no high winds,2005,1.0,Mid Junction - on roundabout or on main road,Going ahead other,Did not impact,8821,4763
20254,2005,night (23-5),Serious,Darkness - lights lit,2,Dry,Single carriageway,30.0,Urban,Fine no high winds,2005,1.0,Not at or within 20 metres of junction,Going ahead other,Front,1105,4763
20255,2005,morning rush (5-10),Slight,Daylight,1,Dry,Dual carriageway,30.0,Urban,Fine no high winds,2005,9.0,Cleared junction or waiting/parked at junction exit,Waiting to turn right,Back,8821,195
20259,2005,office hours (10-15),Serious,Daylight,1,Dry,Single carriageway,30.0,Urban,Fine no high winds,2005,8.0,Mid Junction - on roundabout or on main road,Waiting to turn left,Did not impact,1105,57