Crash_Ref_Number,Crash_Year,Daytime,Accident_Severity,Light_Conditions,Number_of_Casualties,Road_Surface_Conditions,Road_Type,Speed_limit,Urban_or_Rural_Area,Weather_Conditions,Crash_Year,Age_of_Vehicle,Junction_Location,Vehicle_Manoeuvre,First_Point_of_Impact,count1,count
20537,2005,morning rush (5-10),Slight,Darkness - lights lit,3,Wet or damp,Dual carriageway,70.0,Rural,Raining no high winds,2005,8.0,Not at or within 20 metres of junction,Going ahead other,Front,8821,4763
20538,2005,office hours (10-15),Slight,Daylight,2,Wet or damp,Single carriageway,30.0,Urban,Fine no high winds,2005,4.0,Approaching junction or waiting/parked at junction approach,Going ahead other,Front,8821,4763
20539,2005,office hours (10-15),Slight,Daylight,2,Wet or damp,Single carriageway,30.0,Urban,Raining + high winds,2005,6.0,Not at or within 20 metres of junction,Slowing or stopping,Back,8821,752
20541,2005,afternoon rush (15-19),Slight,Daylight,3,Wet or damp,Dual carriageway,30.0,Rural,Raining no high winds,2005,4.0,Approaching junction or waiting/parked at junction approach,Going ahead other,Front,8821,4763
20544,2005,office hours (10-15),Slight,Daylight,1,Wet or damp,Single carriageway,30.0,Urban,Fine no high winds,2005,2.0,Approaching junction or waiting/parked at junction approach,Going ahead other,Front,8821,4763
20545,2005,office hours (10-15),Slight,Daylight,1,Wet or damp,Single carriageway,30.0,Urban,Fine no high winds,2005,6.0,Cleared junction or waiting/parked at junction exit,Turning right,Offside,8821,1223
20546,2005,morning rush (5-10),Slight,Daylight,1,Wet or damp,Single carriageway,60.0,Rural,Raining no high winds,2005,1.0,Approaching junction or waiting/parked at junction approach,Turning right,Front,8821,1223
20549,2005,morning rush (5-10),Slight,Darkness - lights unlit,1,Dry,Dual carriageway,60.0,Rural,Fine no high winds,2005,3.0,Approaching junction or waiting/parked at junction approach,Going ahead other,Did not impact,8821,4763
20551,2005,afternoon rush (15-19),Slight,Darkness - lights lit,1,Wet or damp,Dual carriageway,70.0,Rural,Raining + high winds,2005,5.0,Approaching junction or waiting/parked at junction approach,Slowing or stopping,Back,8821,752
20552,2005,evening (19-23),Slight,Darkness - lights lit,2,Wet or damp,Single carriageway,30.0,Urban,Raining + high winds,2005,7.0,Not at or within 20 metres of junction,Going ahead other,Nearside,8821,4763
20557,2005,afternoon rush (15-19),Slight,Darkness - lights lit,2,Wet or damp,Single carriageway,30.0,Rural,Raining no high winds,2005,8.0,Approaching junction or waiting/parked at junction approach,Going ahead other,Front,8821,4763
20560,2005,morning rush (5-10),Slight,Daylight,1,Wet or damp,Single carriageway,30.0,Rural,Fine no high winds,2005,7.0,Not at or within 20 metres of junction,Waiting to turn right,Nearside,8821,195
20561,2005,night (23-5),Slight,Darkness - lights lit,1,Wet or damp,Single carriageway,30.0,Urban,Fog or mist,2005,10.0,Approaching junction or waiting/parked at junction approach,Moving off,Front,8821,251
20567,2005,evening (19-23),Slight,Darkness - no lighting,1,Dry,Dual carriageway,70.0,Rural,Fine no high winds,2005,1.0,Not at or within 20 metres of junction,Going ahead other,Front,8821,4763
20568,2005,afternoon rush (15-19),Slight,Darkness - lights lit,1,Wet or damp,Single carriageway,30.0,Urban,Fine no high winds,2005,10.0,Not at or within 20 metres of junction,Going ahead other,Back,8821,4763
20569,2005,office hours (10-15),Serious,Daylight,1,Wet or damp,Single carriageway,30.0,Urban,Fine no high winds,2005,1.0,Mid Junction - on roundabout or on main road,Going ahead other,Front,1105,4763
20573,2005,evening (19-23),Slight,Darkness - lights lit,2,Wet or damp,Single carriageway,30.0,Urban,Fine no high winds,2005,12.0,Approaching junction or waiting/parked at junction approach,Waiting to go - held up,Front,8821,851
20574,2005,evening (19-23),Slight,Darkness - lights lit,1,Dry,Single carriageway,30.0,Urban,Fine no high winds,2005,1.0,Cleared junction or waiting/parked at junction exit,Going ahead other,Front,8821,4763
20578,2005,afternoon rush (15-19),Slight,Daylight,3,Dry,Dual carriageway,30.0,Rural,Fine no high winds,2005,2.0,Approaching junction or waiting/parked at junction approach,Going ahead other,Back,8821,4763
20581,2005,afternoon rush (15-19),Slight,Darkness - lights lit,3,Wet or damp,Dual carriageway,60.0,Rural,Fine no high winds,2005,1.0,Approaching junction or waiting/parked at junction approach,Waiting to go - held up,Back,8821,851
20582,2005,evening (19-23),Slight,Darkness - lights lit,5,Wet or damp,Dual carriageway,60.0,Rural,Raining no high winds,2005,2.0,Approaching junction or waiting/parked at junction approach,Waiting to go - held up,Back,8821,851
20583,2005,afternoon rush (15-19),Slight,Darkness - lights lit,2,Dry,Dual carriageway,60.0,Urban,Fine no high winds,2005,8.0,Mid Junction - on roundabout or on main road,Going ahead other,Front,8821,4763
20584,2005,night (23-5),Slight,Darkness - lights lit,1,Dry,Single carriageway,30.0,Urban,Fine no high winds,2005,7.0,Not at or within 20 metres of junction,Going ahead other,Front,8821,4763
20587,2005,afternoon rush (15-19),Slight,Darkness - lights lit,2,Dry,One way street,30.0,Urban,Fine no high winds,2005,10.0,Mid Junction - on roundabout or on main road,Going ahead other,Back,8821,4763
20590,2005,afternoon rush (15-19),Slight,Darkness - lights lit,3,Wet or damp,Dual carriageway,30.0,Urban,Fine no high winds,2005,4.0,Mid Junction - on roundabout or on main road,Moving off,Front,8821,251
20591,2005,afternoon rush (15-19),Slight,Darkness - lights lit,3,Wet or damp,Dual carriageway,30.0,Urban,Fine no high winds,2005,2.0,Mid Junction - on roundabout or on main road,Going ahead other,Front,8821,4763
20595,2005,afternoon rush (15-19),Slight,Daylight,1,Dry,Single carriageway,30.0,Urban,Fine no high winds,2005,2.0,Mid Junction - on roundabout or on main road,Going ahead other,Front,8821,4763
20597,2005,afternoon rush (15-19),Slight,Daylight,1,Dry,Roundabout,30.0,Urban,Fine no high winds,2005,13.0,Approaching junction or waiting/parked at junction approach,Slowing or stopping,Front,8821,752
20599,2005,afternoon rush (15-19),Slight,Darkness - no lighting,3,Wet or damp,Dual carriageway,60.0,Rural,Raining no high winds,2005,4.0,Not at or within 20 metres of junction,Going ahead other,Front,8821,4763
20600,2005,morning rush (5-10),Slight,Daylight,1,Wet or damp,Single carriageway,30.0,Urban,Raining + high winds,2005,6.0,Approaching junction or waiting/parked at junction approach,Waiting to go - held up,Front,8821,851
20602,2005,office hours (10-15),Slight,Daylight,2,Wet or damp,Single carriageway,30.0,Urban,Raining no high winds,2005,12.0,Approaching junction or waiting/parked at junction approach,Waiting to turn right,Back,8821,195
20604,2005,morning rush (5-10),Slight,Daylight,2,Wet or damp,Single carriageway,30.0,Urban,Raining + high winds,2005,4.0,Approaching junction or waiting/parked at junction approach,Going ahead other,Back,8821,4763
20607,2005,evening (19-23),Slight,Darkness - lights lit,1,Wet or damp,Single carriageway,30.0,Urban,Fine no high winds,2005,4.0,Entering main road,Moving off,Offside,8821,251
20608,2005,afternoon rush (15-19),Slight,Darkness - lights lit,1,Dry,Single carriageway,30.0,Urban,Fine no high winds,2005,15.0,Entering main road,Going ahead other,Offside,8821,4763
20609,2005,morning rush (5-10),Slight,Daylight,1,Dry,Single carriageway,30.0,Urban,Fine no high winds,2005,2.0,Mid Junction - on roundabout or on main road,Going ahead other,Did not impact,8821,4763
20612,2005,office hours (10-15),Slight,Daylight,1,Dry,Single carriageway,30.0,Urban,Fine no high winds,2005,2.0,Mid Junction - on roundabout or on main road,Going ahead other,Front,8821,4763
20613,2005,afternoon rush (15-19),Slight,Daylight,1,Dry,Single carriageway,30.0,Urban,Fine no high winds,2005,2.0,Cleared junction or waiting/parked at junction exit,Turning right,Front,8821,1223
20614,2005,morning rush (5-10),Slight,Daylight,3,Wet or damp,Dual carriageway,70.0,Rural,Fine no high winds,2005,12.0,Mid Junction - on roundabout or on main road,Going ahead other,Offside,8821,4763
20615,2005,evening (19-23),Serious,Darkness - lights lit,2,Dry,Single carriageway,30.0,Urban,Fine no high winds,2005,3.0,Cleared junction or waiting/parked at junction exit,Going ahead other,Front,1105,4763
20616,2005,night (23-5),Slight,Darkness - lights lit,3,Wet or damp,Single carriageway,40.0,Urban,Raining no high winds,2005,5.0,Entering main road,Turning right,Offside,8821,1223
20617,2005,office hours (10-15),Slight,Daylight,1,Wet or damp,Roundabout,30.0,Urban,Fine no high winds,2005,2.0,Leaving roundabout,Going ahead other,Did not impact,8821,4763
20624,2005,evening (19-23),Serious,Darkness - lights lit,3,Wet or damp,Dual carriageway,70.0,Rural,Fine + high winds,2005,7.0,Cleared junction or waiting/parked at junction exit,Slowing or stopping,Back,1105,752
20625,2005,morning rush (5-10),Slight,Daylight,1,Dry,Single carriageway,40.0,Rural,Fine no high winds,2005,8.0,Not at or within 20 metres of junction,Going ahead other,Front,8821,4763
20626,2005,morning rush (5-10),Slight,Darkness - lights lit,3,Dry,Dual carriageway,60.0,Urban,Fine no high winds,2005,8.0,Mid Junction - on roundabout or on main road,Going ahead other,Front,8821,4763
20628,2005,morning rush (5-10),Serious,Daylight,3,Frost or ice,Dual carriageway,70.0,Rural,Fine no high winds,2005,3.0,Not at or within 20 metres of junction,Going ahead other,Nearside,1105,4763
20629,2005,morning rush (5-10),Serious,Daylight,3,Frost or ice,Dual carriageway,70.0,Rural,Fine no high winds,2005,7.0,Not at or within 20 metres of junction,Going ahead other,Front,1105,4763
20630,2005,morning rush (5-10),Slight,Daylight,1,Dry,Single carriageway,30.0,Rural,Fine no high winds,2005,3.0,Not at or within 20 metres of junction,Moving off,Offside,8821,251
20632,2005,afternoon rush (15-19),Slight,Daylight,1,Dry,Dual carriageway,70.0,Rural,Fine no high winds,2005,1.0,Not at or within 20 metres of junction,Going ahead other,Front,8821,4763
20634,2005,afternoon rush (15-19),Slight,Daylight,5,Wet or damp,Single carriageway,30.0,Urban,Fine no high winds,2005,13.0,Approaching junction or waiting/parked at junction approach,Waiting to go - held up,Back,8821,851
20636,2005,morning rush (5-10),Serious,Daylight,1,Wet or damp,Dual carriageway,70.0,Rural,Fog or mist,2005,12.0,Mid Junction - on roundabout or on main road,Turning right,Offside,1105,1223
20637,2005,afternoon rush (15-19),Slight,Daylight,1,Dry,Single carriageway,30.0,Urban,Fine no high winds,2005,11.0,Approaching junction or waiting/parked at junction approach,Going ahead other,Front,8821,4763
20638,2005,afternoon rush (15-19),Slight,Daylight,1,Dry,Single carriageway,30.0,Urban,Fine no high winds,2005,5.0,Approaching junction or waiting/parked at junction approach,Reversing,Did not impact,8821,108
20639,2005,afternoon rush (15-19),Slight,Daylight,1,Dry,Single carriageway,30.0,Urban,Fine no high winds,2005,6.0,Approaching junction or waiting/parked at junction approach,Parked,Front,8821,309
20640,2005,night (23-5),Slight,Darkness - lights lit,2,Wet or damp,Single carriageway,30.0,Urban,Fine no high winds,2005,8.0,Mid Junction - on roundabout or on main road,Turning right,Nearside,8821,1223
20642,2005,morning rush (5-10),Slight,Daylight,1,Dry,Single carriageway,60.0,Rural,Fine no high winds,2005,5.0,Approaching junction or waiting/parked at junction approach,Waiting to go - held up,Back,8821,851
20646,2005,office hours (10-15),Serious,Daylight,2,Dry,Single carriageway,30.0,Urban,Fine no high winds,2005,2.0,Approaching junction or waiting/parked at junction approach,Waiting to go - held up,Front,1105,851
20649,2005,afternoon rush (15-19),Slight,Daylight,1,Dry,Single carriageway,30.0,Urban,Fine no high winds,2005,5.0,Approaching junction or waiting/parked at junction approach,Waiting to go - held up,Front,8821,851
20652,2005,afternoon rush (15-19),Slight,Daylight,1,Dry,Single carriageway,30.0,Urban,Fine no high winds,2005,3.0,Not at or within 20 metres of junction,Going ahead other,Front,8821,4763
20654,2005,morning rush (5-10),Slight,Daylight,1,Dry,Dual carriageway,70.0,Rural,Fine no high winds,2005,13.0,Not at or within 20 metres of junction,Going ahead other,Nearside,8821,4763
20655,2005,afternoon rush (15-19),Slight,Daylight,2,Dry,Single carriageway,30.0,Urban,Fine no high winds,2005,4.0,Mid Junction - on roundabout or on main road,Going ahead other,Offside,8821,4763
20657,2005,afternoon rush (15-19),Slight,Daylight,2,Dry,Single carriageway,30.0,Urban,Fine no high winds,2005,5.0,Approaching junction or waiting/parked at junction approach,Waiting to go - held up,Back,8821,851
20662,2005,evening (19-23),Slight,Darkness - lights lit,4,Dry,Dual carriageway,60.0,Rural,Fine no high winds,2005,9.0,Cleared junction or waiting/parked at junction exit,Turning right,Front,8821,1223
20663,2005,evening (19-23),Slight,Darkness - lights lit,4,Dry,Dual carriageway,60.0,Rural,Fine no high winds,2005,3.0,Cleared junction or waiting/parked at junction exit,Turning right,Back,8821,1223
20665,2005,afternoon rush (15-19),Slight,Daylight,1,Dry,Single carriageway,30.0,Urban,Fine no high winds,2005,2.0,Not at or within 20 metres of junction,Going ahead other,Front,8821,4763
20667,2005,afternoon rush (15-19),Slight,Daylight,2,Dry,Single carriageway,30.0,Urban,Fine no high winds,2005,2.0,Approaching junction or waiting/parked at junction approach,Going ahead other,Back,8821,4763
20669,2005,morning rush (5-10),Slight,Daylight,2,Dry,Dual carriageway,60.0,Urban,Fine no high winds,2005,1.0,Not at or within 20 metres of junction,Going ahead other,Front,8821,4763
20670,2005,office hours (10-15),Slight,Daylight,2,Dry,Single carriageway,30.0,Rural,Fine no high winds,2005,1.0,Approaching junction or waiting/parked at junction approach,Waiting to turn left,Back,8821,57
20671,2005,office hours (10-15),Slight,Daylight,1,Dry,Single carriageway,30.0,Urban,Fine no high winds,2005,2.0,Mid Junction - on roundabout or on main road,Going ahead other,Front,8821,4763
20672,2005,night (23-5),Slight,Darkness - lights lit,1,Dry,Single carriageway,30.0,Urban,Fine no high winds,2005,6.0,Not at or within 20 metres of junction,Going ahead other,Front,8821,4763
20673,2005,morning rush (5-10),Slight,Daylight,1,Dry,Dual carriageway,70.0,Rural,Fine no high winds,2005,3.0,Not at or within 20 metres of junction,Going ahead other,Front,8821,4763
20676,2005,night (23-5),Slight,Darkness - lights lit,1,Wet or damp,Single carriageway,30.0,Rural,Raining no high winds,2005,11.0,Approaching junction or waiting/parked at junction approach,Waiting to turn right,Offside,8821,195
20677,2005,afternoon rush (15-19),Slight,Daylight,1,Dry,One way street,30.0,Urban,Fine no high winds,2005,1.0,Approaching junction or waiting/parked at junction approach,Going ahead other,Nearside,8821,4763
20681,2005,evening (19-23),Fatal,Darkness - lights lit,1,Dry,Dual carriageway,60.0,Urban,Fine no high winds,2005,7.0,Cleared junction or waiting/parked at junction exit,Going ahead other,Front,73,4763
20684,2005,morning rush (5-10),Slight,Daylight,1,Dry,Single carriageway,30.0,Urban,Fine no high winds,2005,1.0,Mid Junction - on roundabout or on main road,Turning right,Offside,8821,1223
20685,2005,morning rush (5-10),Slight,Daylight,2,Wet or damp,Single carriageway,30.0,Urban,Fine no high winds,2005,7.0,Mid Junction - on roundabout or on main road,Turning right,Offside,8821,1223
20686,2005,afternoon rush (15-19),Slight,Daylight,1,Wet or damp,Single carriageway,30.0,Urban,Fine no high winds,2005,10.0,Approaching junction or waiting/parked at junction approach,Going ahead other,Front,8821,4763
20690,2005,afternoon rush (15-19),Slight,Daylight,1,Dry,Single carriageway,30.0,Urban,Fine no high winds,2005,2.0,Mid Junction - on roundabout or on main road,Going ahead other,Front,8821,4763
20691,2005,afternoon rush (15-19),Slight,Daylight,1,Dry,Single carriageway,30.0,Urban,Fine no high winds,2005,1.0,Mid Junction - on roundabout or on main road,Waiting to go - held up,Back,8821,851
20692,2005,office hours (10-15),Slight,Daylight,1,Dry,Single carriageway,30.0,Urban,Fine no high winds,2005,14.0,Mid Junction - on roundabout or on main road,Going ahead other,Front,8821,4763
20694,2005,office hours (10-15),Slight,Daylight,5,Dry,Dual carriageway,30.0,Urban,Fine no high winds,2005,12.0,Approaching junction or waiting/parked at junction approach,Moving off,Back,8821,251
20696,2005,afternoon rush (15-19),Slight,Daylight,2,Dry,Dual carriageway,40.0,Urban,Fine no high winds,2005,1.0,Approaching junction or waiting/parked at junction approach,Waiting to go - held up,Back,8821,851
20698,2005,afternoon rush (15-19),Serious,Daylight,1,Dry,Single carriageway,30.0,Urban,Fine no high winds,2005,7.0,Not at or within 20 metres of junction,Going ahead other,Offside,1105,4763
20700,2005,afternoon rush (15-19),Slight,Daylight,2,Dry,Single carriageway,30.0,Urban,Fine no high winds,2005,8.0,Mid Junction - on roundabout or on main road,Going ahead other,Front,8821,4763
20701,2005,afternoon rush (15-19),Slight,Daylight,2,Dry,Single carriageway,30.0,Urban,Fine no high winds,2005,1.0,Mid Junction - on roundabout or on main road,Going ahead other,Front,8821,4763
20703,2005,office hours (10-15),Serious,Daylight,1,Dry,Dual carriageway,60.0,Rural,Fine no high winds,2005,11.0,Mid Junction - on roundabout or on main road,Going ahead other,Back,1105,4763
20704,2005,evening (19-23),Slight,Daylight,1,Wet or damp,Single carriageway,30.0,Urban,Raining no high winds,2005,5.0,Not at or within 20 metres of junction,Going ahead right-hand bend,Offside,8821,242
20705,2005,afternoon rush (15-19),Slight,Daylight,4,Dry,Single carriageway,30.0,Urban,Fine no high winds,2005,3.0,Not at or within 20 metres of junction,Reversing,Back,8821,108
20706,2005,office hours (10-15),Slight,Daylight,1,Dry,Single carriageway,30.0,Urban,Fine no high winds,2005,7.0,Mid Junction - on roundabout or on main road,Turning right,Offside,8821,1223
20707,2005,morning rush (5-10),Slight,Daylight,2,Wet or damp,Single carriageway,30.0,Urban,Fine no high winds,2005,10.0,Mid Junction - on roundabout or on main road,Going ahead other,Front,8821,4763
20708,2005,evening (19-23),Slight,Daylight,1,Dry,Single carriageway,30.0,Urban,Fine no high winds,2005,7.0,Mid Junction - on roundabout or on main road,Going ahead other,Offside,8821,4763
20709,2005,evening (19-23),Serious,Daylight,1,Dry,Single carriageway,60.0,Rural,Fine no high winds,2005,1.0,Not at or within 20 metres of junction,Going ahead other,Front,1105,4763
20710,2005,evening (19-23),Slight,Daylight,1,Dry,Dual carriageway,60.0,Rural,Fine no high winds,2005,8.0,Not at or within 20 metres of junction,Going ahead other,Did not impact,8821,4763
20713,2005,office hours (10-15),Slight,Daylight,1,Dry,Dual carriageway,60.0,Urban,Fine + high winds,2005,8.0,Not at or within 20 metres of junction,Going ahead other,Front,8821,4763
20715,2005,afternoon rush (15-19),Slight,Daylight,1,Dry,Single carriageway,30.0,Urban,Fine no high winds,2005,1.0,Approaching junction or waiting/parked at junction approach,Turning right,Front,8821,1223
20716,2005,afternoon rush (15-19),Slight,Daylight,1,Dry,Single carriageway,30.0,Urban,Fine no high winds,2005,2.0,Approaching junction or waiting/parked at junction approach,Going ahead other,Nearside,8821,4763
20719,2005,evening (19-23),Slight,Daylight,5,Dry,Dual carriageway,60.0,Rural,Fine no high winds,2005,2.0,Mid Junction - on roundabout or on main road,Going ahead other,Front,8821,4763
20727,2005,morning rush (5-10),Serious,Daylight,2,Dry,Single carriageway,30.0,Rural,Fine no high winds,2005,6.0,Not at or within 20 metres of junction,Going ahead left-hand bend,Front,1105,228
20728,2005,afternoon rush (15-19),Slight,Daylight,2,Dry,Single carriageway,30.0,Urban,Fine no high winds,2005,10.0,Mid Junction - on roundabout or on main road,Going ahead other,Offside,8821,4763
20729,2005,office hours (10-15),Slight,Daylight,1,Dry,Single carriageway,30.0,Urban,Fine no high winds,2005,2.0,Not at or within 20 metres of junction,Parked,Offside,8821,309
20731,2005,afternoon rush (15-19),Slight,Daylight,1,Dry,Single carriageway,30.0,Urban,Fine no high winds,2005,1.0,Mid Junction - on roundabout or on main road,Turning right,Front,8821,1223
20732,2005,office hours (10-15),Slight,Daylight,1,Dry,Single carriageway,30.0,Urban,Fine no high winds,2005,3.0,Not at or within 20 metres of junction,Slowing or stopping,Front,8821,752
20736,2005,afternoon rush (15-19),Slight,Daylight,3,Dry,Single carriageway,30.0,Urban,Fine no high winds,2005,12.0,Mid Junction - on roundabout or on main road,Going ahead other,Front,8821,4763
20741,2005,office hours (10-15),Slight,Daylight,4,Wet or damp,Single carriageway,30.0,Urban,Fine no high winds,2005,2.0,Mid Junction - on roundabout or on main road,Waiting to go - held up,Front,8821,851
20742,2005,office hours (10-15),Slight,Daylight,4,Wet or damp,Single carriageway,30.0,Urban,Fine no high winds,2005,11.0,Mid Junction - on roundabout or on main road,Waiting to turn right,Back,8821,195
20744,2005,afternoon rush (15-19),Slight,Daylight,2,Dry,Single carriageway,30.0,Urban,Fine no high winds,2005,1.0,Approaching junction or waiting/parked at junction approach,Going ahead other,Back,8821,4763
20749,2005,office hours (10-15),Serious,Daylight,1,Dry,Single carriageway,30.0,Rural,Fine no high winds,2005,5.0,Approaching junction or waiting/parked at junction approach,Going ahead other,Back,1105,4763
20750,2005,evening (19-23),Slight,Darkness - lights lit,2,Dry,Single carriageway,30.0,Urban,Fine no high winds,2005,8.0,Approaching junction or waiting/parked at junction approach,Going ahead other,Did not impact,8821,4763
20751,2005,afternoon rush (15-19),Slight,Daylight,1,Dry,Single carriageway,30.0,Urban,Fine no high winds,2005,14.0,Not at or within 20 metres of junction,Overtaking - nearside,Front,8821,69
20752,2005,afternoon rush (15-19),Slight,Daylight,1,Wet or damp,Roundabout,30.0,Urban,Fine no high winds,2005,12.0,Approaching junction or waiting/parked at junction approach,Turning right,Front,8821,1223
20754,2005,evening (19-23),Slight,Daylight,3,Dry,Dual carriageway,60.0,Rural,Fine no high winds,2005,9.0,Not at or within 20 metres of junction,Going ahead other,Back,8821,4763
20755,2005,afternoon rush (15-19),Slight,Daylight,2,Dry,Single carriageway,30.0,Urban,Fine no high winds,2005,2.0,Mid Junction - on roundabout or on main road,Going ahead other,Front,8821,4763
20756,2005,afternoon rush (15-19),Slight,Daylight,1,Dry,Roundabout,30.0,Rural,Fine no high winds,2005,1.0,Approaching junction or waiting/parked at junction approach,Waiting to go - held up,Back,8821,851
20758,2005,office hours (10-15),Slight,Daylight,1,Dry,Single carriageway,30.0,Urban,Fine no high winds,2005,1.0,Mid Junction - on roundabout or on main road,Going ahead other,Nearside,8821,4763
20759,2005,afternoon rush (15-19),Slight,Daylight,2,Dry,Single carriageway,30.0,Urban,Fine no high winds,2005,6.0,Approaching junction or waiting/parked at junction approach,Going ahead other,Front,8821,4763
20760,2005,afternoon rush (15-19),Slight,Daylight,2,Dry,Single carriageway,30.0,Urban,Fine no high winds,2005,9.0,Approaching junction or waiting/parked at junction approach,Waiting to turn right,Back,8821,195
20761,2005,morning rush (5-10),Slight,Daylight,1,Wet or damp,Single carriageway,30.0,Urban,Fine no high winds,2005,5.0,Mid Junction - on roundabout or on main road,Going ahead other,Offside,8821,4763
20762,2005,afternoon rush (15-19),Slight,Daylight,1,Dry,Roundabout,30.0,Rural,Fine no high winds,2005,7.0,Entering roundabout,Going ahead other,Nearside,8821,4763
20764,2005,afternoon rush (15-19),Serious,Daylight,1,Dry,Single carriageway,30.0,Urban,Fine no high winds,2005,4.0,Mid Junction - on roundabout or on main road,Going ahead other,Nearside,1105,4763
20765,2005,night (23-5),Slight,Darkness - lights lit,1,Wet or damp,Single carriageway,30.0,Urban,Raining no high winds,2005,13.0,Cleared junction or waiting/parked at junction exit,Going ahead left-hand bend,Front,8821,228
20766,2005,office hours (10-15),Slight,Daylight,2,Dry,Single carriageway,60.0,Rural,Fine no high winds,2005,6.0,Not at or within 20 metres of junction,Going ahead other,Front,8821,4763
20770,2005,office hours (10-15),Slight,Daylight,1,Dry,Single carriageway,40.0,Urban,Fine no high winds,2005,7.0,Not at or within 20 metres of junction,Going ahead right-hand bend,Nearside,8821,242
20771,2005,office hours (10-15),Slight,Daylight,1,Dry,Single carriageway,30.0,Urban,Fine no high winds,2005,1.0,Approaching junction or waiting/parked at junction approach,Waiting to turn left,Back,8821,57
20772,2005,office hours (10-15),Serious,Daylight,1,Dry,Single carriageway,30.0,Urban,Fine no high winds,2005,5.0,Mid Junction - on roundabout or on main road,Going ahead other,Front,1105,4763
20773,2005,afternoon rush (15-19),Slight,Daylight,1,Dry,Single carriageway,30.0,Urban,Fine no high winds,2005,12.0,Approaching junction or waiting/parked at junction approach,Going ahead other,Did not impact,8821,4763
20774,2005,office hours (10-15),Slight,Daylight,2,Dry,Dual carriageway,70.0,Rural,Fine no high winds,2005,4.0,Approaching junction or waiting/parked at junction approach,Turning right,Front,8821,1223
20775,2005,office hours (10-15),Slight,Daylight,2,Dry,Dual carriageway,70.0,Rural,Fine no high winds,2005,5.0,Approaching junction or waiting/parked at junction approach,Going ahead other,Offside,8821,4763
20776,2005,office hours (10-15),Slight,Daylight,1,Dry,Single carriageway,30.0,Urban,Fine no high winds,2005,2.0,Cleared junction or waiting/parked at junction exit,Going ahead other,Front,8821,4763
20781,2005,morning rush (5-10),Slight,Daylight,1,Dry,Single carriageway,30.0,Urban,Fine no high winds,2005,2.0,Not at or within 20 metres of junction,Turning right,Front,8821,1223
20782,2005,morning rush (5-10),Slight,Daylight,1,Dry,Single carriageway,30.0,Urban,Fine no high winds,2005,4.0,Not at or within 20 metres of junction,Going ahead right-hand bend,Front,8821,242
20783,2005,evening (19-23),Slight,Daylight,1,Dry,Single carriageway,40.0,Urban,Fine no high winds,2005,3.0,Cleared junction or waiting/parked at junction exit,Waiting to go - held up,Back,8821,851
20785,2005,afternoon rush (15-19),Slight,Daylight,3,Dry,Single carriageway,30.0,Urban,Fine no high winds,2005,5.0,Approaching junction or waiting/parked at junction approach,Going ahead other,Nearside,8821,4763
20786,2005,office hours (10-15),Slight,Daylight,2,Dry,Single carriageway,30.0,Urban,Fine no high winds,2005,1.0,Mid Junction - on roundabout or on main road,Turning right,Front,8821,1223
20789,2005,morning rush (5-10),Slight,Daylight,2,Dry,Single carriageway,30.0,Rural,Fine no high winds,2005,12.0,Approaching junction or waiting/parked at junction approach,Slowing or stopping,Front,8821,752
20790,2005,office hours (10-15),Slight,Daylight,2,Dry,Single carriageway,30.0,Urban,Fine no high winds,2005,9.0,Not at or within 20 metres of junction,Going ahead other,Offside,8821,4763
20791,2005,office hours (10-15),Slight,Daylight,1,Dry,Dual carriageway,60.0,Urban,Fine no high winds,2005,2.0,Approaching junction or waiting/parked at junction approach,Going ahead other,Front,8821,4763
20792,2005,afternoon rush (15-19),Slight,Daylight,1,Dry,Single carriageway,30.0,Urban,Fine no high winds,2005,2.0,Leaving main road,Turning left,Offside,8821,324
20794,2005,afternoon rush (15-19),Slight,Daylight,2,Wet or damp,Single carriageway,30.0,Urban,Raining no high winds,2005,10.0,Approaching junction or waiting/parked at junction approach,Going ahead other,Front,8821,4763
20796,2005,evening (19-23),Slight,Darkness - lights lit,2,Wet or damp,Dual carriageway,60.0,Rural,Fine no high winds,2005,8.0,Mid Junction - on roundabout or on main road,Going ahead other,Front,8821,4763
20797,2005,office hours (10-15),Slight,Daylight,2,Wet or damp,Dual carriageway,70.0,Urban,Raining no high winds,2005,9.0,Mid Junction - on roundabout or on main road,Going ahead other,Offside,8821,4763
20799,2005,office hours (10-15),Slight,Daylight,2,Dry,Slip road,30.0,Rural,Fine no high winds,2005,5.0,Entering main road,Waiting to go - held up,Back,8821,851
20800,2005,afternoon rush (15-19),Slight,Daylight,1,Wet or damp,Single carriageway,30.0,Urban,Raining no high winds,2005,19.0,Entering main road,Going ahead other,Offside,8821,4763
20801,2005,afternoon rush (15-19),Slight,Daylight,1,Wet or damp,Single carriageway,30.0,Urban,Raining no high winds,2005,2.0,Approaching junction or waiting/parked at junction approach,Going ahead other,Front,8821,4763
20802,2005,evening (19-23),Slight,Darkness - lights lit,1,Dry,Single carriageway,30.0,Urban,Fine no high winds,2005,13.0,Approaching junction or waiting/parked at junction approach,Going ahead other,Front,8821,4763