Crash_Ref_Number,Crash_Year,Daytime,Accident_Severity,Light_Conditions,Number_of_Casualties,Road_Surface_Conditions,Road_Type,Speed_limit,Urban_or_Rural_Area,Weather_Conditions,Crash_Year,Age_of_Vehicle,Junction_Location,Vehicle_Manoeuvre,First_Point_of_Impact,count1,count
21393,2005,morning rush (5-10),Slight,Daylight,1,Dry,Single carriageway,30.0,Urban,Fine no high winds,2005,8.0,Approaching junction or waiting/parked at junction approach,Moving off,Offside,8821,251
21395,2005,evening (19-23),Slight,Daylight,2,Wet or damp,Roundabout,30.0,Urban,Raining no high winds,2005,3.0,Entering roundabout,Waiting to go - held up,Back,8821,851
21396,2005,morning rush (5-10),Slight,Daylight,1,Dry,Dual carriageway,40.0,Urban,Fine + high winds,2005,2.0,Not at or within 20 metres of junction,Changing lane to left,Front,8821,76
21397,2005,night (23-5),Slight,Darkness - lights lit,1,Dry,Single carriageway,30.0,Urban,Fine no high winds,2005,7.0,Approaching junction or waiting/parked at junction approach,Going ahead other,Front,8821,4763
21399,2005,office hours (10-15),Slight,Daylight,1,Dry,Single carriageway,20.0,Urban,Fine no high winds,2005,13.0,Mid Junction - on roundabout or on main road,Turning left,Did not impact,8821,324
21401,2005,afternoon rush (15-19),Slight,Daylight,1,Dry,Single carriageway,30.0,Urban,Fine no high winds,2005,1.0,Cleared junction or waiting/parked at junction exit,Turning left,Front,8821,324
21402,2005,afternoon rush (15-19),Serious,Daylight,1,Dry,Single carriageway,30.0,Urban,Fine no high winds,2005,7.0,Approaching junction or waiting/parked at junction approach,Going ahead other,Front,1105,4763
21408,2005,office hours (10-15),Slight,Daylight,1,Dry,Dual carriageway,30.0,Urban,Fine no high winds,2005,15.0,Approaching junction or waiting/parked at junction approach,Waiting to go - held up,Back,8821,851
21411,2005,afternoon rush (15-19),Slight,Daylight,1,Wet or damp,Single carriageway,30.0,Urban,Fine no high winds,2005,12.0,Approaching junction or waiting/parked at junction approach,Going ahead other,Offside,8821,4763
21412,2005,office hours (10-15),Slight,Daylight,1,Dry,Dual carriageway,30.0,Urban,Fine no high winds,2005,2.0,Approaching junction or waiting/parked at junction approach,Waiting to turn left,Back,8821,57
21414,2005,office hours (10-15),Slight,Daylight,1,Wet or damp,Dual carriageway,30.0,Urban,Raining no high winds,2005,2.0,Not at or within 20 metres of junction,Going ahead other,Nearside,8821,4763
21415,2005,afternoon rush (15-19),Slight,Daylight,1,Dry,Dual carriageway,30.0,Urban,Fine no high winds,2005,10.0,Mid Junction - on roundabout or on main road,Going ahead other,Front,8821,4763
21416,2005,morning rush (5-10),Slight,Daylight,2,Dry,Single carriageway,30.0,Urban,Fine no high winds,2005,1.0,Approaching junction or waiting/parked at junction approach,Going ahead other,Nearside,8821,4763
21419,2005,night (23-5),Slight,Daylight,1,Dry,Single carriageway,30.0,Urban,Fine no high winds,2005,5.0,Approaching junction or waiting/parked at junction approach,Going ahead other,Nearside,8821,4763
21423,2005,afternoon rush (15-19),Slight,Daylight,1,Dry,Dual carriageway,30.0,Urban,Fine no high winds,2005,6.0,Cleared junction or waiting/parked at junction exit,Waiting to go - held up,Back,8821,851
21425,2005,afternoon rush (15-19),Slight,Daylight,1,Dry,Dual carriageway,40.0,Urban,Fine no high winds,2005,7.0,Not at or within 20 metres of junction,Going ahead other,Front,8821,4763
21426,2005,afternoon rush (15-19),Slight,Daylight,1,Dry,Dual carriageway,40.0,Urban,Fine no high winds,2005,4.0,Not at or within 20 metres of junction,Going ahead other,Front,8821,4763
21428,2005,night (23-5),Slight,Darkness - lights lit,4,Dry,One way street,30.0,Urban,Fine no high winds,2005,6.0,Mid Junction - on roundabout or on main road,Parked,Nearside,8821,309
21430,2005,office hours (10-15),Slight,Daylight,1,Dry,Roundabout,30.0,Urban,Fine no high winds,2005,4.0,Entering roundabout,Going ahead other,Nearside,8821,4763
21441,2005,office hours (10-15),Slight,Daylight,1,Wet or damp,Single carriageway,30.0,Urban,Raining no high winds,2005,4.0,Cleared junction or waiting/parked at junction exit,U-turn,Offside,8821,146
21442,2005,morning rush (5-10),Serious,Daylight,1,Dry,Dual carriageway,30.0,Urban,Fine no high winds,2005,2.0,Approaching junction or waiting/parked at junction approach,U-turn,Back,1105,146
21443,2005,night (23-5),Slight,Darkness - lights lit,1,Dry,Single carriageway,30.0,Urban,Fine no high winds,2005,6.0,Cleared junction or waiting/parked at junction exit,Going ahead other,Front,8821,4763
21445,2005,afternoon rush (15-19),Slight,Daylight,3,Dry,Dual carriageway,30.0,Urban,Fine no high winds,2005,6.0,Approaching junction or waiting/parked at junction approach,Slowing or stopping,Front,8821,752
21446,2005,evening (19-23),Slight,Daylight,1,Dry,Single carriageway,30.0,Urban,Fine no high winds,2005,3.0,Mid Junction - on roundabout or on main road,Going ahead other,Offside,8821,4763
21448,2005,evening (19-23),Slight,Daylight,2,Dry,Single carriageway,30.0,Urban,Fine no high winds,2005,1.0,Mid Junction - on roundabout or on main road,Going ahead other,Front,8821,4763
21449,2005,evening (19-23),Slight,Daylight,2,Dry,Single carriageway,30.0,Urban,Fine no high winds,2005,1.0,Mid Junction - on roundabout or on main road,Turning right,Offside,8821,1223
21450,2005,office hours (10-15),Slight,Daylight,2,Dry,Roundabout,30.0,Urban,Fine no high winds,2005,3.0,Leaving roundabout,Going ahead other,Back,8821,4763
21451,2005,office hours (10-15),Slight,Daylight,1,Dry,Roundabout,30.0,Urban,Fine no high winds,2005,7.0,Entering roundabout,Waiting to turn right,Back,8821,195
21453,2005,afternoon rush (15-19),Slight,Daylight,1,Snow,Dual carriageway,40.0,Urban,Raining no high winds,2005,10.0,Approaching junction or waiting/parked at junction approach,Going ahead other,Front,8821,4763
21454,2005,afternoon rush (15-19),Slight,Daylight,1,Dry,Dual carriageway,30.0,Urban,Fine no high winds,2005,17.0,Approaching junction or waiting/parked at junction approach,Slowing or stopping,Back,8821,752
21461,2005,morning rush (5-10),Slight,Daylight,1,Dry,Dual carriageway,30.0,Urban,Fine no high winds,2005,1.0,Approaching junction or waiting/parked at junction approach,Turning right,Did not impact,8821,1223
21464,2005,office hours (10-15),Slight,Daylight,2,Dry,Single carriageway,30.0,Urban,Fine no high winds,2005,5.0,Approaching junction or waiting/parked at junction approach,Slowing or stopping,Back,8821,752
21465,2005,office hours (10-15),Slight,Daylight,1,Dry,Single carriageway,30.0,Urban,Fine no high winds,2005,5.0,Approaching junction or waiting/parked at junction approach,Going ahead other,Offside,8821,4763
21466,2005,morning rush (5-10),Slight,Daylight,1,Dry,Single carriageway,30.0,Urban,Fine no high winds,2005,4.0,Cleared junction or waiting/parked at junction exit,Going ahead other,Front,8821,4763
21468,2005,morning rush (5-10),Slight,Daylight,1,Dry,Roundabout,30.0,Urban,Fine no high winds,2005,6.0,Mid Junction - on roundabout or on main road,Waiting to go - held up,Front,8821,851
21469,2005,evening (19-23),Slight,Darkness - lights lit,1,Dry,Dual carriageway,30.0,Urban,Fine no high winds,2005,8.0,Approaching junction or waiting/parked at junction approach,Going ahead other,Front,8821,4763
21470,2005,afternoon rush (15-19),Slight,Daylight,5,Wet or damp,Single carriageway,30.0,Urban,Fine no high winds,2005,6.0,Not at or within 20 metres of junction,Going ahead other,Front,8821,4763
21475,2005,afternoon rush (15-19),Slight,Daylight,1,Dry,Single carriageway,30.0,Urban,Fine no high winds,2005,9.0,Approaching junction or waiting/parked at junction approach,Waiting to go - held up,Back,8821,851
21476,2005,office hours (10-15),Slight,Daylight,1,Dry,Single carriageway,30.0,Urban,Fine no high winds,2005,7.0,Approaching junction or waiting/parked at junction approach,Going ahead other,Front,8821,4763
21477,2005,afternoon rush (15-19),Slight,Daylight,1,Dry,Dual carriageway,30.0,Urban,Fine no high winds,2005,8.0,Not at or within 20 metres of junction,Parked,Offside,8821,309
21478,2005,evening (19-23),Slight,Daylight,1,Dry,Single carriageway,30.0,Urban,Fine no high winds,2005,7.0,Approaching junction or waiting/parked at junction approach,Going ahead other,Front,8821,4763
21483,2005,office hours (10-15),Slight,Daylight,1,Dry,Single carriageway,30.0,Urban,Fine + high winds,2005,1.0,Approaching junction or waiting/parked at junction approach,Reversing,Back,8821,108
21484,2005,afternoon rush (15-19),Slight,Daylight,2,Dry,Single carriageway,30.0,Urban,Fine no high winds,2005,6.0,Approaching junction or waiting/parked at junction approach,Overtaking moving vehicle - offside,Nearside,8821,171
21485,2005,afternoon rush (15-19),Slight,Daylight,2,Dry,Single carriageway,30.0,Urban,Fine no high winds,2005,2.0,Approaching junction or waiting/parked at junction approach,Turning right,Offside,8821,1223
21489,2005,afternoon rush (15-19),Serious,Daylight,1,Dry,Single carriageway,30.0,Urban,Fine no high winds,2005,1.0,Not at or within 20 metres of junction,Moving off,Did not impact,1105,251
21490,2005,afternoon rush (15-19),Slight,Daylight,2,Dry,Dual carriageway,30.0,Urban,Fine no high winds,2005,4.0,Mid Junction - on roundabout or on main road,Going ahead other,Nearside,8821,4763
21497,2005,office hours (10-15),Slight,Daylight,1,Dry,Single carriageway,30.0,Urban,Fine no high winds,2005,1.0,Approaching junction or waiting/parked at junction approach,Going ahead other,Front,8821,4763
21499,2005,evening (19-23),Slight,Daylight,1,Dry,Dual carriageway,30.0,Urban,Fine no high winds,2005,1.0,Mid Junction - on roundabout or on main road,Going ahead other,Offside,8821,4763
21500,2005,night (23-5),Slight,Darkness - lights lit,2,Dry,Dual carriageway,40.0,Urban,Fine no high winds,2005,2.0,Cleared junction or waiting/parked at junction exit,Going ahead other,Front,8821,4763
21502,2005,evening (19-23),Slight,Daylight,2,Dry,Single carriageway,30.0,Urban,Fine no high winds,2005,11.0,Approaching junction or waiting/parked at junction approach,Going ahead other,Offside,8821,4763
21503,2005,evening (19-23),Slight,Daylight,2,Dry,Single carriageway,30.0,Urban,Fine no high winds,2005,4.0,Mid Junction - on roundabout or on main road,Waiting to turn left,Offside,8821,57
21504,2005,afternoon rush (15-19),Slight,Daylight,2,Dry,Single carriageway,30.0,Urban,Fine no high winds,2005,6.0,Approaching junction or waiting/parked at junction approach,Going ahead other,Back,8821,4763
21507,2005,afternoon rush (15-19),Slight,Daylight,1,Dry,Single carriageway,30.0,Urban,Fine no high winds,2005,5.0,Not at or within 20 metres of junction,Going ahead other,Offside,8821,4763
21509,2005,afternoon rush (15-19),Slight,Daylight,1,Dry,Single carriageway,30.0,Urban,Fine no high winds,2005,7.0,Not at or within 20 metres of junction,Reversing,Back,8821,108
21510,2005,morning rush (5-10),Slight,Daylight,1,Dry,Single carriageway,30.0,Urban,Fine no high winds,2005,1.0,Not at or within 20 metres of junction,Going ahead other,Back,8821,4763
21511,2005,morning rush (5-10),Slight,Daylight,1,Dry,Single carriageway,30.0,Urban,Fine no high winds,2005,4.0,Approaching junction or waiting/parked at junction approach,Going ahead other,Nearside,8821,4763
21513,2005,afternoon rush (15-19),Slight,Daylight,1,Dry,Single carriageway,30.0,Urban,Fine no high winds,2005,6.0,Approaching junction or waiting/parked at junction approach,Waiting to go - held up,Back,8821,851
21514,2005,evening (19-23),Slight,Daylight,4,Dry,Single carriageway,30.0,Urban,Fine no high winds,2005,7.0,Mid Junction - on roundabout or on main road,Going ahead other,Back,8821,4763
21517,2005,office hours (10-15),Slight,Daylight,1,Dry,Single carriageway,30.0,Urban,Fine no high winds,2005,8.0,Not at or within 20 metres of junction,Going ahead other,Front,8821,4763
21518,2005,night (23-5),Serious,Darkness - lights lit,1,Dry,Single carriageway,30.0,Urban,Fine no high winds,2005,1.0,Cleared junction or waiting/parked at junction exit,Going ahead other,Did not impact,1105,4763
21519,2005,evening (19-23),Serious,Daylight,1,Dry,Single carriageway,30.0,Urban,Fine no high winds,2005,9.0,Not at or within 20 metres of junction,Going ahead other,Front,1105,4763
21520,2005,afternoon rush (15-19),Slight,Daylight,1,Dry,Single carriageway,30.0,Urban,Fine no high winds,2005,6.0,Approaching junction or waiting/parked at junction approach,Turning right,Front,8821,1223
21524,2005,afternoon rush (15-19),Slight,Daylight,1,Dry,Single carriageway,30.0,Urban,Fine no high winds,2005,10.0,Mid Junction - on roundabout or on main road,Turning right,Front,8821,1223
21525,2005,evening (19-23),Slight,Daylight,1,Wet or damp,Single carriageway,30.0,Urban,Fine no high winds,2005,6.0,Approaching junction or waiting/parked at junction approach,Going ahead other,Front,8821,4763
21526,2005,evening (19-23),Slight,Daylight,1,Wet or damp,Single carriageway,30.0,Urban,Fine no high winds,2005,4.0,Approaching junction or waiting/parked at junction approach,Waiting to go - held up,Back,8821,851
21528,2005,afternoon rush (15-19),Slight,Daylight,1,Wet or damp,Single carriageway,30.0,Urban,Raining no high winds,2005,1.0,Approaching junction or waiting/parked at junction approach,Going ahead other,Front,8821,4763
21529,2005,office hours (10-15),Slight,Daylight,4,Dry,Dual carriageway,30.0,Urban,Fine no high winds,2005,6.0,Approaching junction or waiting/parked at junction approach,Waiting to go - held up,Back,8821,851
21530,2005,office hours (10-15),Slight,Daylight,4,Wet or damp,Dual carriageway,30.0,Urban,Raining no high winds,2005,1.0,Mid Junction - on roundabout or on main road,Turning right,Nearside,8821,1223
21531,2005,office hours (10-15),Slight,Daylight,1,Dry,Single carriageway,30.0,Urban,Fine no high winds,2005,5.0,Not at or within 20 metres of junction,Turning right,Back,8821,1223
21535,2005,afternoon rush (15-19),Slight,Daylight,1,Dry,Single carriageway,30.0,Urban,Fine no high winds,2005,12.0,Approaching junction or waiting/parked at junction approach,Slowing or stopping,Back,8821,752
21538,2005,office hours (10-15),Slight,Daylight,1,Dry,Single carriageway,30.0,Urban,Fine no high winds,2005,10.0,Entering main road,Turning right,Front,8821,1223
21539,2005,evening (19-23),Slight,Daylight,3,Wet or damp,Single carriageway,30.0,Urban,Fine no high winds,2005,5.0,Mid Junction - on roundabout or on main road,Turning right,Offside,8821,1223
21541,2005,afternoon rush (15-19),Slight,Daylight,5,Dry,Dual carriageway,40.0,Urban,Fine no high winds,2005,9.0,Not at or within 20 metres of junction,Going ahead other,Front,8821,4763
21543,2005,afternoon rush (15-19),Slight,Daylight,1,Dry,Dual carriageway,30.0,Urban,Fine no high winds,2005,7.0,Approaching junction or waiting/parked at junction approach,Going ahead other,Offside,8821,4763
21545,2005,office hours (10-15),Slight,Daylight,1,Dry,Single carriageway,30.0,Urban,Fine no high winds,2005,4.0,Mid Junction - on roundabout or on main road,Going ahead other,Front,8821,4763
21546,2005,office hours (10-15),Slight,Daylight,1,Dry,Single carriageway,30.0,Urban,Fine no high winds,2005,13.0,Mid Junction - on roundabout or on main road,Turning right,Nearside,8821,1223
21547,2005,office hours (10-15),Slight,Daylight,1,Dry,Single carriageway,30.0,Urban,Fine no high winds,2005,2.0,Not at or within 20 metres of junction,Going ahead other,Did not impact,8821,4763
21548,2005,office hours (10-15),Slight,Daylight,1,Wet or damp,Roundabout,30.0,Urban,Raining no high winds,2005,6.0,Approaching junction or waiting/parked at junction approach,Slowing or stopping,Back,8821,752
21550,2005,office hours (10-15),Slight,Daylight,1,Dry,Dual carriageway,30.0,Urban,Fine no high winds,2005,7.0,Mid Junction - on roundabout or on main road,Going ahead other,Did not impact,8821,4763
21553,2005,afternoon rush (15-19),Serious,Daylight,1,Dry,Dual carriageway,40.0,Urban,Fine no high winds,2005,2.0,Not at or within 20 metres of junction,Going ahead other,Nearside,1105,4763
21555,2005,office hours (10-15),Slight,Daylight,1,Dry,Dual carriageway,40.0,Urban,Fine no high winds,2005,2.0,Mid Junction - on roundabout or on main road,Going ahead other,Offside,8821,4763
21565,2005,afternoon rush (15-19),Slight,Daylight,2,Dry,Dual carriageway,40.0,Urban,Fine no high winds,2005,9.0,Mid Junction - on roundabout or on main road,Turning left,Front,8821,324
21567,2005,afternoon rush (15-19),Slight,Daylight,1,Dry,Single carriageway,30.0,Urban,Fine no high winds,2005,10.0,Not at or within 20 metres of junction,Parked,Back,8821,309
21574,2005,evening (19-23),Slight,Darkness - lights lit,1,Dry,Single carriageway,30.0,Urban,Fine no high winds,2005,4.0,Approaching junction or waiting/parked at junction approach,Going ahead other,Offside,8821,4763
21577,2005,night (23-5),Slight,Darkness - lights lit,3,Wet or damp,Single carriageway,30.0,Urban,Fine no high winds,2005,3.0,Not at or within 20 metres of junction,Going ahead other,Front,8821,4763
21579,2005,office hours (10-15),Slight,Daylight,2,Wet or damp,Single carriageway,30.0,Urban,Raining no high winds,2005,1.0,Approaching junction or waiting/parked at junction approach,Going ahead other,Back,8821,4763
21580,2005,office hours (10-15),Slight,Daylight,3,Wet or damp,Single carriageway,30.0,Urban,Fine no high winds,2005,1.0,Cleared junction or waiting/parked at junction exit,Going ahead other,Back,8821,4763
21581,2005,night (23-5),Slight,Darkness - lights lit,2,Dry,Dual carriageway,40.0,Urban,Fine no high winds,2005,2.0,Approaching junction or waiting/parked at junction approach,Going ahead other,Front,8821,4763
21582,2005,night (23-5),Slight,Darkness - lights lit,2,Dry,Dual carriageway,40.0,Urban,Fine no high winds,2005,7.0,Approaching junction or waiting/parked at junction approach,Going ahead other,Did not impact,8821,4763
21584,2005,office hours (10-15),Slight,Daylight,1,Dry,Single carriageway,30.0,Urban,Fine no high winds,2005,4.0,Approaching junction or waiting/parked at junction approach,Reversing,Back,8821,108
21585,2005,afternoon rush (15-19),Slight,Daylight,1,Dry,Single carriageway,30.0,Urban,Fine no high winds,2005,4.0,Mid Junction - on roundabout or on main road,Turning right,Nearside,8821,1223
21587,2005,afternoon rush (15-19),Slight,Daylight,1,Dry,Single carriageway,30.0,Urban,Fine no high winds,2005,3.0,Leaving main road,Turning right,Front,8821,1223
21589,2005,afternoon rush (15-19),Slight,Daylight,1,Dry,Single carriageway,30.0,Urban,Fine no high winds,2005,1.0,Cleared junction or waiting/parked at junction exit,Going ahead other,Front,8821,4763
21590,2005,afternoon rush (15-19),Slight,Daylight,1,Dry,Single carriageway,30.0,Urban,Fine no high winds,2005,4.0,Cleared junction or waiting/parked at junction exit,Slowing or stopping,Back,8821,752
21591,2005,evening (19-23),Serious,Darkness - lighting unknown,1,Wet or damp,Single carriageway,30.0,Urban,Raining no high winds,2005,14.0,Not at or within 20 metres of junction,Going ahead other,Did not impact,1105,4763
21596,2005,morning rush (5-10),Slight,Daylight,1,Dry,Dual carriageway,30.0,Urban,Fine no high winds,2005,9.0,Approaching junction or waiting/parked at junction approach,Waiting to go - held up,Back,8821,851
21598,2005,morning rush (5-10),Slight,Daylight,1,Dry,Single carriageway,30.0,Urban,Fine no high winds,2005,5.0,Approaching junction or waiting/parked at junction approach,Waiting to go - held up,Did not impact,8821,851
21600,2005,evening (19-23),Slight,Daylight,1,Dry,Single carriageway,30.0,Urban,Fine no high winds,2005,3.0,Mid Junction - on roundabout or on main road,Going ahead other,Front,8821,4763
21601,2005,office hours (10-15),Slight,Daylight,2,Dry,Single carriageway,30.0,Urban,Fine no high winds,2005,10.0,Approaching junction or waiting/parked at junction approach,Waiting to turn left,Back,8821,57
21602,2005,evening (19-23),Slight,Daylight,1,Dry,Dual carriageway,30.0,Urban,Fine no high winds,2005,2.0,Approaching junction or waiting/parked at junction approach,Going ahead other,Front,8821,4763
21604,2005,office hours (10-15),Slight,Daylight,1,Wet or damp,Single carriageway,30.0,Urban,Raining no high winds,2005,5.0,Approaching junction or waiting/parked at junction approach,Turning left,Offside,8821,324
21607,2005,afternoon rush (15-19),Slight,Daylight,1,Dry,Single carriageway,30.0,Urban,Fine no high winds,2005,1.0,Approaching junction or waiting/parked at junction approach,Going ahead other,Front,8821,4763
21608,2005,afternoon rush (15-19),Slight,Daylight,1,Dry,Single carriageway,30.0,Urban,Fine no high winds,2005,4.0,Approaching junction or waiting/parked at junction approach,Waiting to go - held up,Back,8821,851
21614,2005,afternoon rush (15-19),Slight,Daylight,1,Dry,Dual carriageway,30.0,Urban,Fine no high winds,2005,7.0,Approaching junction or waiting/parked at junction approach,Turning left,Front,8821,324
21620,2005,afternoon rush (15-19),Slight,Daylight,1,Dry,Dual carriageway,30.0,Urban,Fine no high winds,2005,3.0,Not at or within 20 metres of junction,Waiting to go - held up,Back,8821,851
21623,2005,office hours (10-15),Slight,Daylight,1,Wet or damp,Single carriageway,30.0,Urban,Raining no high winds,2005,3.0,Approaching junction or waiting/parked at junction approach,Going ahead other,Front,8821,4763
21625,2005,morning rush (5-10),Slight,Daylight,1,Dry,Single carriageway,30.0,Urban,Fine no high winds,2005,2.0,Mid Junction - on roundabout or on main road,Turning right,Nearside,8821,1223
21628,2005,morning rush (5-10),Serious,Daylight,1,Wet or damp,Single carriageway,30.0,Urban,Raining + high winds,2005,2.0,Mid Junction - on roundabout or on main road,Going ahead other,Offside,1105,4763
21629,2005,office hours (10-15),Serious,Daylight,1,Dry,Roundabout,30.0,Urban,Fine no high winds,2005,1.0,Leaving roundabout,Turning left,Front,1105,324
21633,2005,afternoon rush (15-19),Slight,Darkness - lights lit,1,Wet or damp,Single carriageway,30.0,Urban,Raining no high winds,2005,2.0,Entering main road,Turning right,Offside,8821,1223
21639,2005,night (23-5),Slight,Darkness - lights lit,2,Wet or damp,Single carriageway,30.0,Urban,Raining no high winds,2005,10.0,Approaching junction or waiting/parked at junction approach,Slowing or stopping,Front,8821,752
21640,2005,afternoon rush (15-19),Slight,Darkness - lights lit,1,Wet or damp,Single carriageway,30.0,Urban,Raining + high winds,2005,17.0,Approaching junction or waiting/parked at junction approach,Going ahead right-hand bend,Front,8821,242
21641,2005,afternoon rush (15-19),Slight,Darkness - lights lit,1,Wet or damp,Single carriageway,30.0,Urban,Raining + high winds,2005,11.0,Approaching junction or waiting/parked at junction approach,Waiting to go - held up,Did not impact,8821,851
21643,2005,office hours (10-15),Slight,Daylight,1,Dry,Single carriageway,30.0,Urban,Fine no high winds,2005,1.0,Approaching junction or waiting/parked at junction approach,Turning right,Back,8821,1223
21645,2005,morning rush (5-10),Slight,Daylight,3,Dry,Single carriageway,30.0,Urban,Fine no high winds,2005,8.0,Entering main road,Turning right,Offside,8821,1223
21648,2005,afternoon rush (15-19),Slight,Darkness - lights lit,1,Wet or damp,Dual carriageway,40.0,Urban,Fine no high winds,2005,1.0,Approaching junction or waiting/parked at junction approach,Waiting to go - held up,Back,8821,851
21649,2005,afternoon rush (15-19),Serious,Darkness - lights lit,4,Wet or damp,Single carriageway,30.0,Urban,Raining no high winds,2005,4.0,Approaching junction or waiting/parked at junction approach,Going ahead other,Front,1105,4763
21653,2005,morning rush (5-10),Slight,Daylight,3,Wet or damp,Single carriageway,30.0,Rural,Fine no high winds,2005,2.0,Mid Junction - on roundabout or on main road,Slowing or stopping,Front,8821,752
21658,2005,morning rush (5-10),Slight,Daylight,3,Wet or damp,Single carriageway,30.0,Urban,Raining + high winds,2005,8.0,Approaching junction or waiting/parked at junction approach,Waiting to go - held up,Back,8821,851
21660,2005,night (23-5),Serious,Darkness - lights lit,1,Wet or damp,Single carriageway,30.0,Urban,Raining + high winds,2005,3.0,Approaching junction or waiting/parked at junction approach,Overtaking - nearside,Nearside,1105,69
21661,2005,morning rush (5-10),Slight,Daylight,1,Wet or damp,Dual carriageway,30.0,Urban,Raining no high winds,2005,3.0,Approaching junction or waiting/parked at junction approach,Slowing or stopping,Front,8821,752
21662,2005,morning rush (5-10),Slight,Daylight,1,Wet or damp,Dual carriageway,30.0,Urban,Raining no high winds,2005,10.0,Approaching junction or waiting/parked at junction approach,Waiting to go - held up,Back,8821,851
21664,2005,office hours (10-15),Serious,Daylight,1,Wet or damp,Dual carriageway,30.0,Urban,Raining no high winds,2005,5.0,Approaching junction or waiting/parked at junction approach,Slowing or stopping,Did not impact,1105,752
21667,2005,office hours (10-15),Slight,Darkness - lights unlit,2,Wet or damp,Single carriageway,30.0,Urban,Fine no high winds,2005,2.0,Approaching junction or waiting/parked at junction approach,Going ahead other,Did not impact,8821,4763
21668,2005,afternoon rush (15-19),Slight,Darkness - lights lit,2,Dry,Dual carriageway,30.0,Urban,Fine no high winds,2005,2.0,Mid Junction - on roundabout or on main road,Going ahead other,Back,8821,4763
21669,2005,office hours (10-15),Slight,Daylight,3,Dry,Single carriageway,30.0,Urban,Fine no high winds,2005,2.0,Approaching junction or waiting/parked at junction approach,Turning left,Front,8821,324
21671,2005,office hours (10-15),Slight,Daylight,1,Dry,Single carriageway,30.0,Urban,Fine no high winds,2005,10.0,Not at or within 20 metres of junction,Going ahead other,Offside,8821,4763
21672,2005,morning rush (5-10),Slight,Daylight,1,Dry,Single carriageway,30.0,Urban,Fine no high winds,2005,5.0,Mid Junction - on roundabout or on main road,Turning right,Front,8821,1223
21674,2005,morning rush (5-10),Slight,Daylight,2,Dry,Dual carriageway,40.0,Urban,Fine no high winds,2005,9.0,Mid Junction - on roundabout or on main road,Turning right,Front,8821,1223
21675,2005,morning rush (5-10),Slight,Daylight,2,Dry,Dual carriageway,40.0,Urban,Fine no high winds,2005,1.0,Mid Junction - on roundabout or on main road,Going ahead other,Front,8821,4763
21677,2005,office hours (10-15),Slight,Daylight,3,Wet or damp,Single carriageway,30.0,Urban,Fine no high winds,2005,3.0,Approaching junction or waiting/parked at junction approach,Turning right,Nearside,8821,1223
21681,2005,afternoon rush (15-19),Slight,Darkness - lights lit,1,Dry,Single carriageway,30.0,Urban,Fine no high winds,2005,4.0,Not at or within 20 metres of junction,Overtaking static vehicle - offside,Offside,8821,147
21682,2005,office hours (10-15),Slight,Daylight,1,Wet or damp,Dual carriageway,40.0,Urban,Raining + high winds,2005,4.0,Approaching junction or waiting/parked at junction approach,Going ahead other,Nearside,8821,4763
21683,2005,office hours (10-15),Slight,Daylight,1,Wet or damp,Dual carriageway,40.0,Urban,Raining + high winds,2005,15.0,Approaching junction or waiting/parked at junction approach,Turning right,Nearside,8821,1223
21684,2005,morning rush (5-10),Serious,Daylight,2,Wet or damp,Single carriageway,30.0,Urban,Fine + high winds,2005,6.0,Mid Junction - on roundabout or on main road,Going ahead other,Nearside,1105,4763
21686,2005,afternoon rush (15-19),Slight,Daylight,1,Dry,Single carriageway,30.0,Urban,Fine no high winds,2005,11.0,Mid Junction - on roundabout or on main road,Turning right,Front,8821,1223
21687,2005,office hours (10-15),Slight,Daylight,1,Wet or damp,Roundabout,30.0,Urban,Fog or mist,2005,2.0,Mid Junction - on roundabout or on main road,Going ahead other,Front,8821,4763
21688,2005,office hours (10-15),Slight,Daylight,1,Wet or damp,Roundabout,30.0,Urban,Fog or mist,2005,1.0,Mid Junction - on roundabout or on main road,Turning right,Nearside,8821,1223
21689,2005,morning rush (5-10),Serious,Darkness - lights lit,2,Wet or damp,Dual carriageway,30.0,Urban,Fine no high winds,2005,5.0,Approaching junction or waiting/parked at junction approach,Going ahead other,Front,1105,4763
21693,2005,office hours (10-15),Slight,Daylight,1,Frost or ice,Single carriageway,30.0,Urban,Fog or mist,2005,11.0,Not at or within 20 metres of junction,Going ahead right-hand bend,Front,8821,242
21698,2005,afternoon rush (15-19),Slight,Daylight,2,Dry,Dual carriageway,40.0,Urban,Fine no high winds,2005,3.0,Not at or within 20 metres of junction,Slowing or stopping,Front,8821,752
21700,2005,morning rush (5-10),Slight,Daylight,1,Dry,Single carriageway,30.0,Urban,Fine no high winds,2005,3.0,Approaching junction or waiting/parked at junction approach,Going ahead other,Front,8821,4763
21701,2005,evening (19-23),Slight,Daylight,2,Dry,Single carriageway,30.0,Urban,Fine no high winds,2005,7.0,Mid Junction - on roundabout or on main road,Going ahead other,Front,8821,4763